{"title": "Обратная связь для сообщений о фактах коррупции — Противодействие коррупции — Национальный исследовательский университет «Высшая школа экономики»", "description": "", "url": "https://www.hse.ru/anticorruption/contacts", "data": [{"level": "2", "text": "Противодействие коррупции", "response": []}, {"level": "1", "text": "Обратная связь для сообщений о фактах коррупции", "response": ["Обращения граждан в НИУ ВШЭ", "Положениe о порядке сообщения работниками и обучающимися Национального исследовательского университета «Высшая школа экономики» о фактах обращения в целях склонения их к совершению коррупционных правонарушений"]}], "links": ["http://www.hse.ru/appeal/", "https://www.hse.ru/docs/403076962.html"], "text": ["Обратная связь для сообщений о фактах коррупцииОбращения граждан в НИУ ВШЭ", "Положениe о порядке сообщения работниками и обучающимися Национального исследовательского университета «Высшая школа экономики» о фактах обращения в целях склонения их к совершению коррупционных правонарушений"]}