{"title": "Социология – Новости – Научно-образовательный портал IQ – Национальный исследовательский университет «Высшая школа экономики»", "description": "", "url": "https://iq.hse.ru/news/sociology/", "data": [{"level": "1", "text": "Научно-образовательныйпортал IQ", "response": []}], "links": ["https://iq.hse.ru/", "https://iq.hse.ru/en/news/", "https://iq.hse.ru/news/", "https://iq.hse.ru/news/895989851.html", "https://iq.hse.ru/news/896586293.html", "https://iq.hse.ru/news/896957467.html", "https://iq.hse.ru/news/899943598.html", "https://iq.hse.ru/news/899972285.html", "https://iq.hse.ru/news/900014977.html", "https://iq.hse.ru/news/900894921.html", "https://iq.hse.ru/news/904870679.html", "https://iq.hse.ru/news/909276088.html", "https://iq.hse.ru/news/911726341.html", "https://iq.hse.ru/news/916845246.html", "https://iq.hse.ru/news/917939509.html", "https://iq.hse.ru/news/article/", "https://iq.hse.ru/news/curiousstats/", "https://iq.hse.ru/news/economics/", "https://iq.hse.ru/news/education/", "https://iq.hse.ru/news/faq/", "https://iq.hse.ru/news/geogrpahy/", "https://iq.hse.ru/news/interview/", "https://iq.hse.ru/news/oped/", "https://iq.hse.ru/news/psych/", "https://iq.hse.ru/news/sociology/", "https://iq.hse.ru/news/sociology/page10.html", "https://iq.hse.ru/news/sociology/page11.html", "https://iq.hse.ru/news/sociology/page12.html", "https://iq.hse.ru/news/sociology/page13.html", "https://iq.hse.ru/news/sociology/page14.html", "https://iq.hse.ru/news/sociology/page15.html", "https://iq.hse.ru/news/sociology/page16.html", "https://iq.hse.ru/news/sociology/page17.html", "https://iq.hse.ru/news/sociology/page18.html", "https://iq.hse.ru/news/sociology/page19.html", "https://iq.hse.ru/news/sociology/page2.html", "https://iq.hse.ru/news/sociology/page20.html", "https://iq.hse.ru/news/sociology/page3.html", "https://iq.hse.ru/news/sociology/page4.html", "https://iq.hse.ru/news/sociology/page5.html", "https://iq.hse.ru/news/sociology/page56.html", "https://iq.hse.ru/news/sociology/page6.html", "https://iq.hse.ru/news/sociology/page7.html", "https://iq.hse.ru/news/sociology/page8.html", "https://iq.hse.ru/news/sociology/page9.html", "https://www.hse.ru/", "https://www.hse.ru/lkuser/"], "text": ["vision", "Версия для слабовидящих", "RU", "EN", "Национальный исследовательский университет «Высшая школа экономики»", "Научно-образовательный портал IQ", "Новости", "Социология", "RU", "EN", "Социология", "Социология", "Статья", "Каршеринг нельзя кашеваринг", "Насколько велик гендерный разрыв в использовании сервисов аренды автомобилей", "Социология", "Цифра дня", "5,7%", "россиян заражаются вирусами в интернете", "Социология", "Цифра дня", "6,5%", "россиян никогда не пользовались интернетом", "Социология", "Статья", "За деньгами — на Камчатку!", "Как жители стран Средней Азии осваивают этот дальневосточный регион", "Социология", "Интервью", "«Наша главная заслуга — междисциплинарный подход к исследованиям человеческого потенциала»", "Проректор НИУ ВШЭ Лилия Овчарова — об источниках социально-экономического развития, сплоченности в обществе и важных фронтирах социальных наук", "Социология", "Интервью", "«России нужны люди, устойчивые к кризисным явлениям, способные к самостоятельному действию и обладающие современными компетенциями»", "Социолог Василий Аникин — о том, как решить проблемы на рынке труда и мотивировать людей на развитие своих возможностей", "Социология", "Образование", "Картотеки", "География", "Картотека: человеческий потенциал и его связь с качеством жизни, развитием территорий и участием в фондовом рынке", "Поле широких возможностей и стратегические активы человека", "Социология", "Интервью", "Ренессанс человека и его возможностей", "Социолог Павел Сорокин — о том, как учёные из НИУ ВШЭ предложили новое понимание человеческого потенциала и задали стандарты его будущего изучения, а также о возрождении представления о человеке как мере всех вещей и роли социальной сплочённости в современном обществе", "Социология", "Экономика", "Психология", "Картотеки", "Картотека: человеческий потенциал", "С точки зрения социологии, психологии и экономики", "Социология", "Статья", "«Должен ли мужчина быть нежным?»", "От ветхозаветных идеалов до эгалитарности: как меняются модели маскулинности у молодых российских евангельских христиан", "Социология", "Авторская колонка", "Прометей, улучшающий структуру", "Почему человекоцентричный подход так важен для современного мира", "Социология", "Цифра дня", "Почти 670 000", "составила в 2022 году численность персонала, занятого в России исследованиями и разработками", "1", "2", "3", "4", "5", "6", "7", "8", "9", "10", "11", "12", "13", "14", "15", "16", "17", "18", "19", "20", "...", "56"]}