{"title": "Подготовка к ЕГЭ с ФДП – Национальный исследовательский университет «Высшая школа экономики»", "description": "", "url": "https://fdp.hse.ru/ege/", "data": [{"level": "1", "text": "ЕГЭ, олимпиады, творческие вступительные", "response": ["Учим не только решать задания, но и чувствовать себя уверенно на экзаменах!"]}, {"level": "2", "text": "Выберите класс", "response": ["Программа \"10 класс\"", "Программа \"11 класс\""]}, {"level": "2", "text": "Вы можете выбрать удобный формат обучения", "response": []}, {"level": "2", "text": "Рейтинг слушателей", "response": ["Учащиеся программ \"11 класс\" ФДП включаются в рейтинг, который формируется по результатам контрольных работ. В конце освоения программы лидеры рейтинга могут претендовать на получение скидки (до 100%) на обучение в бакалавриате Высшей школы экономики."]}, {"level": "2", "text": "Наши преподаватели — эксперты ЕГЭ", "response": ["Они всегда в курсе последних изменений и дают ученикам актуальные материалы для подготовки."]}, {"level": "2", "text": "Наши выпускники успешно сдают ЕГЭ", "response": ["Это даёт им возможность поступить в вуз мечты."]}, {"level": "2", "text": "Начните обучение", "response": ["Если вы выбрали подходящую программу, заполняйте анкету для заключения договора. Если у вас еще остались вопросы, позвоните нам или оставьте заявку на консультацию — наши кураторы программ свяжутся с вами.", "Узнать стоимость обученияЗаключить договорОставить заявку", "на консультацию", "(10 класс)Оставить заявку", "на консультацию", "(11 класс)"]}], "links": ["http://fdp.hse.ru/admit", "https://fdp.hse.ru/admit", "https://fdp.hse.ru/apply/", "https://fdp.hse.ru/ege/", "https://fdp.hse.ru/ischool", "https://fdp.hse.ru/price/"], "text": ["Выберите класс", "Программа \"10 класс\"", "Программа \"11 класс\"", "15", "предметов на выбор", "8", "месяцев подготовки", "3-4", "академических часа в неделю", "4", "формата обучения", "Программа рассчитана на слушателей, готовых заблаговременно начать подготовку в размеренном темпе по предметам: математика, информатика и ИКТ, обществознание, история, литература, русский язык, английский язык, химия, физика, биология, география, экономика, право, дизайн, основы журналистики и медиакоммуникаций.", "Вы можете изучать любое количество предметов.", "Начало занятий в октябре 2024 года.", "Оставить заявку на консультацию (10 класс)Заключить договор", "15", "предметов на выбор", "8", "месяцев подготовки", "3-4", "академических часа в неделю", "4", "формата обучения", "Математика, информатика и ИКТ, обществознание, история, литература, русский язык, английский язык, химия, физика, биология, география, экономика, право, дизайн, основы журналистики и медиакоммуникаций.", "Вы можете изучать любое количество предметов,", "но чтобы участвовать в рейтинге для получения преференций нужно выбрать не менее двух.", "Рейтинг составляется по итогам 3 контрольных работ (по 2 предметам).", "Узнать подробнее о рейтинге", "Начало занятий в октябре 2024 года.", "Оставить заявку на консультацию (11 класс)Заключить договор", "3", "предмета на выбор", "4", "месяца подготовки", "4", "академических часа в неделю", "онлайн-формат обучения", "Обществознание, русский язык, литература.", "Начало занятий с 5 февраля 2024 года (в зависимости от расписания).", "Дополнительные вопросы можно задать куратору программы: +7 (495) 772-95-90, добавочный 22671", "Оставить заявку на консультацию (11 класс-Интенсив)Заключить договор", "Вы можете выбрать удобный формат обучения", "Групповые занятия (офлайн)", "В аудитории", "Лекции и семинары (3-4 часа в неделю)", "Контрольные работы в офлайн-формате для участия в рейтинге", "Методическое сопровождение", "Подробнее →", "Групповые занятия (онлайн)", "Из любой точки мира", "Лекции и семинары (3-4 часа в неделю)", "Контрольные работы в офлайн-формате для участия в рейтинге", "Методическое сопровождение", "Подробнее →", "Индивидуаль­ный практикум", "В аудитории или онлайн", "Личный контакт с педагогом", "Методическое сопровождение", "Участие в рейтинге", "Подробнее →", "Самостоя­тельное обучение", "Постоянный доступ к онлайн-библиотеке", "В удобное время", "Обратная связь от преподавателя", "Подробнее →", "Групповые занятия (офлайн)", "Офлайн-занятия проходят в центре Москвы. Для участия в рейтинге необходимо приезжать на очные контрольные работы.", "Размер группы", "Мы формируем группы до 25 человек, а по языковым предметам — до 15 человек.", "Занятия как в университете", "Модули, контроль знаний, рейтинг — все по-взрослому.", "Групповые занятия (онлайн)", "Готовьтесь к экзамену из любой точки России или мира.", "Удобное время", "Занятия в выходные дни по расписанию, удобному жителям разных часовых поясов", "В режиме реального времени", "Полноценные занятия с преподавателем по заранее согласованному расписанию.", "Индивидуальный практикум", "Можно заниматься с преподавателем в малой группе в аудитории или онлайн и участвовать в общем рейтинге. Учебный план един для всех траекторий обучения.", "Малочисленные группы", "Все время — только для вас. Темп и подход формируем под учеников.", "Работаем даже в выходные дни", "Вы сами выбираете график занятий. Наши педагоги работают ежедневно.", "Самостоятельное обучение", "Выбирайте предмет и начинайте обучение. Занимайтесь в любом темпе, повторяйте темы по несколько раз — делайте так, как вам удобно.", "В любом месте", "и с любого устройства. Нужно только знать логин и пароль.", "С обратной связью", "Преподаватели проверяют работы, дают рекомендации и отвечают на вопросы.", "Рейтинг слушателей", "Учащиеся программ \"11 класс\" ФДП включаются в рейтинг, который формируется по результатам контрольных работ. В конце освоения программы лидеры рейтинга могут претендовать на получение скидки (до 100%) на обучение в бакалавриате Высшей школы экономики.", "Наши преподаватели — эксперты ЕГЭ", "Они всегда в курсе последних изменений и дают ученикам актуальные материалы для подготовки.", "История", "Физика", "Обществознание", "Русский язык", "Математика", "Литература", "Занятия по истории – это всегда живой диалог, ответы на нестандартные и острые вопросы, дискуссии и дебаты.", "Александр Андреевич Гиринский", "Заведующий кафедрой Лицея, преподаватель НИУ ВШЭ", "Можем подготовить к успешной сдаче экзамена по физике за год, но настоятельно рекомендуем учащимся выполнять все домашние задания и уделять большое внимание занятиям на ФДП.", "Артем Владимирович Рябов", "Лучший преподаватель – 2021 по мнению учащихся Лицея НИУ ВШЭ", "Самое важное – это не кто тебя учит, а с кем ты учишься, поэтому работа в группе дает ученикам отличный стимул для самореализации и настраивает на успешную сдачу экзаменов.", "Сергей Евгеньевич Любимов", "преподаватель высшей категории, эксперт ЕГЭ по Обществознанию, главный тренер сборной ВсОШ по праву Московской области", "Настоящая любовь к предмету и детям – вот, что всегда помогает готовить учеников к самым сложным испытаниям в жизни. И ЕГЭ уж точно всем по плечу, нужно просто приложить чуть больше усилий, и все получится.", "Екатерина Александровна Шумских", "Кандидат филологических наук с педагогическим стажем более 30 лет", "Лучший учитель математики по мнению слушателей ФДП.", "Александр Валерьевич Савинов", "Кандидат физико-математических наук", "Помогу своим ученикам не только сдать экзамен на высокие баллы, но и полюбить литературу!", "Екатерина Сергеевна Очкасова", "Выпускница Высшей школы экономики по специальности филология (2020 год), победительница олимпиады «Высшая проба»", "Наши выпускники успешно сдают ЕГЭ", "Это даёт им возможность поступить в вуз мечты.", "…", "Два года занимался на ФДП, и мне удалось не только лучше подготовиться к ЕГЭ, но и выбрать наиболее подходящую программу для дальнейшего обучения в Вышке. С удовольствием рекомендую ФДП всем своим близким и знакомым.", "Даниил Власов", "Учил на ФДП русский язык и обществознание", "…", "Атмосфера, которая царит на ФДП, помогает продуктивно проводить каждую минуту занятий. Здесь дают не только теорию для сдачи экзаменов, но и практические примеры для удачного применения знаний в реальной жизни. Это позволяет не только сдать ЕГЭ на высокие баллы, но и быть эрудированным человеком.", "Ксения Нагина", "Готовилась к ЕГЭ по обществознанию и экономике", "...", "Все занятия проходят с высоким уровнем организации. Особое внимание уделяется проверке домашнего задания, написанию письма и эссе, разбору лексики. Даются очень важные комментарии к выполнению заданий устной части, что несомненно важно для выпускников.", "Ученики группы А21", "Готовились к ЕГЭ с ФДП", "...", "Курс ФДП по английскому языку был очень полезен и оставил приятное впечатление. Очень удобно заниматься в малой группе: практически индивидуальное обучение, хорошая тренировка, особенно устной и письменной речи, которая мне много дала. Очень отзывчивый и чуткий преподаватель. Большое спасибо преподавателю Ирине Михайловне Забузовой и сотрудникам учебной части ФДП за этот курс!", "Полина Вдовина", "Прослушала английский язык, программа \"11 класс\"", "...", "Здравствуйте, Анна Сергеевна. Я Рябов Олег Владиславович, учился у вас в группе 11м8 по математике на ФДП. Хочу выразить вам искреннюю благодарность за то, что обучали меня все эти 8 месяцев. Благодаря вам я получил 100 баллов за егэ по математике. Если бы не вы, то я бы точно не смог сдать даже на 90. Присоединяясь к Илье Говзману, скажу что у вас очень классное чувство юмора и благодаря этому занятия становились интереснее и увлекательнее.", "Олег Рябов", "Учился на ФДП по математике, программа \"11 класс\", преподаватель - Гришаева Анна Сергеевна", "...", "Атмосфера была строгой, но свободной, трудно объяснить это. Никто себе не позволял лишнего, но и не сидел в страхе. Преподаватель очень хороший, очень интересный, мне хотелось ходить на занятия, и было очень комфортно.", "На занятиях была веселая, дружеская атмосфера. После занятий по русскому языку я стал чувствовать себя более уверенно в школе. Спасибо Ирине Юрьевне!!!", "слушатели программы \"11 класс\" по русскому языку", "преподаватель курса - Лысаковская Ирина Юрьевна", "...", "После занятий я стала гораздо увереннее, а на экзамен я иду без страха!", "слушатель программы \"11 класс\" по русскому языку", "преподаватель курса - Парикина Ольга Николаевна", "Prev", "Next", "/", "Начните обучение", "Если вы выбрали подходящую программу, заполняйте анкету для заключения договора. Если у вас еще остались вопросы, позвоните нам или оставьте заявку на консультацию — наши кураторы программ свяжутся с вами.", "Узнать стоимость обученияЗаключить договорОставить заявку", "на консультацию", "(10 класс)Оставить заявку", "на консультацию", "(11 класс)"]}