{"title": "30 лет Факультету довузовской подготовки – Национальный исследовательский университет «Высшая школа экономики»", "description": "", "url": "https://fdp.hse.ru/anniversary", "data": [{"level": "1", "text": "30 лет Факультету довузовской подготовки", "response": ["До юбилея осталось:", "‍"]}, {"level": "2", "text": "С тех пор:", "response": []}], "links": [], "text": ["Дорогие друзья! Факультету довузовской подготовки скоро 30 лет. Набор 2023/2024 учебного года — юбилейный!", "16 СЕНТЯБРЯ 1994 ГОДА", "ФДП был создан решением Ученого Совета Высшей школы экономики", "С тех пор:", ">3500", "выпускников закончили факультет в 2023 году", ">50000", "выпускников за все годы работы ФДП", "В первый учебный год Факультет довузовской подготовки выпустил всего 300 слушателей, в основном эта была подготовка в магистратуру Вышки, сохранились и первый отчет о работе ФДП тех лет, и протокол заседания Ученого совета НИУ ВШЭ.", "Мы обращаемся к вам, преподавателям, сотрудникам, выпускникам факультета:", "Давайте вспомним лучшие моменты, связанные с Факультетом довузовской подготовки: как это было, любимых учеников, любимых учителей, образовательные путешествия, балы, игры, выпускные!", "Мы объединим воспоминания всех, кто учился, преподавал, работал на ФДП, кто сделал Факультет таким, какой он есть, и к дате рождения ФДП создадим Летопись Факультета из воспоминаний."]}