{"title": "Наука в НИУ ВШЭ – Санкт-Петербург – Национальный исследовательский университет «Высшая школа экономики»", "description": "", "url": "http://spb.hse.ru/sci/nug/", "data": [{"level": "1", "text": "НАУКА", "response": []}, {"level": "2", "text": "Мероприятия", "response": ["17", "мая", "10:00", "Первая научно-практическая конференция Финансовый рынок в условиях перемен: вызовы, ресурсы, решения"]}, {"level": "2", "text": "Новости", "response": ["IV Всероссийская научно-практическая конференция с международным участием «Экономика. Наука. Инноватика»", "Онлайн конференция 26.04.2024, г. Донецк, ДНР, РФ.", "Наука", "приглашение к участию", "22 апреля", "Национальная премия в области будущих технологий «Вызов»", "Прием заявок – до 20 мая 2024 года.", "Наука", "приглашение к участию", "19 апреля", "Международный технологический Конгресс", "Международный технологический Конгресс и выставка пройдут в период с 17 по 19 сентября 2024 года в Конгрессно-выставочном центре «Патриот» (Московская область). Организаторы Конгресса - крупнейшие российские ИТ-ассоциации.", "Наука", "приглашение к участию", "19 апреля", "Еще новости"]}, {"level": "2", "text": "Научные онлайн-издания", "response": ["Бюллетень об академическом развитии", "Научно-образовательный портал НИУ ВШЭ"]}, {"level": "2", "text": "НИУ ВШЭ в академических соцсетях", "response": ["ResearchGate", "Google Scholar", "Academia"]}], "links": ["http://spb.hse.ru/aup/science", "https://iq.hse.ru/", "https://okna.hse.ru/", "https://spb.hse.ru/announcements/915915568.html", "https://spb.hse.ru/aup/science", "https://spb.hse.ru/sci/news/915889675.html", "https://spb.hse.ru/sci/news/915942076.html", "https://spb.hse.ru/sci/news/916763040.html", "https://spb.hse.ru/sci/news/page1.html", "https://spb.hse.ru/sci/news/science/", "https://spb.hse.ru/sci/news/tags/inv/", "https://spb.hse.ru/sci/research_committee"], "text": ["НИУ ВШЭ – Санкт-Петербург – это междисциплинарный интернациональный исследовательский центр, фокусирующийся на следующих областях научного превосходства:", "математическое моделирование экономических систем и процессов, дизайн экономических механизмов;", "методология и подходы глобальной, сравнительной и транснациональной истории в различных областях исторических исследований;", "новые физические явления в полупроводниковых и диэлектрических наноструктурах;", "передовые методы компьютерных наук, включая машинное обучение и компьютерную лингвистику;", "пространственная экономика регионов и городов;", "социально-экономическое и политическое развитие обществ и государств мира;", "структурная биоинформатика и компьютерный молекулярный дизайн.", "Научная инфраструктура НИУ ВШЭ – Санкт-Петербург представлена 24 научными подразделениями, включая 3 международные лаборатории. Кампус осуществляет международное сотрудничество с 30 университетами и научными организациями из 18 стран мира. В настоящее время ученые НИУ ВШЭ – Санкт-Петербург проводят прикладные научные исследования по заказам ОАО Газпромнефть, ООО «Нетрика», СПб ГАУ «Центр трудовых ресурсов», АНО «Международный центр социально-экономических исследований «Леонтьевский центр» и др.", "Мы открыты к новым коллаборациям, совместным исследованиям и междисциплинарным проектам.", "Приглашаем Вас ознакомиться с научной инфраструктурой и исследованиями ученых НИУ ВШЭ – Санкт-Петербург! По вопросам развития научного сотрудничества Вы можете обращаться к руководителям научных подразделений или в Управление научных исследований", "Научная комиссия", "Управление научных исследований", "Мероприятия", "17", "мая", "10:00", "Первая научно-практическая конференция Финансовый рынок в условиях перемен: вызовы, ресурсы, решения", "Новости", "IV Всероссийская научно-практическая конференция с международным участием «Экономика. Наука. Инноватика»", "Онлайн конференция 26.04.2024, г. Донецк, ДНР, РФ.", "Наука", "приглашение к участию", "22 апреля", "Национальная премия в области будущих технологий «Вызов»", "Прием заявок – до 20 мая 2024 года.", "Наука", "приглашение к участию", "19 апреля", "Международный технологический Конгресс", "Международный технологический Конгресс и выставка пройдут в период с 17 по 19 сентября 2024 года в Конгрессно-выставочном центре «Патриот» (Московская область). Организаторы Конгресса - крупнейшие российские ИТ-ассоциации.", "Наука", "приглашение к участию", "19 апреля", "Еще новости", "Научные онлайн-издания", "Бюллетень об академическом развитии", "Научно-образовательный портал НИУ ВШЭ", "НИУ ВШЭ в академических соцсетях", "ResearchGate", "Google Scholar", "Academia"]}