{"title": "Абитуриентам бакалавриата – Национальный исследовательский университет «Высшая школа экономики»", "description": "", "url": "https://ba.hse.ru/", "data": [{"level": "2", "text": "Абитуриентам бакалавриата – 2024", "response": []}, {"level": "2", "text": "Как поступить в Вышку в 2О24 году?", "response": ["Знакомьтесь с материалами о поступлении, учебе и внеучебной жизни"]}, {"level": "2", "text": "Проект «Социальный лифт»", "response": ["Прием заявок открыт до 14 июня"]}, {"level": "2", "text": "Мероприятия для абитуриентов", "response": ["Афиша консультаций и дней открытых дверей"]}, {"level": "2", "text": "Опубликованы правила приема – 2024", "response": []}, {"level": "2", "text": "Подписаться на рассылку", "response": ["Получайте полезные материалы о поступлении"]}, {"level": "2", "text": "Социальный вклад в общее образование", "response": []}, {"level": "2", "text": "Хотите узнать больше о поступлении?", "response": ["Подпишитесь на рассылку, чтобы получать полезные материалы и не пропустить ключевые даты"]}, {"level": "2", "text": "Цифры и факты", "response": []}, {"level": "2", "text": "Образовательные программы", "response": ["МАТЕМАТИКА, ФИЗИКА, ХИМИЯ, ГЕОГРАФИЯ, БИОЛОГИЯ", "География глобальных изменений и геоинформационные технологии", "Клеточная и молекулярная биотехнология", "Когнитивная нейробиология", "Математика", "Совместный бакалавриат НИУ ВШЭ и ЦПМ", "Физика", "Химия", "Компьютерные науки", "Дизайн и разработка информационных продуктов", "Компьютерные науки и анализ данных", "Прикладная математика и информатика", "Прикладной анализ данных", "Программная инженерия", "ИНЖЕНЕРНЫЕ И ТЕХНИЧЕСКИЕ НАУКИ", "Инфокоммуникационные технологии и системы связи", "Информатика и вычислительная техника", "Информационная безопасность", "Компьютерная безопасность", "Прикладная математика", "КОММУНИКАЦИИ, МЕДИА И ДИЗАЙН", "Глобальные цифровые коммуникации", "Дизайн", "Журналистика", "Кинопроизводство", "Медиакоммуникации", "Мода", "Реклама и связи с общественностью", "Современное искусство", "Стратегия и продюсирование в коммуникациях", "Управление в креативных индустриях", "ЭКОНОМИКА", "Мировая экономика", "Международная программа по экономике и финансам", "Совместная программа по экономике НИУ ВШЭ и РЭШ", "Экономика", "Экономика и анализ данных", "Экономика и статистика", "Экономический анализ", "УПРАВЛЕНИЕ", "Бизнес-информатика", "Государственное и муниципальное управление", "Маркетинг и рыночная аналитика", "Международный бизнес", "Управление бизнесом", "Управление цепями поставок и бизнес-аналитика", "Управление цифровым продуктом", "ЮРИС­ПРУДЕНЦИЯ", "Юриспруденция", "Юриспруденция: цифровой юрист", "АРХИТЕКТУРА", "Городское планирование", "Актерское искусство", "Актер", "ГУМАНИТАР­НЫЕ НАУКИ", "Античность", "Ассириология: языки и история древней Месопотамии", "Востоковедение", "Иностранные языки и межкультурная коммуникация", "История", "История искусств", "Культурология", "Филология", "Философия", "Фундаментальная и компьютерная лингвистика", "Юго-Восточная Азия: языки, история, культуры", "Япония: язык, история, литература, культура", "СОЦИАЛЬНЫЕ НАУКИ", "Международные отношения", "Международная программа «Международные отношения и глобальные исследования»", "Программа двух дипломов НИУ ВШЭ и Университета Кёнхи «Экономика и политика в Азии»", "Политология", "Психология", "Социология", "Экономика и управление", "Международный бакалавриат по бизнесу и экономике", "ГОСУДАРСТВЕННОЕ И МУНИЦИПАЛЬНОЕ УПРАВЛЕНИЕ", "Управление и аналитика в государственном секторе", "Физика", "Физика", "КОМПЬЮТЕРНЫЕ НАУКИ", "Прикладная математика и информатика", "Прикладной анализ данных и искусственный интеллект", "Юриспруденция", "Юриспруденция", "ГУМАНИТАРНЫЕ НАУКИ", "История", "Филология", "Востоковедение", "Социальные науки", "Политология и мировая политика", "Социология и социальная информатика", "КОММУНИКАЦИИ, МЕДИА И ДИЗАЙН", "Дизайн", "Медиакоммуникации", "МАТЕМАТИКА", "Математика", "КОМПЬЮТЕРНЫЕ НАУКИ", "Компьютерные науки и технологии", "КОММУНИКАЦИИ, МЕДИА И ДИЗАЙН", "Дизайн", "ЭКОНОМИКА И МЕНЕДЖМЕНТ", "Цифровой маркетинг", "Международный бакалавриат по бизнесу и экономике", "ЮРИСПРУДЕНЦИЯ", "Юриспруденция", "ГУМАНИТАРНЫЕ НАУКИ", "Филология", "Фундаментальная и прикладная лингвистика", "Иностранные языки и межкультурная бизнес-коммуникация", "КОМПЬЮТЕРНЫЕ НАУКИ", "Разработка информационных систем для бизнеса", "Программные системы и автоматизация процессов разработки", "ЭКОНОМИКА И УПРАВЛЕНИЕ", "Международный бакалавриат по бизнесу и экономике", "КОММУНИКАЦИИ, МЕДИА И ДИЗАЙН", "Дизайн", "ЮРИСПРУДЕНЦИЯ", "Юриспруденция", "ГУМАНИТАРНЫЕ НАУКИ", "История", "Иностранные языки и межкультурная коммуникация в бизнесе"]}, {"level": "2", "text": "Какую математику нужно сдавать на мою программу — профильную или базовую?", "response": ["Если в списке вступительных испытаний на вашу образовательную программу есть математика, то речь всегда идет о профильной математике.", "Другие вопросы", "Задать свой вопрос"]}, {"level": "2", "text": "Конструктор успеха", "response": []}, {"level": "2", "text": "Новости", "response": ["Все новости"]}, {"level": "2", "text": "Хотите узнать больше о поступлении?", "response": ["Подпишитесь на рассылку, чтобы получать полезные материалы и не пропустить ключевые даты"]}], "links": ["https://ba.hse.ru/dod", "https://ba.hse.ru/expresspolls/poll/182779549.html", "https://ba.hse.ru/faq", "https://ba.hse.ru/news/", "https://ba.hse.ru/news/admission/", "https://ba.hse.ru/news/edu/", "https://ba.hse.ru/news/keywords/118036340/", "https://ba.hse.ru/news/keywords/27405426/", "https://ba.hse.ru/news/keywords/59731553/", "https://ba.hse.ru/news/tags/bprep/", "https://ba.hse.ru/news/tags/intcoop/", "https://ba.hse.ru/news/tags/newhse/", "https://ba.hse.ru/news/tags/stud/", "https://ba.hse.ru/polls/430131691.html", "https://career.hse.ru/", "https://electives.hse.ru/", "https://nnov.hse.ru/ba/cst/", "https://nnov.hse.ru/ba/design/", "https://nnov.hse.ru/ba/dm/", "https://nnov.hse.ru/ba/ibc/", "https://nnov.hse.ru/ba/interbac/", "https://nnov.hse.ru/ba/law/", "https://nnov.hse.ru/ba/ling/", "https://nnov.hse.ru/ba/math/", "https://nnov.hse.ru/ba/philology/", "https://perm.hse.ru/ba/communication/", "https://perm.hse.ru/ba/design/", "https://perm.hse.ru/ba/hist/", "https://perm.hse.ru/ba/interbac/", "https://perm.hse.ru/ba/isystems/", "https://perm.hse.ru/ba/law/", "https://perm.hse.ru/ba/ssadp/", "https://spb.hse.ru/ba/appmath/", "https://spb.hse.ru/ba/dataanalytics/", "https://spb.hse.ru/ba/designs/", "https://spb.hse.ru/ba/gmu/", "https://spb.hse.ru/ba/hist/", "https://spb.hse.ru/ba/interbac/", "https://spb.hse.ru/ba/law/", "https://spb.hse.ru/ba/mediacom/", "https://spb.hse.ru/ba/oriental/", "https://spb.hse.ru/ba/philology/", "https://spb.hse.ru/ba/physics/", "https://spb.hse.ru/ba/political/", "https://spb.hse.ru/ba/soc/", "https://studlife.hse.ru/", "https://www.hse.ru/ba/actor/", "https://www.hse.ru/ba/ad/", "https://www.hse.ru/ba/am/", "https://www.hse.ru/ba/ami/", "https://www.hse.ru/ba/antiq/", "https://www.hse.ru/ba/art/", "https://www.hse.ru/ba/asia/", "https://www.hse.ru/ba/assyriology/", "https://www.hse.ru/ba/bba/", "https://www.hse.ru/ba/bi/", "https://www.hse.ru/ba/chem/", "https://www.hse.ru/ba/cmb/", "https://www.hse.ru/ba/compds/", "https://www.hse.ru/ba/cosec/", "https://www.hse.ru/ba/cpm/", "https://www.hse.ru/ba/creative/", "https://www.hse.ru/ba/cultural/", "https://www.hse.ru/ba/data/", "https://www.hse.ru/ba/design/", "https://www.hse.ru/ba/digital/", "https://www.hse.ru/ba/digitalcomm/", "https://www.hse.ru/ba/dlawyer/", "https://www.hse.ru/ba/drip/", "https://www.hse.ru/ba/ea/", "https://www.hse.ru/ba/economics/", "https://www.hse.ru/ba/eda/", "https://www.hse.ru/ba/epa/", "https://www.hse.ru/ba/film/", "https://www.hse.ru/ba/geography/", "https://www.hse.ru/ba/gmu/", "https://www.hse.ru/ba/hist/", "https://www.hse.ru/ba/histart/", "https://www.hse.ru/ba/ia/", "https://www.hse.ru/ba/ib/", "https://www.hse.ru/ba/icef/", "https://www.hse.ru/ba/ir/", "https://www.hse.ru/ba/is/", "https://www.hse.ru/ba/isct/", "https://www.hse.ru/ba/it/", "https://www.hse.ru/ba/japanese/", "https://www.hse.ru/ba/journ/", "https://www.hse.ru/ba/lang/", "https://www.hse.ru/ba/law/", "https://www.hse.ru/ba/ling/", "https://www.hse.ru/ba/logistics/", "https://www.hse.ru/ba/marketing/", "https://www.hse.ru/ba/math/", "https://www.hse.ru/ba/media/", "https://www.hse.ru/ba/moda/", "https://www.hse.ru/ba/nes/", "https://www.hse.ru/ba/neuroscience/", "https://www.hse.ru/ba/oriental/", "https://www.hse.ru/ba/phil/", "https://www.hse.ru/ba/philology/", "https://www.hse.ru/ba/physics/", "https://www.hse.ru/ba/political/", "https://www.hse.ru/ba/producer/", "https://www.hse.ru/ba/psy/", "https://www.hse.ru/ba/se/", "https://www.hse.ru/ba/soc/", "https://www.hse.ru/ba/stat/", "https://www.hse.ru/ba/up/", "https://www.hse.ru/ba/we/", "https://www.hse.ru/data/2023/01/09/2039464207/01_HSE_Buklet_Bakalavr_A4.pdf", "https://www.hse.ru/figures/", "https://www.hse.ru/my-hse-house", "https://www.hse.ru/org/hse/ouk/mil/", "https://www.hse.ru/success/demidova/", "https://www.hse.ru/success/kucherov/", "https://www.hse.ru/success/meloyan/", "https://www.hse.ru/success/pashchenko/", "https://www.hse.ru/success/zamkov/", "https://www.hse.ru/success/zimenko/", "https://www.hse.ru/success/zubkov/"], "text": ["Хотите узнать больше о поступлении?", "Подпишитесь на рассылку, чтобы получать полезные материалы и не пропустить ключевые даты", "Подписаться", "Цифры и факты", "4", "города присутствия и онлайн-пространство", "90+", "образовательных программ", "38", "направлений подготовки", "до70%", "скидки на обучение", "Выпускники — одни из самых востребованных среди работодателей в стране", "Индивидуальная траектория обучения", "Центр развития карьеры", "Современные общежития и удобные сервисы по поиску альтернативного жилья", "Широкая программа поддержки студенческих инициатив", "Военный учебный центр", "prevnext", "Образовательные программы", "Москва", "Санкт-Петербург", "Нижний Новгород", "Пермь", "МАТЕМАТИКА, ФИЗИКА, ХИМИЯ, ГЕОГРАФИЯ, БИОЛОГИЯ", "География глобальных изменений и геоинформационные технологии", "Клеточная и молекулярная биотехнология", "Когнитивная нейробиология", "Математика", "Совместный бакалавриат НИУ ВШЭ и ЦПМ", "Физика", "Химия", "Компьютерные науки", "Дизайн и разработка информационных продуктов", "Компьютерные науки и анализ данных", "Прикладная математика и информатика", "Прикладной анализ данных", "Программная инженерия", "ИНЖЕНЕРНЫЕ И ТЕХНИЧЕСКИЕ НАУКИ", "Инфокоммуникационные технологии и системы связи", "Информатика и вычислительная техника", "Информационная безопасность", "Компьютерная безопасность", "Прикладная математика", "КОММУНИКАЦИИ, МЕДИА И ДИЗАЙН", "Глобальные цифровые коммуникации", "Дизайн", "Журналистика", "Кинопроизводство", "Медиакоммуникации", "Мода", "Реклама и связи с общественностью", "Современное искусство", "Стратегия и продюсирование в коммуникациях", "Управление в креативных индустриях", "ЭКОНОМИКА", "Мировая экономика", "Международная программа по экономике и финансам", "Совместная программа по экономике НИУ ВШЭ и РЭШ", "Экономика", "Экономика и анализ данных", "Экономика и статистика", "Экономический анализ", "УПРАВЛЕНИЕ", "Бизнес-информатика", "Государственное и муниципальное управление", "Маркетинг и рыночная аналитика", "Международный бизнес", "Управление бизнесом", "Управление цепями поставок и бизнес-аналитика", "Управление цифровым продуктом", "ЮРИС­ПРУДЕНЦИЯ", "Юриспруденция", "Юриспруденция: цифровой юрист", "АРХИТЕКТУРА", "Городское планирование", "Актерское искусство", "Актер", "ГУМАНИТАР­НЫЕ НАУКИ", "Античность", "Ассириология: языки и история древней Месопотамии", "Востоковедение", "Иностранные языки и межкультурная коммуникация", "История", "История искусств", "Культурология", "Филология", "Философия", "Фундаментальная и компьютерная лингвистика", "Юго-Восточная Азия: языки, история, культуры", "Япония: язык, история, литература, культура", "СОЦИАЛЬНЫЕ НАУКИ", "Международные отношения", "Международная программа «Международные отношения и глобальные исследования»", "Программа двух дипломов НИУ ВШЭ и Университета Кёнхи «Экономика и политика в Азии»", "Политология", "Психология", "Социология", "Экономика и управление", "Международный бакалавриат по бизнесу и экономике", "ГОСУДАРСТВЕННОЕ И МУНИЦИПАЛЬНОЕ УПРАВЛЕНИЕ", "Управление и аналитика в государственном секторе", "Физика", "Физика", "КОМПЬЮТЕРНЫЕ НАУКИ", "Прикладная математика и информатика", "Прикладной анализ данных и искусственный интеллект", "Юриспруденция", "Юриспруденция", "ГУМАНИТАРНЫЕ НАУКИ", "История", "Филология", "Востоковедение", "Социальные науки", "Политология и мировая политика", "Социология и социальная информатика", "КОММУНИКАЦИИ, МЕДИА И ДИЗАЙН", "Дизайн", "Медиакоммуникации", "МАТЕМАТИКА", "Математика", "КОМПЬЮТЕРНЫЕ НАУКИ", "Компьютерные науки и технологии", "КОММУНИКАЦИИ, МЕДИА И ДИЗАЙН", "Дизайн", "ЭКОНОМИКА И МЕНЕДЖМЕНТ", "Цифровой маркетинг", "Международный бакалавриат по бизнесу и экономике", "ЮРИСПРУДЕНЦИЯ", "Юриспруденция", "ГУМАНИТАРНЫЕ НАУКИ", "Филология", "Фундаментальная и прикладная лингвистика", "Иностранные языки и межкультурная бизнес-коммуникация", "КОМПЬЮТЕРНЫЕ НАУКИ", "Разработка информационных систем для бизнеса", "Программные системы и автоматизация процессов разработки", "ЭКОНОМИКА И УПРАВЛЕНИЕ", "Международный бакалавриат по бизнесу и экономике", "КОММУНИКАЦИИ, МЕДИА И ДИЗАЙН", "Дизайн", "ЮРИСПРУДЕНЦИЯ", "Юриспруденция", "ГУМАНИТАРНЫЕ НАУКИ", "История", "Иностранные языки и межкультурная коммуникация в бизнесе", "Дни открытых дверей", "Скачать буклет", "Часто задаваемые вопросы", "Какую математику нужно сдавать на мою программу — профильную или базовую?", "Если в списке вступительных испытаний на вашу образовательную программу есть математика, то речь всегда идет о профильной математике.", "Другие вопросы", "Задать свой вопрос", "Конструктор успеха", "Марина Демидова", "«В бизнесе можно максимально реализовать свои творческие способности»", "Андрей Кучеров", "«Аграрная отрасль нуждается в молодых кадрах»", "Нарэ Мелоян", "«Выпускники финансово-экономических программ могут заниматься чем угодно»", "Никита Зубков", "«Профессиональное любопытство важно для карьерного роста»", "Георгий Пащенко", "«Я люблю рисковать и не боюсь перемен»", "Никита Зименко", "«IT – это непаханое поле профессий»", "Константин Замков", "«Я считаю, что выпускнику Вышки все по плечу»", "Новости", "Все новости", "27 апреля", "Студенты программы двух дипломов НИУ ВШЭ и ЮФУ побывали в своей второй alma mater", "Образование", "бакалавриат", "программа двух дипломов", "22 апреля", "МИЭФ ВШЭ открывает программу двух дипломов с китайским партнером RIEM SWUFE", "Поступающим", "новое в ВШЭ", "бакалавриат", "международное сотрудничество", "экономика и финансы", "12 апреля", "Вышка и TJ Collection создали музей цифровой моды", "Образование", "студенты", "бакалавриат", "дизайн", "Хотите узнать больше о поступлении?", "Подпишитесь на рассылку, чтобы получать полезные материалы и не пропустить ключевые даты", "Подписаться"]}