{"title": "НИУ ВШЭ – Нижний Новгород для студентов с ограниченными возможностями здоровья и инвалидностью — Национальный исследовательский университет «Высшая школа экономики»", "description": "", "url": "https://nnov.hse.ru/inclusive/", "data": [{"level": "1", "text": "НИУ ВШЭ – Нижний Новгород для студентов с ограниченными возможностями здоровья и инвалидностью", "response": []}, {"level": "1", "text": "НИУ ВШЭ – Нижний Новгород для студентов с ограниченными возможностями здоровья и инвалидностью", "response": []}], "links": ["https://ba.hse.ru/data/2016/02/10/1139874766/", "https://nnov.hse.ru/asp/", "https://nnov.hse.ru/bacnn/", "https://nnov.hse.ru/career/special", "https://nnov.hse.ru/magnn/", "https://www.hse.ru/scholarships/need", "https://www.hse.ru/scholarships/social_scholarship_new", "https://www.hse.ru/studyspravka/handbook/studyspravka_std/card/socialsupport", "https://www.hse.ru/studyspravka/invalid-GIA", "https://www.hse.ru/studyspravka/invalid-IELTS"], "text": ["НИУ ВШЭ - Нижний Новгород предоставляет возможность получения высшего образования людям с ограниченными возможностями здоровья и инвалидностью по образовательным программам бакалавриата, магистратуры и аспирантуры. В университете предусмотрены все необходимые специальные условия проведения вступительных испытаний, международных экзаменов по иностранному языку, процедур государственной итоговой аттестации  для абитуриентов  и студентов с учетом особенностей психофизического развития и индивидуальных возможностей. Студенты при желании могут воспользоваться помощью учебных консультантов, которые призваны оказывать содействие в решении текущих учебных и организационных вопросов. Договор на оказание услуг по сурдопереводу и тифлосурдопереводу с Общероссийской общественной организацией инвалидов Всероссийское общество глухих 2024 (PDF, 6,23 Мб) Мы стараемся выстроить учебный процесс с учетом особых потребностей наших студентов, расширяя спектр их возможностей. Студенты с инвалидностью имеют право на получение социальной помощи в стенах вуза (материальная помощь, психологическая поддержка, предоставление общежития и пр.). Кроме того, студентам определенных категорий может быть назначены социальная и повышенная социальная стипендии. Поддержку в вопросах дальнейшего профессионального и карьерного развития выпускникам с ограниченными возможностями здоровья оказывает Отдел развития карьеры НИУ ВШЭ - Нижний Новгород."]}