{"title": "Дополнительное образование в НИУ ВШЭ – Нижний Новгород – Национальный исследовательский университет «Высшая школа экономики»", "description": "", "url": "https://nnov.hse.ru/dpo", "data": [{"level": "1", "text": "Дополнительное образованиев НИУ ВШЭ – Нижний Новгород", "response": []}, {"level": "2", "text": "Программы дополнительного образования", "response": []}, {"level": "2", "text": "Онлайн-обучение", "response": []}, {"level": "2", "text": "Корпоративное обучение", "response": []}, {"level": "2", "text": "Открыт набор на курс", "response": ["Банковский бизнес и управление рисками"]}, {"level": "2", "text": "Программы", "response": []}, {"level": "2", "text": "Подразделения", "response": []}, {"level": "2", "text": "Новости", "response": ["Все новости"]}], "links": ["https://lang.hse.ru/news/820862818.html", "https://mbann.hse.ru/", "https://mbann.hse.ru/news/799722783.html", "https://mbann.hse.ru/news/801824225.html", "https://nnov.hse.ru/bipm/dpo", "https://nnov.hse.ru/corporate", "https://nnov.hse.ru/dpo/news/", "https://nnov.hse.ru/dpo/news/development/", "https://nnov.hse.ru/dpo/news/edu/", "https://nnov.hse.ru/dpo/news/life/", "https://nnov.hse.ru/dpo/news/ou/104610480/", "https://nnov.hse.ru/dpo/news/ou/135288/", "https://nnov.hse.ru/dpo/news/ou/387455784/", "https://nnov.hse.ru/dpo/news/ou/454364069/", "https://nnov.hse.ru/dpo/news/tags/achievements/", "https://nnov.hse.ru/dpo/news/tags/alumni/", "https://nnov.hse.ru/dpo/news/tags/bprep/", "https://nnov.hse.ru/dpo/news/tags/eduaddon/", "https://nnov.hse.ru/dpo/news/tags/erep/", "https://nnov.hse.ru/dpo/news/tags/expert/", "https://nnov.hse.ru/dpo/news/tags/inv/", "https://nnov.hse.ru/dpo/news/tags/mag/", "https://nnov.hse.ru/dpo/news/tags/newhse/", "https://nnov.hse.ru/dpo/news/tags/online/", "https://nnov.hse.ru/dpo/news/tags/publicat/", "https://nnov.hse.ru/economics/dpo/", "https://nnov.hse.ru/human/dpo", "https://nnov.hse.ru/human/language/", "https://nnov.hse.ru/human/rlc", "https://nnov.hse.ru/human/rlc/", "https://nnov.hse.ru/human/rlc/konferenciya_rki/", "https://nnov.hse.ru/news/830351928.html", "https://nnov.hse.ru/news/844961537.html", "https://nnov.hse.ru/nnlaw/dpo", "https://www.hse.ru/edu/dpo/", "https://www.hse.ru/org/nnov/nnlaw/goszak/"], "text": ["Первое место в рейтинге российских вузов", "В 2021 году НИУ ВШЭ занял первое место в рейтинге российских вузов по версии Forbes", "Наши спикеры — ведущие эксперты-практики", "А также лучшие преподаватели НИУ ВШЭ и ведущих университетов-партнеров, топ-менеджеры успешных компаний.", "Широкий спектр образовательных программ", "От международного менеджмента и маркетинга до дизайна.", "Программы", "Маркетинг", "Общий менеджмент, управление персоналом, гибкие навыки", "Управление проектами, продуктами, процессами и операциями", "Финансовый менеджмент, учет, риск-менеджмент", "Иностранные языки, филология", "Психология", "Управление закупками, муниципальное управление", "Экономика, финансовая грамотность", "IT, математика, цифровые инструменты для бизнеса", "Дизайн", "Центр русского языка как иностранного", "Юриспуденция и право", "Подразделения", "Бизнес-школа", "Региональный центр подготовки кадровдля системы государственных закупок", "Центр языковой и методической подготовки", "Факультет экономики", "Центр корпоративного обучения", "Факультет информатики, математики и компьютерных наук", "Центр русского языка как иностранного", "Факультет права", "Факультет гуманитарных наук", "Новости", "Все новости", "18 января", "ВШЭ запустила маркетплейс ДПО", "Образование", "новое в ВШЭ", "дополнительное образование", "12 июля, 2023 г.", "На программе ДПО «Коучинг: продвинутый курс» состоялось вручение первых дипломов", "Университетская жизнь", "достижения", "репортаж о событии", "дополнительное образование", "7 июля, 2023 г.", "Выпускники программы переподготовки по бухгалтерскому учету и финансовому анализу получили дипломы", "Образование", "выпускники", "дополнительное образование", "НИУ ВШЭ в Нижнем Новгороде", "30 мая, 2023 г.", "«Отличие онлайн-кампуса от набора образовательных программ — наличие сообщества тех, кто там учится»", "Программа развития 2030", "экспертиза", "онлайн-образование", "бакалавриат", "магистратура", "28 апреля, 2023 г.", "«Дорога к познанию права у каждого своя, и мы предлагаем сделать ее менее тернистой»", "Образование", "публикации", "дополнительное образование", "НИУ ВШЭ в Нижнем Новгороде", "16 марта, 2023 г.", "ССТ «Лингвотест» внесен в перечень сертификатов, принимаемых к перезачету в бакалавриате, а также при поступлении в магистратуру и аспирантуру НИУ ВШЭ", "Образование", "репортаж о событии", "бакалавриат", "Школа иностранных языков", "7 февраля, 2023 г.", "Международная научно-практическая конференция «Актуальные проблемы теории и практики преподавания русского языка как иностранного»", "Образование", "экспертиза", "репортаж о событии", "дополнительное образование", "Центр русского языка как иностранного", "26 января, 2023 г.", "«Быть человеком — это быть рассказанным, иметь личный сюжет»", "Образование", "новое в ВШЭ", "приглашение к участию", "онлайн-образование", "12 декабря, 2022 г.", "Объявляем набор на очный тренинг по продажам в B2B!", "новое в ВШЭ", "приглашение к участию", "дополнительное образование", "Бизнес-школа", "1 декабря, 2022 г.", "Анонсируем старт второго потока длительной программы по коучингу в Бизнес-школе НИУ ВШЭ!", "новое в ВШЭ", "приглашение к участию", "дополнительное образование", "Бизнес-школа"]}