{"title": "Абитуриентам магистратуры НИУ ВШЭ—Нижний Новгород – Национальный исследовательский университет «Высшая школа экономики»", "description": "", "url": "http://nnov.hse.ru/magnn/", "data": [{"level": "1", "text": "Абитуриентам магистратуры НИУ ВШЭ – Нижний Новгород", "response": ["Личный кабинет абитуриента", "Задать вопрос Приемной комиссии  Мероприятия для абитуриентов"]}, {"level": "2", "text": "Конкурс «Раннее приглашение»", "response": []}, {"level": "2", "text": "для поступающих в магистратуру", "response": ["Прием заявок до 15 мая"]}, {"level": "2", "text": "В МАГИСТРАТУРУ ВЫШКИ", "response": []}, {"level": "2", "text": "БЕЗ ЭКЗАМЕНОВ", "response": []}, {"level": "2", "text": "Серия вебинаров для абитуриентов", "response": []}, {"level": "2", "text": "Почему Вышка?", "response": ["13", "Образовательных программ", "219", "Бюджетных мест", "140", "Платных мест"]}, {"level": "2", "text": "Образовательные программы", "response": ["Информатика, математика и компьютерные науки", "Бизнес-информатика", "Математика / Mathematics (реализуется на английском языке)", "Интеллектуальный анализ данных", "Искусственный интеллект и компьютерное зрение (реализуется на английском языке и в онлайн-формате)", "Менеджмент", "Маркетинг", "Управление развитием компании", "Управление образованием (очно-заочное обучение)", "Управление организациями и проектами (реализуется в онлайн-формате)", "Экономика", "Финансы", "Экономика, менеджмент, прикладная математика и информатика", "Бизнес-аналитика в экономике и менеджменте", "Гуманитарные науки", "Прикладная лингвистика и текстовая аналитика/ Applied Linguistics and Text Analytics (реализуется на английском языке)", "Современные филологические практики: поэтика, интерпретация, комментарий", "Право", "Правовое обеспечение и защита бизнеса"]}, {"level": "2", "text": "Ближайшие мероприятия", "response": ["17", "– 18", "мая", "Летняя школа «Роль Института развития образования в обеспечении устойчивости системы образования региона: вызовы и приоритеты»", "Костина ул., д. 2, Россия, Нижний Новгород"]}, {"level": "2", "text": "Что такое магистратура и зачем она нужна?", "response": ["Магистратура – это вторая ступень высшего образования. Обучение в магистратуре дает возможность углубить и дополнить уже имеющиеся знания, а также получить дополнительные компетенции по выбранному направлению подготовки. Кроме того, бакалавр или специалист может выбрать обучение в магистратуре по профилю, отличному от профиля своего первого образования, и всего за два года получить новую профессию."]}, {"level": "2", "text": "Наши выпускники", "response": ["Мы гордимся ими и хотим гордиться тобой!"]}, {"level": "2", "text": "«Метавселенные – тренд, который набирает популярность»", "response": ["Выпускница программы «Маркетинг», руководитель направления по внутренним коммуникациям в ПАО Сбербанк Елена Гаврилова провела курс по медиамаркетингу для студентов программы «Медиатекст и цифровые коммуникации»."]}, {"level": "2", "text": "«Мой собственный бизнес начался с курсовой работы»", "response": ["Елизавета Корсакова, студентка магистратуры «Бизнес-аналитика в экономике и менеджменте», создала свой интернет-магазин и за полгода вывела его на окупаемость."]}, {"level": "2", "text": "«Полученные знания и диплом Вышки позволяют мне гибко реагировать на изменения рынка труда»", "response": ["Выпускник магистерской программы «Менеджмент» Александр Тарасов еще во время обучения попал на стажировку в «Бритиш Американ Тобакко Россия»."]}, {"level": "2", "text": "«Product management – это творчество и аналитика одновременно»", "response": ["Анастасия Каменская закончила первый курс магистерской программы «Управление развитием компании» по англоязычной траектории Product management."]}, {"level": "2", "text": "Новости", "response": ["«Цифровые технологии в современной молодежной науке»: в НИУ ВШЭ – Нижний Новгород прошла VIII Всероссийская научная студенческая конференция", "Молодые российские ученые представили в Нижнем Новгороде доклады о применении искусственного интеллекта и современных методов обработки данных в широком спектре научных исследований. Аспиранты, студенты бакалавриата и магистратуры, преподаватели НИУ ВШЭ и эксперты обсудили, насколько применимы цифровые инструменты для решения научных задач и способны ли они обеспечить значимый прорыв в интересующей их области знаний.", "Наука", "репортаж о событии", "НИУ ВШЭ в Нижнем Новгороде", "22 апреля", "«Аналитика в “Гараже”»: студенты нижегородской Вышки победили в хакатоне «GARAGE STARTUP SPRINT»", "Студенты НИУ ВШЭ – Нижний Новгород победили в обоих треках продуктового хакатона «GARAGE STARTUP SPRINT». Он проводился Центром компетенций Сбера по исследованию клиентского опыта на площадке коворкинга «Гараж». Участниками стали 70 студентов нижегородских вузов в составе 14 команд.", "Образование", "достижения", "НИУ ВШЭ в Нижнем Новгороде", "11 марта", "«Мне удалось не только стать студентом магистратуры, но и расставить профессиональные приоритеты»", "Открылась регистрация на участие в конкурсе «Раннее приглашение к поступлению». Проект позволяет оценить свои шансы на поступление в магистратуру, а победа в нем дает возможность обеспечить себе место еще до старта летней приемной кампании. Принять участие могут студенты и выпускники, которые планируют поступать в магистратуру НИУ ВШЭ в 2024 году.", "Поступающим", "студенты", "приглашение к участию", "магистратура", "приемная кампания 2024", "1 февраля", "Еще новости"]}, {"level": "2", "text": "Контакты", "response": ["Приемная комиссия", "Нижний Новгород, ул. Б. Печерская, д. 25/12", "+7 (831) 432-78-76", "pknn@hse.ru", "Часы работы", "Пн. – Пт.: 9:00–17:00", "Сб., Вс.: Выходной"]}, {"level": "2", "text": "Вышка в рейтингах", "response": []}], "links": ["https://ac.hse.ru/ranking", "https://electives.hse.ru/", "https://nnov.hse.ru/career/", "https://nnov.hse.ru/intnn", "https://nnov.hse.ru/ma/appling", "https://nnov.hse.ru/ma/bi/", "https://nnov.hse.ru/ma/data/", "https://nnov.hse.ru/ma/economics/", "https://nnov.hse.ru/ma/eduman/", "https://nnov.hse.ru/ma/eduman/announcements/905086613.html", "https://nnov.hse.ru/ma/finance/", "https://nnov.hse.ru/ma/ls/", "https://nnov.hse.ru/ma/man/", "https://nnov.hse.ru/ma/managing/", "https://nnov.hse.ru/ma/marketing/", "https://nnov.hse.ru/ma/math/", "https://nnov.hse.ru/ma/poetics", "https://nnov.hse.ru/ma/vision/", "https://nnov.hse.ru/magnn/earlyinvitation", "https://nnov.hse.ru/magnn/news/admission/", "https://nnov.hse.ru/magnn/news/edu/", "https://nnov.hse.ru/magnn/news/keywords/869900232/", "https://nnov.hse.ru/magnn/news/ou/135288/", "https://nnov.hse.ru/magnn/news/page2.html", "https://nnov.hse.ru/magnn/news/science/", "https://nnov.hse.ru/magnn/news/tags/achievements/", "https://nnov.hse.ru/magnn/news/tags/erep/", "https://nnov.hse.ru/magnn/news/tags/inv/", "https://nnov.hse.ru/magnn/news/tags/mag/", "https://nnov.hse.ru/magnn/news/tags/stud/", "https://nnov.hse.ru/news/645590472.html", "https://nnov.hse.ru/news/663069227.html", "https://nnov.hse.ru/news/807175596.html", "https://nnov.hse.ru/news/812296155.html", "https://nnov.hse.ru/news/904248876.html", "https://nnov.hse.ru/news/916838177.html", "https://nnov.hse.ru/nnovstudents/", "https://nnov.hse.ru/sciencenn/laborat/", "https://nnov.hse.ru/uch/scholarship/scholarships", "https://www.hse.ru/earlymaster"], "text": ["Конкурс «Раннее приглашение»", "для поступающих в магистратуру", "Прием заявок до 15 мая", "В МАГИСТРАТУРУ ВЫШКИ", "БЕЗ ЭКЗАМЕНОВ", "Серия вебинаров для абитуриентов", "Почему Вышка?", "13", "Образовательных программ", "219", "Бюджетных мест", "140", "Платных мест", "Индивидуальные траектории обучения", "Международные программы мобильности с ведущими вузами мира", "Стипендиальные программы", "Научные лаборатории под руководством ведущих ученых", "Центр развития карьеры", "Творческие и спортивные студенческие организации", "Образовательные программы", "Информатика, математика и компьютерные науки", "Бизнес-информатика", "Математика / Mathematics (реализуется на английском языке)", "Интеллектуальный анализ данных", "Искусственный интеллект и компьютерное зрение (реализуется на английском языке и в онлайн-формате)", "Менеджмент", "Маркетинг", "Управление развитием компании", "Управление образованием (очно-заочное обучение)", "Управление организациями и проектами (реализуется в онлайн-формате)", "Экономика", "Финансы", "Экономика, менеджмент, прикладная математика и информатика", "Бизнес-аналитика в экономике и менеджменте", "Гуманитарные науки", "Прикладная лингвистика и текстовая аналитика/ Applied Linguistics and Text Analytics (реализуется на английском языке)", "Современные филологические практики: поэтика, интерпретация, комментарий", "Право", "Правовое обеспечение и защита бизнеса", "Ближайшие мероприятия", "17", "– 18", "мая", "Летняя школа «Роль Института развития образования в обеспечении устойчивости системы образования региона: вызовы и приоритеты»", "Костина ул., д. 2, Россия, Нижний Новгород", "Часто задаваемые вопросы", "Что такое магистратура и зачем она нужна?", "Магистратура – это вторая ступень высшего образования. Обучение в магистратуре дает возможность углубить и дополнить уже имеющиеся знания, а также получить дополнительные компетенции по выбранному направлению подготовки. Кроме того, бакалавр или специалист может выбрать обучение в магистратуре по профилю, отличному от профиля своего первого образования, и всего за два года получить новую профессию.", "Наши выпускники", "Мы гордимся ими и хотим гордиться тобой!", "«Метавселенные – тренд, который набирает популярность»", "Выпускница программы «Маркетинг», руководитель направления по внутренним коммуникациям в ПАО Сбербанк Елена Гаврилова провела курс по медиамаркетингу для студентов программы «Медиатекст и цифровые коммуникации».", "«Мой собственный бизнес начался с курсовой работы»", "Елизавета Корсакова, студентка магистратуры «Бизнес-аналитика в экономике и менеджменте», создала свой интернет-магазин и за полгода вывела его на окупаемость.", "«Полученные знания и диплом Вышки позволяют мне гибко реагировать на изменения рынка труда»", "Выпускник магистерской программы «Менеджмент» Александр Тарасов еще во время обучения попал на стажировку в «Бритиш Американ Тобакко Россия».", "«Product management – это творчество и аналитика одновременно»", "Анастасия Каменская закончила первый курс магистерской программы «Управление развитием компании» по англоязычной траектории Product management.", "Новости", "«Цифровые технологии в современной молодежной науке»: в НИУ ВШЭ – Нижний Новгород прошла VIII Всероссийская научная студенческая конференция", "Молодые российские ученые представили в Нижнем Новгороде доклады о применении искусственного интеллекта и современных методов обработки данных в широком спектре научных исследований. Аспиранты, студенты бакалавриата и магистратуры, преподаватели НИУ ВШЭ и эксперты обсудили, насколько применимы цифровые инструменты для решения научных задач и способны ли они обеспечить значимый прорыв в интересующей их области знаний.", "Наука", "репортаж о событии", "НИУ ВШЭ в Нижнем Новгороде", "22 апреля", "«Аналитика в “Гараже”»: студенты нижегородской Вышки победили в хакатоне «GARAGE STARTUP SPRINT»", "Студенты НИУ ВШЭ – Нижний Новгород победили в обоих треках продуктового хакатона «GARAGE STARTUP SPRINT». Он проводился Центром компетенций Сбера по исследованию клиентского опыта на площадке коворкинга «Гараж». Участниками стали 70 студентов нижегородских вузов в составе 14 команд.", "Образование", "достижения", "НИУ ВШЭ в Нижнем Новгороде", "11 марта", "«Мне удалось не только стать студентом магистратуры, но и расставить профессиональные приоритеты»", "Открылась регистрация на участие в конкурсе «Раннее приглашение к поступлению». Проект позволяет оценить свои шансы на поступление в магистратуру, а победа в нем дает возможность обеспечить себе место еще до старта летней приемной кампании. Принять участие могут студенты и выпускники, которые планируют поступать в магистратуру НИУ ВШЭ в 2024 году.", "Поступающим", "студенты", "приглашение к участию", "магистратура", "приемная кампания 2024", "1 февраля", "Еще новости", "Контакты", "Приемная комиссия", "Нижний Новгород, ул. Б. Печерская, д. 25/12", "+7 (831) 432-78-76", "pknn@hse.ru", "Часы работы", "Пн. – Пт.: 9:00–17:00", "Сб., Вс.: Выходной", "ВКонтакте", "YouTube", "Вышка в рейтингах"]}