{"title": "Новости — Национальный исследовательский университет «Высшая школа экономики»", "description": "", "url": "https://publications.hse.ru/news/", "data": [{"level": "1", "text": "Новости", "response": []}, {"level": "2", "text": "«При изучении ВОВ ощущается сопричастность к тем событиям»", "response": ["26 апреля в корпусе НИУ ВШЭ на Старой Басманной прошел Диктант Победы. Цель международной акции — привлечь как можно больше людей к изучению важнейшего периода в истории нашей страны и всего мира. Диктант по теме событий Великой Отечественной войны впервые проводился в 2019 году и был приурочен к празднованию 74-й годовщины со Дня Победы в ВОВ.", "Университетская жизньстудентырепортаж о событии«Диктант Победы»", "27 апреля"]}, {"level": "2", "text": "Студенты НИУ ВШЭ — среди лучших на Универсиаде по эконометрике", "response": ["Студенты Высшей школы экономики приняли участие в международной Универсиаде по эконометрике, которую организует экономический факультет МГУ им. М.В. Ломоносова. В число победителей вошли третьекурсники Антон Самокиш (Международный институт экономики и финансов ВШЭ) и Владислав Мартишевич (факультет экономических наук ВШЭ), среди призеров — четверокурсники Никита Горевой (ФЭН) и Галина Писарева (нижегородская Вышка).", "Образованиедостижениястудентыолимпиады", "27 апреля"]}, {"level": "2", "text": "Конкурентная среда — ключ к эффективному распределению бюджетных инвестиций", "response": ["В Высшей школе экономики эксперты и представители государства обсудили новые подходы к распределению государственных финансов. Круглый стол «Конкурентное распределение бюджетных средств: шкала роста. Субсидии, социальный заказ, государственно-частное партнерство (ГЧП)» состоялся 24 апреля.", "Экспертизаидеи и опытдискуссиирепортаж о событии", "27 апреля"]}, {"level": "2", "text": "Александр Шохин: важно достаточно быстро и эффективно легализовать майнинг как вид предпринимательской деятельности", "response": ["Президент НИУ ВШЭ, глава РСПП профессор Александр Шохин принял участие в работе І Международного научно-практического форума МГИМО «Право цифровой безопасности». Он рассказал о том, как цифровые финансы и цифровые финансовые активы внедряются в экономическую жизнь страны. Он также выступил за легализацию майнинга криптовалюты как вида предпринимательской деятельности.", "Экспертизамайнингцифровая безопасность", "27 апреля"]}, {"level": "2", "text": "Студенты программы двух дипломов НИУ ВШЭ и ЮФУ побывали в своей второй alma mater", "response": ["С 2022 года Высшая школа экономики и Южный федеральный университет реализуют совместную бакалаврскую программу «Кавказ и Ближний Восток в системе региональных и международных связей». Обучение проходит в Ростове-на-Дону, а преподаватели Вышки подключаются к образовательному процессу чаще всего дистанционно. В конце апреля лучших студентов программы пригласили на неделю в НИУ ВШЭ, где они поучаствовали в различных образовательных и научных мероприятиях.", "Образованиебакалавриатпрограмма двух дипломов", "27 апреля"]}, {"level": "2", "text": "«Наш центр — большой межподразделенческий проект»", "response": ["На апрельском заседании Ученого совета НИУ ВШЭ подвели итоги работы НЦМУ «Центр междисциплинарных исследований человеческого потенциала» в 2020–2023 годах и представили планы на будущее. С презентацией выступила проректор НИУ ВШЭ, инициатор создания НЦМУ Лилия Овчарова. Она, в частности, рассказала, что в работе центра участвуют 25 подразделений Вышки, свыше 2 тысяч молодых исследователей и студентов прошли в нем обучение. Роспатентом зарегистрировано 22 результата интеллектуальной деятельности (РИД), подготовлено 28 образовательных продуктов.", "Наукарепортаж о событииНЦМУУченый совет НИУ ВШЭ", "27 апреля"]}, {"level": "2", "text": "«Что делается для всех, искренне — это и есть настоящее искусство»", "response": ["25 апреля на Киностудии им. Горького состоялась презентация первых выпускников-магистрантов программы «Кинопроизводство» Института кино НИУ ВШЭ. Формат speed dating, предложенный академическим руководителем программы Полиной Ильиной, позволил каждому студенту выступить перед значимыми деятелями кино, чтобы рассказать о своих сценарных идеях, которые лягут в основу грядущих проектов.", "Образованиевыпускникирепортаж о событиимагистратуракино", "26 апреля"]}, {"level": "2", "text": "В НИУ ВШЭ прошел финал продуктового сектора Московской предпрофессиональной олимпиады школьников", "response": ["Стали известны результаты финала продуктового сектора Московской предпрофессиональной олимпиады школьников для разделов «Инженерия» и «Аэрокосмос», оператором которых является МИЭМ НИУ ВШЭ. Специалисты института составляли практические задания заключительного этапа. Практический тур этого этапа состоялся в атриуме корпуса НИУ ВШЭ на Покровском бульваре.", "Образованиерепортаж о событиидовузовская подготовка", "26 апреля"]}, {"level": "2", "text": "Молодые ученые НЦМУ развивают модель «человека эффективного»", "response": ["НЦМУ «Центр междисциплинарных исследований человеческого потенциала» провел круглый стол «Инновационные направления исследований человеческого потенциала: от разработки научной идеи к ее претворению в жизнь». Молодые ученые центра поделились результатами своих научных проектов по проблемам развития человеческого потенциала. Ольга Дергунова, заместитель Президента — Председателя правления Банка ВТБ, Председатель Международного наблюдательного совета центра, отметила особую перспективность исследований для бизнес-сообщества.", "НаукаинновацииНЦМУразвитие человеческого потенциала", "26 апреля"]}, {"level": "2", "text": "Кружковое движение НТИ подвело итоги Всероссийского конкурса проектов с открытым кодом", "response": ["Объявлены победители и призеры третьего Всероссийского конкурса проектов с открытым кодом для школьников и студентов, организованного Кружковым движением Национальной технологической инициативы (НТИ). Результаты по трекам «Создатели» и «Контрибьюторы» опубликованы на официальном сайте и учитываются в конкурсе цифровых портфолио «Талант НТО», победители и призеры которого смогут получить до 10 дополнительных баллов к ЕГЭ при поступлении в вузы в 2024 году.", "Образованиестудентыдовузовская подготовкаинформационные технологииконкурсы", "26 апреля"]}], "links": ["https://ncmu.hse.ru/news/916967527.html"], "text": ["27апр2024«При изучении ВОВ ощущается сопричастность к тем событиям»26 апреля в корпусе НИУ ВШЭ на Старой Басманной прошел Диктант Победы. Цель международной акции — привлечь как можно больше людей к изучению важнейшего периода в истории нашей страны и всего мира. Диктант по теме событий Великой Отечественной войны впервые проводился в 2019 году и был приурочен к празднованию 74-й годовщины со Дня Победы в ВОВ.Университетская жизньстудентырепортаж о событии«Диктант Победы»27 апреля27апр2024Студенты НИУ ВШЭ — среди лучших на Универсиаде по эконометрикеСтуденты Высшей школы экономики приняли участие в международной Универсиаде по эконометрике, которую организует экономический факультет МГУ им. М.В. Ломоносова. В число победителей вошли третьекурсники Антон Самокиш (Международный институт экономики и финансов ВШЭ) и Владислав Мартишевич (факультет экономических наук ВШЭ), среди призеров — четверокурсники Никита Горевой (ФЭН) и Галина Писарева (нижегородская Вышка).Образованиедостижениястудентыолимпиады27 апреля27апр2024Конкурентная среда — ключ к эффективному распределению бюджетных инвестицийВ Высшей школе экономики эксперты и представители государства обсудили новые подходы к распределению государственных финансов. Круглый стол «Конкурентное распределение бюджетных средств: шкала роста. Субсидии, социальный заказ, государственно-частное партнерство (ГЧП)» состоялся 24 апреля.Экспертизаидеи и опытдискуссиирепортаж о событии27 апреля27апр2024Александр Шохин: важно достаточно быстро и эффективно легализовать майнинг как вид предпринимательской деятельностиПрезидент НИУ ВШЭ, глава РСПП профессор Александр Шохин принял участие в работе І Международного научно-практического форума МГИМО «Право цифровой безопасности». Он рассказал о том, как цифровые финансы и цифровые финансовые активы внедряются в экономическую жизнь страны. Он также выступил за легализацию майнинга криптовалюты как вида предпринимательской деятельности.Экспертизамайнингцифровая безопасность27 апреля27апр2024Студенты программы двух дипломов НИУ ВШЭ и ЮФУ побывали в своей второй alma materС 2022 года Высшая школа экономики и Южный федеральный университет реализуют совместную бакалаврскую программу «Кавказ и Ближний Восток в системе региональных и международных связей». Обучение проходит в Ростове-на-Дону, а преподаватели Вышки подключаются к образовательному процессу чаще всего дистанционно. В конце апреля лучших студентов программы пригласили на неделю в НИУ ВШЭ, где они поучаствовали в различных образовательных и научных мероприятиях.Образованиебакалавриатпрограмма двух дипломов27 апреля27апр2024«Наш центр — большой межподразделенческий проект»На апрельском заседании Ученого совета НИУ ВШЭ подвели итоги работы НЦМУ «Центр междисциплинарных исследований человеческого потенциала» в 2020–2023 годах и представили планы на будущее. С презентацией выступила проректор НИУ ВШЭ, инициатор создания НЦМУ Лилия Овчарова. Она, в частности, рассказала, что в работе центра участвуют 25 подразделений Вышки, свыше 2 тысяч молодых исследователей и студентов прошли в нем обучение. Роспатентом зарегистрировано 22 результата интеллектуальной деятельности (РИД), подготовлено 28 образовательных продуктов.Наукарепортаж о событииНЦМУУченый совет НИУ ВШЭ27 апреля26апр2024«Что делается для всех, искренне — это и есть настоящее искусство»25 апреля на Киностудии им. Горького состоялась презентация первых выпускников-магистрантов программы «Кинопроизводство» Института кино НИУ ВШЭ. Формат speed dating, предложенный академическим руководителем программы Полиной Ильиной, позволил каждому студенту выступить перед значимыми деятелями кино, чтобы рассказать о своих сценарных идеях, которые лягут в основу грядущих проектов.Образованиевыпускникирепортаж о событиимагистратуракино26 апреля26апр2024В НИУ ВШЭ прошел финал продуктового сектора Московской предпрофессиональной олимпиады школьниковСтали известны результаты финала продуктового сектора Московской предпрофессиональной олимпиады школьников для разделов «Инженерия» и «Аэрокосмос», оператором которых является МИЭМ НИУ ВШЭ. Специалисты института составляли практические задания заключительного этапа. Практический тур этого этапа состоялся в атриуме корпуса НИУ ВШЭ на Покровском бульваре.Образованиерепортаж о событиидовузовская подготовка26 апреля26апр2024Молодые ученые НЦМУ развивают модель «человека эффективного»НЦМУ «Центр междисциплинарных исследований человеческого потенциала» провел круглый стол «Инновационные направления исследований человеческого потенциала: от разработки научной идеи к ее претворению в жизнь». Молодые ученые центра поделились результатами своих научных проектов по проблемам развития человеческого потенциала. Ольга Дергунова, заместитель Президента — Председателя правления Банка ВТБ, Председатель Международного наблюдательного совета центра, отметила особую перспективность исследований для бизнес-сообщества.НаукаинновацииНЦМУразвитие человеческого потенциала26 апреля26апр2024Кружковое движение НТИ подвело итоги Всероссийского конкурса проектов с открытым кодомОбъявлены победители и призеры третьего Всероссийского конкурса проектов с открытым кодом для школьников и студентов, организованного Кружковым движением Национальной технологической инициативы (НТИ). Результаты по трекам «Создатели» и «Контрибьюторы» опубликованы на официальном сайте и учитываются в конкурсе цифровых портфолио «Талант НТО», победители и призеры которого смогут получить до 10 дополнительных баллов к ЕГЭ при поступлении в вузы в 2024 году.Образованиестудентыдовузовская подготовкаинформационные технологииконкурсы26 апреляСледующая страница1234567891011121314151617181920...1663"]}