{"title": "Выпускники Высшей школы экономики – Национальный исследовательский университет «Высшая школа экономики»", "description": "", "url": "https://alumni.hse.ru/", "data": [{"level": "1", "text": "Выпускники Высшей школы экономики", "response": []}, {"level": "2", "text": "Новости", "response": ["«Что делается для всех, искренне — это и есть настоящее искусство»", "26 апреля", "Образование", "выпускники", "репортаж о событии", "магистратура", "кино", "«Мы не бросаем клиента, взяв с него деньги»", "10 апреля", "Свободное общение", "конструктор успеха", "Представительство НИУ ВШЭ в АТР запускает кампанию по продвижению в регионе", "15 марта", "Образование", "выпускники", "международное сотрудничество", "«Винни-Пух и все-все-все»: выставка плакатов выпускниц Школы дизайна", "16 февраля", "Университетская жизнь", "выпускники", "выставки", "иллюстрация", "Школа дизайна", "Стартовал второй сезон «Лингвоподкаста» ФГН ВШЭ", "5 февраля", "Экспертиза", "выпускники", "студенты", "репортаж о событии", "Все новости"]}], "links": ["https://alumni.hse.ru/ambassadors", "https://alumni.hse.ru/awards", "https://alumni.hse.ru/breakfast", "https://alumni.hse.ru/graduation", "https://alumni.hse.ru/lk", "https://alumni.hse.ru/loyalty", "https://alumni.hse.ru/meetup", "https://alumni.hse.ru/news/", "https://alumni.hse.ru/news/communication/", "https://alumni.hse.ru/news/edu/", "https://alumni.hse.ru/news/expertise/", "https://alumni.hse.ru/news/keywords/133525537/", "https://alumni.hse.ru/news/keywords/147301737/", "https://alumni.hse.ru/news/keywords/4235173/", "https://alumni.hse.ru/news/keywords/72473744/", "https://alumni.hse.ru/news/life/", "https://alumni.hse.ru/news/tags/alumni/", "https://alumni.hse.ru/news/tags/erep/", "https://alumni.hse.ru/news/tags/intcoop/", "https://alumni.hse.ru/news/tags/mag/", "https://alumni.hse.ru/news/tags/stud/", "https://alumni.hse.ru/news/tags/success/", "https://alumni.hse.ru/onlinecommunities/", "https://alumni.hse.ru/propusk_hse", "https://career.hse.ru/consult_center", "https://design.hse.ru/news/3367", "https://endowment.hse.ru/end5", "https://library.hse.ru/reg_1", "https://mentor.hse.ru", "https://studentcentre.hse.ru/", "https://www.hse.ru/success/borisov_goldberg/"], "text": ["Карта выпускника", "Чаты выпускников", "Оформление документов", "Сервисы", "Карта выпускника", "Личный кабинет выпускника", "Оформление документов для выпускников: Центр сервиса «Студент»", "Библиотека и читательский билет выпускника", "Каналы и онлайн-сообщества выпускников", "Программа лояльности выпускников НИУ ВШЭ", "Карьерные проекты для выпускников", "Лекторий выдающихся выпускников", "Программа менторства НИУ ВШЭ", "Бизнес-завтраки (Москва и Санкт-Петербург)", "Карьерные консультации Центра развития карьеры", "Мероприятия для выпускников", "Эндаумент выдающихся выпускников", "Премия для выдающихся выпускников Вышки 2023", "HSE Alumni Ambassadors", "HSE Graduation", "Новости", "«Что делается для всех, искренне — это и есть настоящее искусство»", "26 апреля", "Образование", "выпускники", "репортаж о событии", "магистратура", "кино", "«Мы не бросаем клиента, взяв с него деньги»", "10 апреля", "Свободное общение", "конструктор успеха", "Представительство НИУ ВШЭ в АТР запускает кампанию по продвижению в регионе", "15 марта", "Образование", "выпускники", "международное сотрудничество", "«Винни-Пух и все-все-все»: выставка плакатов выпускниц Школы дизайна", "16 февраля", "Университетская жизнь", "выпускники", "выставки", "иллюстрация", "Школа дизайна", "Стартовал второй сезон «Лингвоподкаста» ФГН ВШЭ", "5 февраля", "Экспертиза", "выпускники", "студенты", "репортаж о событии", "Все новости"]}