{"title": "Визитки НИУ ВШЭ — Типография национального исследовательского университета «Высшая школа экономики»", "description": "", "url": "http://wtp.hse.ru/visitki/hse_card/", "data": [{"level": "1", "text": "Визитки НИУ ВШЭ", "response": ["Для сотрудников и преподавателей НИУ ВШЭ визитные карточки изготавливаются строго в соответствии с корпоративным стилем по утвержденному шаблону.", "Если у вас нет сверстанного ранее макета визиток, то его можно создать автоматически в ЕЛК сотрудника, по ссылке. Скачайте макет оттуда и перешлите в типографию по адресу print@hse.ru или приложите при оформлении заказа онлайн.", "Нестандартные визитные карточки можно сверстать в Отделе визуальных коммуникаций ВШЭ. Обратитесь к ним по тел +7 495 772 95 90 вн. 11460 или почте ykutkov@hse.ru .", "Корпоративные визитки НИУ ВШЭ печатаются на дизайнерской бумаге плотностью 300 гр/кв.м.", "Срок изготовления на производственном участке типографии на Измайловском шоссе, 44 — 1-2 дня. С сотрудниками участка можно договориться, чтобы готовые визитки были выданы в другом участке типографии, где Вам удобнее. Контакты участка.", "Расчет стоимости заказа", "Оформление заказа", "Вы можете заказать продукцию на основе Вашего расчета прямо сейчас (инструкция по размещению заказа онлайн).", "Загрузите свой файл-макет, удовлетворяющий нашим требованиям к макетам.", "Если у вас несколько файлов в макете, предварительно запакуйте их в один архив.", "Типография готова помочь с версткой за дополнительную плату.", "Согласуйте это пожалуйста заранее.", "Для выкладывания макетов, размером более 10 MБ, используйте файлообменник НИУ ВШЭ http://share.hse.ru.", "Предварительно Вам необходимо авторизироваться."]}, {"level": "2", "text": "Расчет стоимости заказа", "response": []}, {"level": "2", "text": "Оформление заказа", "response": ["Вы можете заказать продукцию на основе Вашего расчета прямо сейчас (инструкция по размещению заказа онлайн).", "Загрузите свой файл-макет, удовлетворяющий нашим требованиям к макетам.", "Если у вас несколько файлов в макете, предварительно запакуйте их в один архив.", "Типография готова помочь с версткой за дополнительную плату.", "Согласуйте это пожалуйста заранее.", "Для выкладывания макетов, размером более 10 MБ, используйте файлообменник НИУ ВШЭ http://share.hse.ru.", "Предварительно Вам необходимо авторизироваться."]}], "links": [], "text": ["Для сотрудников и преподавателей НИУ ВШЭ визитные карточки изготавливаются строго в соответствии с корпоративным стилем по утвержденному шаблону.", "Если у вас нет сверстанного ранее макета визиток, то его можно создать автоматически в ЕЛК сотрудника, по ссылке. Скачайте макет оттуда и перешлите в типографию по адресу print@hse.ru или приложите при оформлении заказа онлайн.", "Нестандартные визитные карточки можно сверстать в Отделе визуальных коммуникаций ВШЭ. Обратитесь к ним по тел +7 495 772 95 90 вн. 11460 или почте ykutkov@hse.ru .", "Корпоративные визитки НИУ ВШЭ печатаются на дизайнерской бумаге плотностью 300 гр/кв.м.", "Срок изготовления на производственном участке типографии на Измайловском шоссе, 44 — 1-2 дня. С сотрудниками участка можно договориться, чтобы готовые визитки были выданы в другом участке типографии, где Вам удобнее. Контакты участка.", "Разработано в Print-Expert.net"]}