{"title": "Тема «стажировки для студентов» – Новости – Центр развития карьеры – Национальный исследовательский университет «Высшая школа экономики»", "description": "", "url": "https://career.hse.ru/news/keywords/3094913/", "data": [{"level": "1", "text": "Тема «стажировки для студентов»", "response": ["«Не стоит стесняться задавать вопросы, какими бы глупыми они ни казались»", "Каково это — проходить стажировку в «Яндексе»? Что нужно, чтобы попасть на нее? И как быть, если что-то не получается? Опытом делятся студенты ФКН НИУ ВШЭ — стажеры «Яндекса».", "Образование", "идеи и опыт", "студенты", "стажировки для студентов", "13 мая, 2022 г.", "ВШЭ и Unilever продолжат готовить бизнес-резерв будущего", "18 октября Вышку посетил генеральный директор компании Unilever Алан Джоуп. Он встретился с руководством университета и выступил перед студентами с открытой лекцией о социальной миссии бизнеса.", "Образование", "студенты", "репортаж о событии", "стажировки", "стажировки для студентов", "19 октября, 2019 г.", "Студенты факультета компьютерных наук прошли практику в Facebook", "Cтуденты бакалавриата факультета компьютерных наук НИУ ВШЭ Илона Папава, Роман Александров и Павел Белов в течение трех месяцев проходили стажировку в штаб-квартире компании Facebook (Менло-Парк, США). Как они получили эту возможность, в чем заключались их обязанности в компании и какое впечатление на них произвел Марк Цукерберг, они рассказали новостной службе ВШЭ.", "Образование", "студенты", "интернет-проекты", "информационные технологии", "стажировки для студентов", "стажировки за рубежом", "16 октября, 2015 г.", "«Я выбирал не профессию скорее, а вуз»", "В рамках программы «Вектор взлета» компания Росгосстрах организует регулярные стажировки для студентов Высшей школы экономики. О том, как попасть на подобную стажировку, что она дает для адаптации к условиям реальной работы, рассказывает студент выпускного, четвертого, курса факультета менеджмента ВШЭ Юрий Доброхотов.", "Университетская жизнь", "выпускники", "выпускники ВШЭ", "стажировки для студентов", "страхование", "11 мая, 2011 г.", "Сезон исследовательской практики открыт!", "В феврале 2011 года Ассоциация независимых центров экономического анализа приступает к реализации пятого этапа университетского проекта АНЦЭА — программы научно-исследовательских стажировок и семинаров для студентов старших курсов социально-экономических специальностей. Об особенностях проекта рассказывают исполнительный директор АНЦЭА Антон Золотов и студентка второго курса магистратуры факультета менеджмента ВШЭ Ксения Левыкина, участница университетского проекта прошлого года.", "Образование", "студенты", "исследования и аналитика", "общественная деятельность", "Ассоциация независимых центров экономического анализа (АНЦЭА)", "научные исследования студентов", "стажировки для студентов", "14 февраля, 2011 г.", "Распространенье наше по планете…", "Студент Санкт-Петербургского филиала ГУ-ВШЭ Евгений Кочкин отправился на стажировку в Индию изучать, что такое бедность, почти одновременно с показом по ТВ оскароносного фильма «Миллионер из трущоб». О стажировке рассказывает заместитель директора филиала Даниил Александров.", "Образование", "взгляд ученого", "международное сотрудничество", "бедность", "Индия", "кампусы НИУ ВШЭ", "стажировки для студентов", "15 апреля, 2009 г.", "Варшава ждет гуманитариев из Москвы", "По инициативе известного польского профессора Ежи Аксера с 15 апреля по 15 мая в Варшавском университете пройдет стажировка двадцати московских студентов и аспирантов, в числе которых будут и представители ГУ-ВШЭ.", "Образование", "профессора", "студенты", "бакалавриат", "магистратура", "аспирантура", "международное сотрудничество", "гуманитарные исследования", "международные программы и гранты", "международные связи", "сотрудничество ИГИТИ с Варшавским университетом", "стажировки для студентов", "13 апреля, 2009 г.", "HSE{anticrisis}: будь готов!", "10 апреля с 12.00 до 18.00 в Культурном центре ГУ-ВШЭ состоится Молодежный форум \"Профессиональный рост\" — ярмарка вакансий, стажировок и программ набора молодых специалистов.", "Университетская жизнь", "выпускники", "приглашение к участию", "общественная деятельность", "выпускники ВШЭ", "карьера", "молодые специалисты", "рынок труда", "стажировки для студентов", "ярмарка вакансий", "8 апреля, 2009 г.", "Стажировка как начало карьеры", "В феврале прошлого года сотрудники Центра развития карьеры ГУ-ВШЭ совместно с факультетом социологии организовали первую встречу студентов с ведущими компаниями-работодателями. И вот, спустя год, 3 февраля 2009-го, прошла вторая встреча студентов факультета с представителями фирм.", "Университетская жизнь", "идеи и опыт", "репортаж о событии", "карьера", "карьерные перспективы", "социология", "стажировки для студентов", "3 февраля, 2009 г.", "Семестр как инвестиция", "Надежда Пруцкова, студентка 4-го курса факультета менеджмента ГУ-ВШЭ, мечтала попасть на учебу-стажировку за рубеж, желательно в Германию. Но когда пришло время подавать документы, на всякий случай направила их «во все концы» — в надежде, что повезет хоть где-нибудь. Повезло в одном месте. В Европейской бизнес-школе, в Германии.", "Университетская жизнь", "выпускники", "международные программы и гранты", "стажировки для студентов", "29 января, 2009 г.", "1", "2"]}, {"level": "2", "text": "«Не стоит стесняться задавать вопросы, какими бы глупыми они ни казались»", "response": []}, {"level": "2", "text": "ВШЭ и Unilever продолжат готовить бизнес-резерв будущего", "response": []}, {"level": "2", "text": "Студенты факультета компьютерных наук прошли практику в Facebook", "response": []}, {"level": "2", "text": "«Я выбирал не профессию скорее, а вуз»", "response": []}, {"level": "2", "text": "Сезон исследовательской практики открыт!", "response": []}, {"level": "2", "text": "Распространенье наше по планете…", "response": []}, {"level": "2", "text": "Варшава ждет гуманитариев из Москвы", "response": []}, {"level": "2", "text": "HSE{anticrisis}: будь готов!", "response": []}, {"level": "2", "text": "Стажировка как начало карьеры", "response": []}, {"level": "2", "text": "Семестр как инвестиция", "response": []}], "links": ["https://career.hse.ru/news/edu/", "https://career.hse.ru/news/keywords/127810445/", "https://career.hse.ru/news/keywords/1300285/", "https://career.hse.ru/news/keywords/23408954/", "https://career.hse.ru/news/keywords/24915884/", "https://career.hse.ru/news/keywords/26520659/", "https://career.hse.ru/news/keywords/2661906/", "https://career.hse.ru/news/keywords/2708606/", "https://career.hse.ru/news/keywords/27096270/", "https://career.hse.ru/news/keywords/2775120/", "https://career.hse.ru/news/keywords/2875230/", "https://career.hse.ru/news/keywords/3094913/", "https://career.hse.ru/news/keywords/3094913/page2.html", "https://career.hse.ru/news/keywords/3094917/", "https://career.hse.ru/news/keywords/3851361/", "https://career.hse.ru/news/keywords/4421838/", "https://career.hse.ru/news/keywords/4511863/", "https://career.hse.ru/news/keywords/45693/", "https://career.hse.ru/news/keywords/4645096/", "https://career.hse.ru/news/keywords/4800236/", "https://career.hse.ru/news/keywords/4859109/", "https://career.hse.ru/news/keywords/58727261/", "https://career.hse.ru/news/keywords/6661857/", "https://career.hse.ru/news/keywords/8044503/", "https://career.hse.ru/news/life/", "https://career.hse.ru/news/tags/alumni/", "https://career.hse.ru/news/tags/asp/", "https://career.hse.ru/news/tags/bprep/", "https://career.hse.ru/news/tags/erep/", "https://career.hse.ru/news/tags/intcoop/", "https://career.hse.ru/news/tags/inv/", "https://career.hse.ru/news/tags/mag/", "https://career.hse.ru/news/tags/practice/", "https://career.hse.ru/news/tags/prof/", "https://career.hse.ru/news/tags/pubact/", "https://career.hse.ru/news/tags/resanl/", "https://career.hse.ru/news/tags/stud/", "https://career.hse.ru/news/tags/view/"], "text": ["Тема «стажировки для студентов»", "«Не стоит стесняться задавать вопросы, какими бы глупыми они ни казались»", "Каково это — проходить стажировку в «Яндексе»? Что нужно, чтобы попасть на нее? И как быть, если что-то не получается? Опытом делятся студенты ФКН НИУ ВШЭ — стажеры «Яндекса».", "Образование", "идеи и опыт", "студенты", "стажировки для студентов", "13 мая, 2022 г.", "ВШЭ и Unilever продолжат готовить бизнес-резерв будущего", "18 октября Вышку посетил генеральный директор компании Unilever Алан Джоуп. Он встретился с руководством университета и выступил перед студентами с открытой лекцией о социальной миссии бизнеса.", "Образование", "студенты", "репортаж о событии", "стажировки", "стажировки для студентов", "19 октября, 2019 г.", "Студенты факультета компьютерных наук прошли практику в Facebook", "Cтуденты бакалавриата факультета компьютерных наук НИУ ВШЭ Илона Папава, Роман Александров и Павел Белов в течение трех месяцев проходили стажировку в штаб-квартире компании Facebook (Менло-Парк, США). Как они получили эту возможность, в чем заключались их обязанности в компании и какое впечатление на них произвел Марк Цукерберг, они рассказали новостной службе ВШЭ.", "Образование", "студенты", "интернет-проекты", "информационные технологии", "стажировки для студентов", "стажировки за рубежом", "16 октября, 2015 г.", "«Я выбирал не профессию скорее, а вуз»", "В рамках программы «Вектор взлета» компания Росгосстрах организует регулярные стажировки для студентов Высшей школы экономики. О том, как попасть на подобную стажировку, что она дает для адаптации к условиям реальной работы, рассказывает студент выпускного, четвертого, курса факультета менеджмента ВШЭ Юрий Доброхотов.", "Университетская жизнь", "выпускники", "выпускники ВШЭ", "стажировки для студентов", "страхование", "11 мая, 2011 г.", "Сезон исследовательской практики открыт!", "В феврале 2011 года Ассоциация независимых центров экономического анализа приступает к реализации пятого этапа университетского проекта АНЦЭА — программы научно-исследовательских стажировок и семинаров для студентов старших курсов социально-экономических специальностей. Об особенностях проекта рассказывают исполнительный директор АНЦЭА Антон Золотов и студентка второго курса магистратуры факультета менеджмента ВШЭ Ксения Левыкина, участница университетского проекта прошлого года.", "Образование", "студенты", "исследования и аналитика", "общественная деятельность", "Ассоциация независимых центров экономического анализа (АНЦЭА)", "научные исследования студентов", "стажировки для студентов", "14 февраля, 2011 г.", "Распространенье наше по планете…", "Студент Санкт-Петербургского филиала ГУ-ВШЭ Евгений Кочкин отправился на стажировку в Индию изучать, что такое бедность, почти одновременно с показом по ТВ оскароносного фильма «Миллионер из трущоб». О стажировке рассказывает заместитель директора филиала Даниил Александров.", "Образование", "взгляд ученого", "международное сотрудничество", "бедность", "Индия", "кампусы НИУ ВШЭ", "стажировки для студентов", "15 апреля, 2009 г.", "Варшава ждет гуманитариев из Москвы", "По инициативе известного польского профессора Ежи Аксера с 15 апреля по 15 мая в Варшавском университете пройдет стажировка двадцати московских студентов и аспирантов, в числе которых будут и представители ГУ-ВШЭ.", "Образование", "профессора", "студенты", "бакалавриат", "магистратура", "аспирантура", "международное сотрудничество", "гуманитарные исследования", "международные программы и гранты", "международные связи", "сотрудничество ИГИТИ с Варшавским университетом", "стажировки для студентов", "13 апреля, 2009 г.", "HSE{anticrisis}: будь готов!", "10 апреля с 12.00 до 18.00 в Культурном центре ГУ-ВШЭ состоится Молодежный форум \"Профессиональный рост\" — ярмарка вакансий, стажировок и программ набора молодых специалистов.", "Университетская жизнь", "выпускники", "приглашение к участию", "общественная деятельность", "выпускники ВШЭ", "карьера", "молодые специалисты", "рынок труда", "стажировки для студентов", "ярмарка вакансий", "8 апреля, 2009 г.", "Стажировка как начало карьеры", "В феврале прошлого года сотрудники Центра развития карьеры ГУ-ВШЭ совместно с факультетом социологии организовали первую встречу студентов с ведущими компаниями-работодателями. И вот, спустя год, 3 февраля 2009-го, прошла вторая встреча студентов факультета с представителями фирм.", "Университетская жизнь", "идеи и опыт", "репортаж о событии", "карьера", "карьерные перспективы", "социология", "стажировки для студентов", "3 февраля, 2009 г.", "Семестр как инвестиция", "Надежда Пруцкова, студентка 4-го курса факультета менеджмента ГУ-ВШЭ, мечтала попасть на учебу-стажировку за рубеж, желательно в Германию. Но когда пришло время подавать документы, на всякий случай направила их «во все концы» — в надежде, что повезет хоть где-нибудь. Повезло в одном месте. В Европейской бизнес-школе, в Германии.", "Университетская жизнь", "выпускники", "международные программы и гранты", "стажировки для студентов", "29 января, 2009 г.", "1", "2"]}