{"title": "Сведения — Противодействие коррупции — Национальный исследовательский университет «Высшая школа экономики»", "description": "", "url": "http://www.hse.ru/anticorruption/information", "data": [{"level": "2", "text": "Противодействие коррупции", "response": []}, {"level": "1", "text": "Сведения", "response": ["о доходах, расходах, об имуществе и обязательствах имущественного характера, представленные служащими, замещающими руководящие должности в организации, созданной для выполнения задач, поставленных перед Правительством Российской Федерации", "За отчетный финансовый год с 1 января 2022 года по 31 декабря 2022 года", "Сведения о доходах руководителей НИУ ВШЭ по занимаемой должности", "За отчетный финансовый год с 1 января 2021 года по 31 декабря 2021 года", "Сведения о доходах, расходах и обязательствах имущественного характера руководителей НИУ ВШЭ за 2021 год", "Сведения о доходах руководителей НИУ ВШЭ по занимаемой должности", "За отчетный финансовый год с 1 января 2020 года по 31 декабря 2020 года", "Сведения о доходах, расходах и обязательствах имущественного характера руководителей НИУ ВШЭ за 2020 год", "Сведения о доходах руководителей НИУ ВШЭ по занимаемой должности", "За отчетный финансовый год с 1 января 2019 года по 31 декабря 2019 года", "Сведения о доходах, расходах и обязательствах имущественного характера руководителей НИУ ВШЭ за 2019 год", "Сведения о доходах руководителей НИУ ВШЭ по занимаемой должности", "За отчетный финансовый год с 1 января 2018 года по 31 декабря 2018 года", "Сведения о доходах, расходах и обязательствах имущественного характера руководителей НИУ ВШЭ за 2018 год", "Сведения о доходах руководителей НИУ ВШЭ по занимаемой должности", "За отчетный финансовый год с 1 января 2017 года по 31 декабря 2017 года", "Сведения о доходах, расходах и обязательствах имущественного характера руководителей НИУ ВШЭ за 2017 год", "Сведения о доходах, расходах и обязательствах имущественного характера руководителей НИУ ВШЭ за 2017 год", "Сведения о доходах руководителей НИУ ВШЭ по занимаемой должности", "За отчетный финансовый год с 1 января 2016 года по 31 декабря 2016 года", "Сведения о доходах, расходах и обязательствах имущественного характера руководителей НИУ ВШЭ за 2016 год", "Сведения о доходах, расходах и обязательствах имущественного характера руководителей НИУ ВШЭ за 2016 год", "Сведения о доходах руководителей НИУ ВШЭ по занимаемой должности", "За отчетный финансовый год с 1 января 2015 года по 31 декабря 2015 года", "Сведения о доходах, расходах и обязательствах имущественного характера руководителей НИУ ВШЭ за 2015 год", "Сведения о доходах, расходах и обязательствах имущественного характера руководителей НИУ ВШЭ за 2015 год", "Сведения о доходах руководителей НИУ ВШЭ по занимаемой должности"]}], "links": [], "text": ["Сведенияо доходах, расходах, об имуществе и обязательствах имущественного характера, представленные служащими, замещающими руководящие должности в организации, созданной для выполнения задач, поставленных перед Правительством Российской Федерации", "За отчетный финансовый год с 1 января 2022 года по 31 декабря 2022 года", "Сведения о доходах руководителей НИУ ВШЭ по занимаемой должности", "За отчетный финансовый год с 1 января 2021 года по 31 декабря 2021 года", "Сведения о доходах, расходах и обязательствах имущественного характера руководителей НИУ ВШЭ за 2021 год", "Сведения о доходах руководителей НИУ ВШЭ по занимаемой должности", "За отчетный финансовый год с 1 января 2020 года по 31 декабря 2020 года", "Сведения о доходах, расходах и обязательствах имущественного характера руководителей НИУ ВШЭ за 2020 год", "Сведения о доходах руководителей НИУ ВШЭ по занимаемой должности", "За отчетный финансовый год с 1 января 2019 года по 31 декабря 2019 года", "Сведения о доходах, расходах и обязательствах имущественного характера руководителей НИУ ВШЭ за 2019 год", "Сведения о доходах руководителей НИУ ВШЭ по занимаемой должности", "За отчетный финансовый год с 1 января 2018 года по 31 декабря 2018 года", "Сведения о доходах, расходах и обязательствах имущественного характера руководителей НИУ ВШЭ за 2018 год", "Сведения о доходах руководителей НИУ ВШЭ по занимаемой должности", "За отчетный финансовый год с 1 января 2017 года по 31 декабря 2017 года", "Сведения о доходах, расходах и обязательствах имущественного характера руководителей НИУ ВШЭ за 2017 год", "Сведения о доходах, расходах и обязательствах имущественного характера руководителей НИУ ВШЭ за 2017 год", "Сведения о доходах руководителей НИУ ВШЭ по занимаемой должности", "За отчетный финансовый год с 1 января 2016 года по 31 декабря 2016 года", "Сведения о доходах, расходах и обязательствах имущественного характера руководителей НИУ ВШЭ за 2016 год", "Сведения о доходах, расходах и обязательствах имущественного характера руководителей НИУ ВШЭ за 2016 год", "Сведения о доходах руководителей НИУ ВШЭ по занимаемой должности", "За отчетный финансовый год с 1 января 2015 года по 31 декабря 2015 года", "Сведения о доходах, расходах и обязательствах имущественного характера руководителей НИУ ВШЭ за 2015 год", "Сведения о доходах, расходах и обязательствах имущественного характера руководителей НИУ ВШЭ за 2015 год", "Сведения о доходах руководителей НИУ ВШЭ по занимаемой должности"]}