{"title": "HSE Career Marathon – 2023 – Национальный исследовательский университет «Высшая школа экономики»", "description": "", "url": "https://career.hse.ru/careermarathon/2023/", "data": [{"level": "1", "text": "HSE CAREER MARATHON", "response": ["Ежегодный весенний Карьерный марафон от Центра развития карьеры НИУ ВШЭ"]}, {"level": "2", "text": "HSE Career Marathon возвращается. Снова в двойном формате: очно и онлайн💙. 26 и 27 апреля", "response": []}, {"level": "2", "text": "Стендовая сессия", "response": ["Стендовая сессия пройдёт 26 апреля в Атриуме с 12:00 до 18:00.", "Компании-партнеры: Авито, Альтхаус, Альфа-Банк, Банк России, ВсеИнструменты.ру, ВТБ Лизинг, ВТБ, Газпромбанк, Газпром ВНИИГАЗ, Газпром добыча Ямбург, Газпром инвест, Газпром информ, Газпром межрегионгаз Москва, Газпром телеком, Газпром трансгаз Ставрополь, Газпром ЦПС, ДОМ.РФ, КРОК, МосТрансПроект, МТС, МТС Банк, Правительство Москвы, Ресанта, Ростелеком, Ростелеком-Солар, РСО, Сбер, Сибур, Сколтех, Совкомбанк, Технологии Доверия, Тинькофф, DataFrame, Excellence Expert, GlowByte, Kept, Ozon, QIWI, VK."]}, {"level": "2", "text": "Программа мастер-классов", "response": ["26 апреля эксперты компаний проведут карьерные мастер-классы для студентов и выпускников. Будем решать кейсы, исправлять ошибки в резюме и расширять бизнес-кругозор. Узнаем лайфхаки о том, как попасть в команду мечты, научимся публичным выступлениям. Для самых активных участников предусмотрены призы: от мерча до fast-track на стажировки."]}, {"level": "2", "text": "Открытый диалог с экспертами", "response": ["27 апреля эксперты топовых компаний обсудят актуальные вопросы, включая тренд на трудоустройство молодых лидеров из числа студентов, есть ли границы у «безграничного» ИИ, как бизнес выстраивает свою систему ответственного производства в гармонии с окружающей средой и много другое."]}, {"level": "2", "text": "Экспресс-интервью", "response": ["Экспресс-интервью будут проходить 27 апреля с 15:00. Формат тестового собеседования с компанией — отличная возможность для студентов попробовать себя на актуальные вакансии. На каждого участника будет выделено до 15 минут. Важное условие — кандидат должен подходить по критериям, указанным в описании вакансии. Те участники, которые проявят себя и успешно пройдут экспресс-интервью, будут приглашены на собеседование в компанию для дальнейшего отбора.", "Для того чтобы попасть на экспресс-интервью, необходимо отправить свое резюме на career@hse.ru"]}, {"level": "2", "text": "Технологии Доверия — G103, СИБУР — G120", "response": []}, {"level": "2", "text": "Стажер, консультант в департамент сопровождения сделок / Технологии Доверия", "response": ["Сегодня на нестабильном рынке компания может столкнуться с вызовами, которые требуют оперативного и безошибочного решения. Приобретение или продажа компании, ее части или любых активов, переговоры с потенциальным партнером, выбор пути развития компании с анализом эффективности, операционных и стратегических проектов, реструктуризация бизнеса, поиск возможностей финансирования инфраструктурных и инвестиционных расходов, анализ стоимости бизнеса, любых материальных и нематериальных активов, финансовых инструментов — вот далеко не полный перечень вопросов, с которыми может помочь практика сопровождения сделок.", "В рамках нашего направления сопровождения сделок мы предлагаем тебе уникальную возможность — трудоустройство в компанию в рамках программы «One Pool», что позволяет участвовать в проектах разных групп и максимально расширять свою профессиональную экспертизу в кратчайшие сроки.", "Чем предстоит заниматься:", "Комплексный анализ финансово-хозяйственной деятельности компаний;", "Построение гибких финансовых моделей;", "Отраслевой и макроэкономический анализ;", "Составление бизнес-планов и технико-экономических обоснований инвестиционных проектов;", "Проведение независимой финансовой проверки и проверки операционной деятельности потенциальных объектов приобретения/продажи до и после сделки;", "Помощь в проведении расследований: поиск и анализ информации, формирование и проверка гипотез, составление итоговых отчетов с выводами;", "Помощь в выполнении работ по сопровождению в спорах и судебных разбирательствах;", "Разработка презентационных материалов (отчеты, информационные меморандумы) для предоставления топ-менеджменту компаний.", "Требования к кандидатам:", "Оконченное высшее образование в области экономики, финансов, математики (или студент последних курсов с возможностью работать 30+ часов в неделю);", "Знание теоретических основ корпоративных финансов, а также владение основными принципами бухгалтерского учета;", "Отличное владение пакетом MS Office (Excel, PowerPoint);", "Знание английского языка на уровне intermediate и выше;", "Гибкий командный игрок, хорошо работающий в условиях многозадачности;", "Сильные аналитические способности, а также внимательность к деталям.", "Критерии первичного ассессмента:", "3-4 курс бакалавриата, 1-2 курс магистратуры, экономика;", "Возможность работать от 30 часов в неделю;", "Знание английского языка Intermediate+;", "Высокие коммуникативные навыки и лидерские качества."]}, {"level": "2", "text": "Стажер, консультант в SAP/1С, FACE, Технологический консалтинг / Технологии Доверия", "response": ["Команда Technology — одно из самых молодых, развивающихся и перспективных направлений Технологии Доверия. Мы воплощаем в реальность идеи наших клиентов по автоматизации их процессов.", "Мы в поиске активных и талантливых кандидатов в наши направления: SAP/1С, FACE, Технологический консалтинг.", "Чем ты будешь заниматься в этой роли:", "участвовать в крупномасштабных проектах в области автоматизации бизнес-процессов крупных компаний российского и зарубежного рынка,", "анализировать процессы наших клиентов, находить в них области оптимизации, и, что самое главное, - возможности для автоматизации,", "искать современные подходы к решению задач,", "формировать требования к будущим автоматизированным решениям,", "помогать в подготовке рекомендаций по автоматизации, технических заданий и проектных решений функциональным консультантам и бизнес-архитекторам.", "Какие мы предъявляем требования к кандидатам:", "законченное высшее образование или последние курсы вуза", "широкий кругозор на современные технологии и их повсеместное использование,", "умение быстро осваивать новые навыки и изучать большие массивы информации,", "критическое мышление и навыки поиска областей для оптимизации в любых направлениях,", "опыт командной работы над общим проектом, презентации результатов, развитые навыки устного и письменного общения, в том числе на английском языке,", "умение описывать процессы AS-IS и TO-BE с использованием одной или нескольких современных методологий моделирования,", "знание основ проектного управления, как по методологии waterfall, так и по гибким методологиям - KANBAN, Scrum и прочие,", "высшее или неоконченное высшее образование в области информационных технологий, бизнес-информатики, прикладной математики или информатики, программирования или информационной безопасности.", "У тебя есть преимущество, если:", "ты подписан/подписана и регулярно читаешь материалы порталов по теме информационных технологий (vc, TechCrunch, TechSparks, Habr и другие),", "ты участвовал/участвовала в командных проектах с участием 3+ человек в рамках своей карьеры или учебы,", "ты умеешь разрабатывать технические задания и описывать процессы,", "ты знаешь современные методики анализа данных и умеешь применять на практике SQL или python,", "ты изучал/изучала и знаешь современные информационные системы управления предприятием (в частности 1С) или уже работал в качестве пользователя в таких системах,", "ты проходил/проходила курсы в области современных систем (в частности 1С),", "и ты знаешь что такое проект и какие основные этапы его.", "Критерии первичного ассессмента:", "3-4 курс бакалавриата, 1-2 курс магистратуры, экономика", "Возможность работать от 30 часов в неделю", "Знание английского языка Intermediate+", "Высокие коммуникативные навыки и лидерские качества", "ты подписан/подписана и регулярно читаешь материалы порталов по теме информационных технологий (vc, TechCrunch, TechSparks, Habr и другие),", "ты участвовал/участвовала в командных проектах с участием 3+ человек в рамках своей карьеры или учебы,", "ты умеешь разрабатывать технические задания и описывать процессы,", "ты знаешь современные методики анализа данных и умеешь применять на практике SQL или python,", "ты изучал/изучала и знаешь современные информационные системы управления предприятием (в частности 1С) или уже работал в качестве пользователя в таких системах,", "ты проходил/проходила курсы в области современных систем (в частности 1С),", "и ты знаешь что такое проект и какие основные этапы его."]}, {"level": "2", "text": "Стажер (Логистика) / СИБУР", "response": ["СИБУР ведет активный набор на нескольно направлений логистики: Складская логистика, Аналитика операций", "Требования к кандидатам:", "- Выпускник или в том числе студент выпускного курса бакалавриата/специалитета, студент 1-2 курса магистратуры по направлениям Логистика и УЦП.", "- Уверенно владеете продуктами Microsoft Office и SAP (Visio и ERP-системы будут преимуществом)", "Обладаете навыками работы с отчетностью и большими объемами информации.Ответственно подходите к порученным задачам, имеете внутреннюю потребность доводить проекты до завершения, постоянно обучаетесь и осваиваете новые компетенции. Обладаете аналитическим складом ума и коммуникативными навыками. Имеете активную жизненную позицию и ответственно подходите к выполнению поставленных задач."]}, {"level": "2", "text": "Стажер (Закупки сырья и контроллинг закупок) / СИБУР", "response": ["Задачи:", "Анализ закупок, подготовка переговорной позиции, формирование КП, составление аналитики, работа над улучшением. Формирование коммерческой переговорной позиции, аналитика данных, формирование рыночных предпосылок и взаимосвязей на рынке", "Требования к кандидатам:", "- Студент выпускного курса бакалавриата или 1-2 курса магистратуры (специальности: маркетинг, аналитика, экономика и финансы);", "- Уверенное владение программами пакета MS Office;", "- Уровень английского языка - Upper-Intermediate и выше.", "Обладаете навыками работы с отчетностью и большими объемами информации.Ответственно подходите к порученным задачам, имеете внутреннюю потребность доводить проекты до завершения, постоянно обучаетесь и осваиваете новые компетенции. Обладаете аналитическим складом ума и коммуникативными навыками. Имеете активную жизненную позицию и ответственно подходите к выполнению поставленных задач."]}, {"level": "2", "text": "Стажер (Проектный менеджмент) / СИБУР", "response": ["Задачи:", "- Помощь руководителю в выстраивании процессов коммуникации с командой по различными функциями;", "- Подготовка отчетности по портфелю проектов;", "- Подготовка аналитических и презентационных материалов;", "- Администрирование портфеля проектов.", "Требования к кандидатам:", "- Выпускник или в том числе студент выпускных курсов ВУЗов по направлению экономика/бизнес-информатика/финансы/проектное управление;", "- Имели опыт в развитии бизнес и производственных систем;", "- Продвинутый пользователь Microsoft Office (Power Point, Excel – сводные таблицы, формулы);", "- Владеете английским языком на уровне Intermediate и выше;", "- Проходили курсы по управлению проектами или принимали участие в кейс-чемпионатах (как преимущество);", "Обладаете навыками работы с отчетностью и большими объемами информации. Ответственно подходите к порученным задачам, имеете внутреннюю потребность доводить проекты до завершения, постоянно обучаетесь и осваиваете новые компетенции. Обладаете аналитическим складом ума и коммуникативными навыками. Имеете активную жизненную позицию и ответственно подходите к выполнению поставленных задач."]}, {"level": "2", "text": "Наши соцсети", "response": []}], "links": ["https://career.hse.ru/polls/828438378.html", "https://career.hse.ru/polls/828600981.html", "https://career.hse.ru/polls/828601389.html", "https://career.hse.ru/polls/828603539.html", "https://career.hse.ru/polls/828608554.html", "https://career.hse.ru/polls/828609691.html", "https://career.hse.ru/polls/828610289.html", "https://career.hse.ru/polls/828637533.html", "https://career.hse.ru/polls/828959325.html", "https://career.hse.ru/polls/828964650.html", "https://career.hse.ru/polls/828972824.html"], "text": ["HSE Career Marathon возвращается", "Снова в двойном формате: очно и онлайн💙", "26 и 27 апреля", "Стендовые сессии в Атриуме📊", "Мастер-классы от генеральных партнеров ЦРК😎", "Открытый диалог с экспертами👩‍💼", "Экспресс-интервью по актуальным вакансиям и стажировкам💼", "Интерактивная фотозона📸", "Розыгрыши призов и мерча🥳🎁", "Стендовая сессия", "Стендовая сессия пройдёт 26 апреля в Атриуме с 12:00 до 18:00.", "Компании-партнеры: Авито, Альтхаус, Альфа-Банк, Банк России, ВсеИнструменты.ру, ВТБ Лизинг, ВТБ, Газпромбанк, Газпром ВНИИГАЗ, Газпром добыча Ямбург, Газпром инвест, Газпром информ, Газпром межрегионгаз Москва, Газпром телеком, Газпром трансгаз Ставрополь, Газпром ЦПС, ДОМ.РФ, КРОК, МосТрансПроект, МТС, МТС Банк, Правительство Москвы, Ресанта, Ростелеком, Ростелеком-Солар, РСО, Сбер, Сибур, Сколтех, Совкомбанк, Технологии Доверия, Тинькофф, DataFrame, Excellence Expert, GlowByte, Kept, Ozon, QIWI, VK.", "Программа мастер-классов", "26 апреля эксперты компаний проведут карьерные мастер-классы для студентов и выпускников. Будем решать кейсы, исправлять ошибки в резюме и расширять бизнес-кругозор. Узнаем лайфхаки о том, как попасть в команду мечты, научимся публичным выступлениям. Для самых активных участников предусмотрены призы: от мерча до fast-track на стажировки.", "26 апреля", "Начало 14:00", "«Хорошее резюме — это еще не все! Как продать себя на собеседовании»", "МТС Банк", "14:00 - 14:40", "📍 Аудитория F201", "Регистрация", "«Карьерный трек в QIWI: адаптация, развитие, система роста и вот это всё!»", "QIWI", "14:00 - 14:40", "📍 Аудитория F301", "Регистрация", "Начало 14:50", "«Что важно знать про аналитику, чтобы начать работать в этом направлении?»", "Райффайзен Банк", "14:50 - 15:30", "📍 Аудитория F201", "Регистрация", "«Какие навыки нужны молодому сотруднику, чтобы не остаться \"за бортом\"»", "Ростелеком-Солар", "14:50 - 15:30", "📍 Аудитория F301", "Регистрация", "Начало 15:40", "«Возможности твоего будущего: как пройти отбор в компанию мечты?»", "Банк ВТБ", "15:40 - 16:20", "📍 Аудитория F201", "Регистрация", "«Твой старт в IT: образовательные и карьерные возможности в VK»", "VK", "15:40 - 16:20", "📍 Аудитория F301", "Регистрация", "Начало 16:30", "«Matrix multiplication is slightly conscious: an overview of the modern neural networks»", "МТС", "16:30 - 17:10", "📍 Аудитория F201", "Регистрация", "«Публичные выступления»", "Сбер", "16:30 - 17:10", "📍 Аудитория F301", "Регистрация", "Начало 17:20", "«Продуктовая разработка. Мастер-класс по генерации идей»", "Альфа-Банк", "17:20 - 18:00", "📍 Аудитория F201", "Регистрация", "«Как я попал в команду в Ozon» — реальные истории от стажеров. Лайфхаки о том, как перейти в штат", "Ozon", "17:20 - 18:00", "📍 Аудитория F301", "Регистрация", "Подробные анонсы мастер-классов", "Открытый диалог с экспертами", "27 апреля эксперты топовых компаний обсудят актуальные вопросы, включая тренд на трудоустройство молодых лидеров из числа студентов, есть ли границы у «безграничного» ИИ, как бизнес выстраивает свою систему ответственного производства в гармонии с окружающей средой и много другое.", "27 апреля", "Молодые, но неопытные — тренд на трудоустройство молодых лидеров из числа студентов, программы стажёров в передовых компаниях, обновление команды со «свежим» взглядом, что лучше и эффективнее для бизнеса — гибкие и молодые или опытные, но «догоняющие» актуальные тренды?", "15:00 - 15:45", "Kept", "МосТрансПроект", "СИБУР", "DataFrame", "КРОК", "Регистрация", "Гонка за контентом: бизнес и GPT — насколько оправдана интеграция нейротехнологий в создании контента, каким сферам это «на руку», кто потеряет работу и есть ли границы у «безграничного» ИИ?", "15:55 - 16:40", "Сколтех", "Технологии Доверия", "Альфа-Банк", "Регистрация", "Эко-тренд, осознанное потребление и ESG-повестка — как бизнес выстраивает свою систему ответственного производства в гармонии с окружающей средой и обществом, насколько это реально в России.", "16:50 - 17:35", "VK", "Сбер", "МТС", "Крупнейший производитель продуктов питания", "Регистрация", "Экспресс-интервью", "Экспресс-интервью будут проходить 27 апреля с 15:00. Формат тестового собеседования с компанией — отличная возможность для студентов попробовать себя на актуальные вакансии. На каждого участника будет выделено до 15 минут. Важное условие — кандидат должен подходить по критериям, указанным в описании вакансии. Те участники, которые проявят себя и успешно пройдут экспресс-интервью, будут приглашены на собеседование в компанию для дальнейшего отбора.", "Для того чтобы попасть на экспресс-интервью, необходимо отправить свое резюме на career@hse.ru", "Технологии Доверия — G103, СИБУР — G120", "Стажер, консультант в департамент сопровождения сделок / Технологии Доверия", "Сегодня на нестабильном рынке компания может столкнуться с вызовами, которые требуют оперативного и безошибочного решения. Приобретение или продажа компании, ее части или любых активов, переговоры с потенциальным партнером, выбор пути развития компании с анализом эффективности, операционных и стратегических проектов, реструктуризация бизнеса, поиск возможностей финансирования инфраструктурных и инвестиционных расходов, анализ стоимости бизнеса, любых материальных и нематериальных активов, финансовых инструментов — вот далеко не полный перечень вопросов, с которыми может помочь практика сопровождения сделок.", "В рамках нашего направления сопровождения сделок мы предлагаем тебе уникальную возможность — трудоустройство в компанию в рамках программы «One Pool», что позволяет участвовать в проектах разных групп и максимально расширять свою профессиональную экспертизу в кратчайшие сроки.", "Чем предстоит заниматься:", "Комплексный анализ финансово-хозяйственной деятельности компаний;", "Построение гибких финансовых моделей;", "Отраслевой и макроэкономический анализ;", "Составление бизнес-планов и технико-экономических обоснований инвестиционных проектов;", "Проведение независимой финансовой проверки и проверки операционной деятельности потенциальных объектов приобретения/продажи до и после сделки;", "Помощь в проведении расследований: поиск и анализ информации, формирование и проверка гипотез, составление итоговых отчетов с выводами;", "Помощь в выполнении работ по сопровождению в спорах и судебных разбирательствах;", "Разработка презентационных материалов (отчеты, информационные меморандумы) для предоставления топ-менеджменту компаний.", "Требования к кандидатам:", "Оконченное высшее образование в области экономики, финансов, математики (или студент последних курсов с возможностью работать 30+ часов в неделю);", "Знание теоретических основ корпоративных финансов, а также владение основными принципами бухгалтерского учета;", "Отличное владение пакетом MS Office (Excel, PowerPoint);", "Знание английского языка на уровне intermediate и выше;", "Гибкий командный игрок, хорошо работающий в условиях многозадачности;", "Сильные аналитические способности, а также внимательность к деталям.", "Критерии первичного ассессмента:", "3-4 курс бакалавриата, 1-2 курс магистратуры, экономика;", "Возможность работать от 30 часов в неделю;", "Знание английского языка Intermediate+;", "Высокие коммуникативные навыки и лидерские качества.", "Стажер, консультант в SAP/1С, FACE, Технологический консалтинг / Технологии Доверия", "Команда Technology — одно из самых молодых, развивающихся и перспективных направлений Технологии Доверия. Мы воплощаем в реальность идеи наших клиентов по автоматизации их процессов.", "Мы в поиске активных и талантливых кандидатов в наши направления: SAP/1С, FACE, Технологический консалтинг.", "Чем ты будешь заниматься в этой роли:", "участвовать в крупномасштабных проектах в области автоматизации бизнес-процессов крупных компаний российского и зарубежного рынка,", "анализировать процессы наших клиентов, находить в них области оптимизации, и, что самое главное, - возможности для автоматизации,", "искать современные подходы к решению задач,", "формировать требования к будущим автоматизированным решениям,", "помогать в подготовке рекомендаций по автоматизации, технических заданий и проектных решений функциональным консультантам и бизнес-архитекторам.", "Какие мы предъявляем требования к кандидатам:", "законченное высшее образование или последние курсы вуза", "широкий кругозор на современные технологии и их повсеместное использование,", "умение быстро осваивать новые навыки и изучать большие массивы информации,", "критическое мышление и навыки поиска областей для оптимизации в любых направлениях,", "опыт командной работы над общим проектом, презентации результатов, развитые навыки устного и письменного общения, в том числе на английском языке,", "умение описывать процессы AS-IS и TO-BE с использованием одной или нескольких современных методологий моделирования,", "знание основ проектного управления, как по методологии waterfall, так и по гибким методологиям - KANBAN, Scrum и прочие,", "высшее или неоконченное высшее образование в области информационных технологий, бизнес-информатики, прикладной математики или информатики, программирования или информационной безопасности.", "У тебя есть преимущество, если:", "ты подписан/подписана и регулярно читаешь материалы порталов по теме информационных технологий (vc, TechCrunch, TechSparks, Habr и другие),", "ты участвовал/участвовала в командных проектах с участием 3+ человек в рамках своей карьеры или учебы,", "ты умеешь разрабатывать технические задания и описывать процессы,", "ты знаешь современные методики анализа данных и умеешь применять на практике SQL или python,", "ты изучал/изучала и знаешь современные информационные системы управления предприятием (в частности 1С) или уже работал в качестве пользователя в таких системах,", "ты проходил/проходила курсы в области современных систем (в частности 1С),", "и ты знаешь что такое проект и какие основные этапы его.", "Критерии первичного ассессмента:", "3-4 курс бакалавриата, 1-2 курс магистратуры, экономика", "Возможность работать от 30 часов в неделю", "Знание английского языка Intermediate+", "Высокие коммуникативные навыки и лидерские качества", "ты подписан/подписана и регулярно читаешь материалы порталов по теме информационных технологий (vc, TechCrunch, TechSparks, Habr и другие),", "ты участвовал/участвовала в командных проектах с участием 3+ человек в рамках своей карьеры или учебы,", "ты умеешь разрабатывать технические задания и описывать процессы,", "ты знаешь современные методики анализа данных и умеешь применять на практике SQL или python,", "ты изучал/изучала и знаешь современные информационные системы управления предприятием (в частности 1С) или уже работал в качестве пользователя в таких системах,", "ты проходил/проходила курсы в области современных систем (в частности 1С),", "и ты знаешь что такое проект и какие основные этапы его.", "Стажер (Логистика) / СИБУР", "СИБУР ведет активный набор на нескольно направлений логистики: Складская логистика, Аналитика операций", "Требования к кандидатам:", "- Выпускник или в том числе студент выпускного курса бакалавриата/специалитета, студент 1-2 курса магистратуры по направлениям Логистика и УЦП.", "- Уверенно владеете продуктами Microsoft Office и SAP (Visio и ERP-системы будут преимуществом)", "Обладаете навыками работы с отчетностью и большими объемами информации.Ответственно подходите к порученным задачам, имеете внутреннюю потребность доводить проекты до завершения, постоянно обучаетесь и осваиваете новые компетенции. Обладаете аналитическим складом ума и коммуникативными навыками. Имеете активную жизненную позицию и ответственно подходите к выполнению поставленных задач.", "Стажер (Закупки сырья и контроллинг закупок) / СИБУР", "Задачи:", "Анализ закупок, подготовка переговорной позиции, формирование КП, составление аналитики, работа над улучшением. Формирование коммерческой переговорной позиции, аналитика данных, формирование рыночных предпосылок и взаимосвязей на рынке", "Требования к кандидатам:", "- Студент выпускного курса бакалавриата или 1-2 курса магистратуры (специальности: маркетинг, аналитика, экономика и финансы);", "- Уверенное владение программами пакета MS Office;", "- Уровень английского языка - Upper-Intermediate и выше.", "Обладаете навыками работы с отчетностью и большими объемами информации.Ответственно подходите к порученным задачам, имеете внутреннюю потребность доводить проекты до завершения, постоянно обучаетесь и осваиваете новые компетенции. Обладаете аналитическим складом ума и коммуникативными навыками. Имеете активную жизненную позицию и ответственно подходите к выполнению поставленных задач.", "Стажер (Проектный менеджмент) / СИБУР", "Задачи:", "- Помощь руководителю в выстраивании процессов коммуникации с командой по различными функциями;", "- Подготовка отчетности по портфелю проектов;", "- Подготовка аналитических и презентационных материалов;", "- Администрирование портфеля проектов.", "Требования к кандидатам:", "- Выпускник или в том числе студент выпускных курсов ВУЗов по направлению экономика/бизнес-информатика/финансы/проектное управление;", "- Имели опыт в развитии бизнес и производственных систем;", "- Продвинутый пользователь Microsoft Office (Power Point, Excel – сводные таблицы, формулы);", "- Владеете английским языком на уровне Intermediate и выше;", "- Проходили курсы по управлению проектами или принимали участие в кейс-чемпионатах (как преимущество);", "Обладаете навыками работы с отчетностью и большими объемами информации. Ответственно подходите к порученным задачам, имеете внутреннюю потребность доводить проекты до завершения, постоянно обучаетесь и осваиваете новые компетенции. Обладаете аналитическим складом ума и коммуникативными навыками. Имеете активную жизненную позицию и ответственно подходите к выполнению поставленных задач.", "Наши соцсети", "Партнеры"]}