{"title": "Тема «приглашение к участию» — Новости — НИУ ВШЭ для абитуриентов и студентов с ограниченными возможностями здоровья и инвалидностью — Национальный исследовательский университет «Высшая школа экономики»", "description": "", "url": "https://inclusive.hse.ru/news/tags/inv/", "data": [{"level": "2", "text": "НИУ ВШЭ для абитуриентов и студентов с ограниченными возможностями здоровья и инвалидностью", "response": []}, {"level": "1", "text": "Тема «приглашение к участию»", "response": []}, {"level": "2", "text": "Опубликована дополнительная информация о поступлении в НИУ ВШЭ в 2024 году", "response": ["Приемная комиссия разместила на сайте важную информацию для поступающих в Вышку в 2024 году: количество бюджетных и платных мест в бакалавриате/специалитете и магистратуре, изменения в составе образовательных программ и другое. Рассказываем подробнее в статье.", "Поступающимприглашение к участиюбакалавриатмагистратураприемная кампания 2024", "19 января"]}, {"level": "2", "text": "Приглашаем на онлайн-ярмарку вакансий для специалистов с инвалидностью!", "response": ["Мероприятие проводится при поддержке Благотворительного Фонда Абсолют-Помощь и с использованием гранта Президента Российской Федерации на развитие гражданского общества, предоставленного Фондом президентских грантов.", "Университетская жизньне учебаприглашение к участиюбакалавриатмагистратура", "2 июня", "2023"]}, {"level": "2", "text": "Приглашаем принять участие в карьерной сессии «Твоя карьера в Unilever в России» для студентов и выпускников НИУ ВШЭ с инвалидностью", "response": ["Университетская жизньприглашение к участиюбакалавриатмагистратура", "23 мая", "2023"]}, {"level": "2", "text": "Приглашаем принять участие в VI Всероссийском сетевом конкурсе студенческих проектов «Профессиональное завтра» с участием студентов с инвалидностью", "response": ["Уважаемые студенты!В целях совершенствования личностных и профессиональных компетенций у студентов вузов для выбора траекторий профессионального развития и трудоустройства в условиях инклюзивного общества сеть Ресурсных учебно-методических центров по обучению   лиц с инвалидностью и  ограниченными возможностями здоровья вузов Российской Федерации, при поддержке Министерства науки и высшего образования Российской Федерации проводит VI Всероссийский сетевой конкурс студенческих проектов «Профессиональное завтра» с участием студентов с инвалидностью.", "Университетская жизньне учебаприглашение к участиюбакалавриатмагистратура", "11 мая", "2023"]}, {"level": "2", "text": "Конкурс для молодежи с инвалидностью \"Путь к карьере\"", "response": ["Обществомастер-классыприглашение к участиюбакалавриатмагистратура", "10 января", "2023"]}, {"level": "2", "text": "МТС - новые возможности для каждого", "response": ["Приглашаем посетить социально-образовательное  мероприятие, которое состоится 23 июня в 11.00 в Центре «Моя работа» в г. Москве.", "Обществомастер-классыприглашение к участиюобщественная деятельностьбакалавриатмагистратура", "21 июня", "2022"]}, {"level": "2", "text": "Онлайн-ярмарка вакансий для людей с инвалидностью", "response": ["Приглашаем студентов и выпускников с инвалидностью   9 июня посетить  онлайн-ярмарку вакансий  в Москве!", "Обществоне учебаприглашение к участиюбакалавриатмагистратура", "3 июня", "2022"]}, {"level": "2", "text": "Приглашаем принять участие в V Всероссийском сетевом конкурсе студенческих проектов «Профессиональное завтра»с участием студентов с инвалидностью", "response": ["V Всероссийский сетевой конкурс студенческих проектов «Профессиональное завтра» проводится сетью Ресурсных учебно-методических центров по обучению инвалидов и лиц с ограниченными возможностями здоровья  вузов России  при поддержке Министерства науки и высшего образования.  Задачами  Конкурса являются: повышение мотивации студентов к  профессиональному развитию и трудоустройству; поддержка студенческих инициатив, направленных на развитие инклюзии в обществе; развитие инклюзивной культуры в сфере труда и образования.", "Университетская жизньне учебаприглашение к участиюобщественная деятельность", "28 марта", "2022"]}, {"level": "2", "text": "Образовательный онлайн-проект «Карьерные перспективы» для студентов и выпускников с инвалидностью", "response": ["Образованиемастер-классыприглашение к участиюонлайн-образование", "1 февраля", "2022"]}, {"level": "2", "text": "Продолжается прием заявок на конкурс «Путь к карьере» для молодых специалистов с инвалидностью в Москве", "response": ["Ежегодный конкурс «Путь к карьере» проводится Советом бизнеса по вопросам инвалидности при поддержке РООИ «Перспектива». Цель – предоставить участникам – молодым специалистам с инвалидностью возможность реального трудоустройства.", "Образованиемастер-классыприглашение к участиюбакалавриатмагистратура", "18 января", "2022"]}], "links": ["https://inclusive.hse.ru/news/554312909.html", "https://inclusive.hse.ru/news/559559943.html", "https://inclusive.hse.ru/news/580895608.html", "https://inclusive.hse.ru/news/642266650.html", "https://inclusive.hse.ru/news/663083193.html", "https://inclusive.hse.ru/news/807206941.html", "https://inclusive.hse.ru/news/832621389.html", "https://inclusive.hse.ru/news/835515426.html", "https://inclusive.hse.ru/news/837524177.html", "https://inclusive.hse.ru/news/admission/", "https://inclusive.hse.ru/news/community/", "https://inclusive.hse.ru/news/edu/", "https://inclusive.hse.ru/news/keywords/869900232/", "https://inclusive.hse.ru/news/life/", "https://inclusive.hse.ru/news/tags/bprep/", "https://inclusive.hse.ru/news/tags/extra/", "https://inclusive.hse.ru/news/tags/inv/", "https://inclusive.hse.ru/news/tags/inv/page2.html", "https://inclusive.hse.ru/news/tags/inv/page3.html", "https://inclusive.hse.ru/news/tags/inv/page4.html", "https://inclusive.hse.ru/news/tags/inv/page5.html", "https://inclusive.hse.ru/news/tags/mag/", "https://inclusive.hse.ru/news/tags/mclass/", "https://inclusive.hse.ru/news/tags/online/", "https://inclusive.hse.ru/news/tags/pubact/"], "text": ["19янв2024Опубликована дополнительная информация о поступлении в НИУ ВШЭ в 2024 годуПриемная комиссия разместила на сайте важную информацию для поступающих в Вышку в 2024 году: количество бюджетных и платных мест в бакалавриате/специалитете и магистратуре, изменения в составе образовательных программ и другое. Рассказываем подробнее в статье.Поступающимприглашение к участиюбакалавриатмагистратураприемная кампания 202419 января2июн2023Приглашаем на онлайн-ярмарку вакансий для специалистов с инвалидностью!Мероприятие проводится при поддержке Благотворительного Фонда Абсолют-Помощь и с использованием гранта Президента Российской Федерации на развитие гражданского общества, предоставленного Фондом президентских грантов.Университетская жизньне учебаприглашение к участиюбакалавриатмагистратура2 июня", "202323мая2023Приглашаем принять участие в карьерной сессии «Твоя карьера в Unilever в России» для студентов и выпускников НИУ ВШЭ с инвалидностьюУниверситетская жизньприглашение к участиюбакалавриатмагистратура23 мая", "202311мая2023Приглашаем принять участие в VI Всероссийском сетевом конкурсе студенческих проектов «Профессиональное завтра» с участием студентов с инвалидностьюУважаемые студенты!В целях совершенствования личностных и профессиональных компетенций у студентов вузов для выбора траекторий профессионального развития и трудоустройства в условиях инклюзивного общества сеть Ресурсных учебно-методических центров по обучению   лиц с инвалидностью и  ограниченными возможностями здоровья вузов Российской Федерации, при поддержке Министерства науки и высшего образования Российской Федерации проводит VI Всероссийский сетевой конкурс студенческих проектов «Профессиональное завтра» с участием студентов с инвалидностью.Университетская жизньне учебаприглашение к участиюбакалавриатмагистратура11 мая", "202310янв2023Конкурс для молодежи с инвалидностью \"Путь к карьере\"Обществомастер-классыприглашение к участиюбакалавриатмагистратура10 января", "202321июн2022МТС - новые возможности для каждогоПриглашаем посетить социально-образовательное  мероприятие, которое состоится 23 июня в 11.00 в Центре «Моя работа» в г. Москве.Обществомастер-классыприглашение к участиюобщественная деятельностьбакалавриатмагистратура21 июня", "20223июн2022Онлайн-ярмарка вакансий для людей с инвалидностьюПриглашаем студентов и выпускников с инвалидностью   9 июня посетить  онлайн-ярмарку вакансий  в Москве!Обществоне учебаприглашение к участиюбакалавриатмагистратура3 июня", "202228мар2022Приглашаем принять участие в V Всероссийском сетевом конкурсе студенческих проектов «Профессиональное завтра»с участием студентов с инвалидностьюV Всероссийский сетевой конкурс студенческих проектов «Профессиональное завтра» проводится сетью Ресурсных учебно-методических центров по обучению инвалидов и лиц с ограниченными возможностями здоровья  вузов России  при поддержке Министерства науки и высшего образования.  Задачами  Конкурса являются: повышение мотивации студентов к  профессиональному развитию и трудоустройству; поддержка студенческих инициатив, направленных на развитие инклюзии в обществе; развитие инклюзивной культуры в сфере труда и образования.Университетская жизньне учебаприглашение к участиюобщественная деятельность28 марта", "20221фев2022Образовательный онлайн-проект «Карьерные перспективы» для студентов и выпускников с инвалидностьюОбразованиемастер-классыприглашение к участиюонлайн-образование1 февраля", "202218янв2022Продолжается прием заявок на конкурс «Путь к карьере» для молодых специалистов с инвалидностью в МосквеЕжегодный конкурс «Путь к карьере» проводится Советом бизнеса по вопросам инвалидности при поддержке РООИ «Перспектива». Цель – предоставить участникам – молодым специалистам с инвалидностью возможность реального трудоустройства.Образованиемастер-классыприглашение к участиюбакалавриатмагистратура18 января", "2022Следующая страница12345"]}