{"title": "Защита кандидатской диссертации Гусевой Ольги Александровны – Диссертационные советы – Национальный исследовательский университет «Высшая школа экономики»", "description": "", "url": "https://www.hse.ru/science/disscoun/announcements/876298399.html", "data": [{"level": "1", "text": "Защита кандидатской диссертации Гусевой Ольги Александровны", "response": []}], "links": ["https://www.hse.ru/sci/diss/766764091", "https://www.hse.ru/sci/diss/804567042", "https://www.hse.ru/science/disscoun/", "https://www.hse.ru/science/disscoun/news/announcements/keywords/224301109/", "https://www.hse.ru/staff/demidova_olga", "https://www.hse.ru/staff/stepanova"], "text": ["Защита кандидатской диссертации Гусевой Ольги Александровны", "Мероприятие завершено", "07 февраля 2024 года состоится защита кандидатской диссертации Гусевой Ольги Александровны на тему \"Финансирование малых и средних технологических компаний в России: гранты и собственный капитал\", представленной на соискание учёной степени кандидата экономических наук. Научный руководитель: к.э.н. Степанова А.Н.Начало: 12:00Защита диссертации будет проходить в дистанционном формате. Для получения доступа к онлайн-трансляции защиты обратитесь к менеджеру диссертационного совета.С текстом диссертации, резюме и материалами по защите можно ознакомиться по ссылке.", "Дата", "7 февраля 12:00", "Темы", "Совет по экономике", "В статье упомянуты", "Диссертационные советы"]}