{"title": "Тема «взгляд ученого» – Новости – XXIV Ясинская (Апрельская) международная научная конференция по проблемам развития экономики и общества – Национальный исследовательский университет «Высшая школа экономики»", "description": "", "url": "https://conf.hse.ru/2023/news/tags/view/", "data": [{"level": "1", "text": "Тема «взгляд ученого»", "response": ["Система обучения PICK: уникальный подход к креативному образованию и многоязычному обучению", "В эпоху цифровой трансформации стала очевидной необходимость более активной интеграции знаний в пространство межкультурного диалога. Именно поэтому все большую популярность стала набирать программаPICK, включающая в себя развитие трех основных soft-компетенций, наиболее востребованных в современном обществе. Что входит в эту программу? Каковы ее особенности? Эти вопросы обсудили участники круглого стола«Система PICK: Мост между креативным и полилингвальным образованием» XXIV Ясинской (Апрельской) международной научной конференции по проблемам развития экономики и общества.", "Наука", "дискуссии", "исследования и аналитика", "взгляд ученого", "экспертиза", "Ясинская конференция 2023", "20 апреля, 2023 г.", "Как инновации могут помочь в изучении потенциала человека?", "Технологические инновации могут помочь измерять и анализировать психологические и физиологические данные, отражающие человеческий потенциал. Современные технологии позволяют собирать и анализировать большие объемы информации о человеческом организме, его функциях и возможностях. Какие новые инновационные способы измерения человеческого потенциала существуют? Какой вклад они внесут в науку уже в ближайшем будущем? Эти и другие вопросы обсудили участники круглого стола « Инновационные направления исследований человеческого потенциала », который прошел в рамках XXIV Ясинской (Апрельской) международной научной конференции по проблемам развития экономики и общества.", "Экспертиза", "исследования и аналитика", "взгляд ученого", "экспертиза", "человеческий потенциал", "Ясинская конференция 2023", "18 апреля, 2023 г.", "София Давидова: «В условиях бедности и роста затрат краткосрочные интересы преобладают над долгосрочными экологическими проблемами»", "Сохранение сельских территорий и их базовых функций — особый вопрос для развития постиндустриального общества. Чтобы лучше понять, как сегодня функционирует эта сфера и как ее участники воспринимают цели устойчивого развития, важно в исследованиях использовать партисипативный подход. Опытом такой работы и результатами исследования развитых и развивающихся стран поделилась на XXIV Ясинской (Апрельской) международной научной конференции независимый эксперт из Болгарии София Давидова.", "Экспертиза", "исследования и аналитика", "взгляд ученого", "репортаж о событии", "сельские территории", "Ясинская конференция 2023", "18 апреля, 2023 г.", "Обратно из города в деревню: китайская стратегия сельского возрождения", "Китай достиг впечатляющего экономического прогресса, но до сих пор его сельские жители примерно в три раза беднее горожан. Планами страны по развитию деревни поделился доктор Юхенг Ли из Института географических наук и исследований природных ресурсов Академии наук Китая на XXIV Ясинской (Апрельской) международной научной конференции. Он выступил с докладом «Стратегия сельского возрождения Китая и ее социально-экономические результаты».", "Экспертиза", "исследования и аналитика", "взгляд ученого", "репортаж о событии", "демография", "Китай", "18 апреля, 2023 г.", "Луи Шовель: «Неравенство как социальный холестерин»", "В начале 2023 года группа миллионеров и миллиардеров из развитых стран опубликовала открытое письмо с требованием введения налога на сверхбогатство для сокращения глобального неравенства. Подписанты называют свою инициативу «экономикой здравого смысла». Профессор Люксембургского университета, доктор философии Université de Lille, Habilitation Sciences Po Луи Шовель предлагает посмотреть на вопрос шире и сравнить реальное неравенство доходов и неравенство богатства. С докладом «Расхождение между неравенством доходов и богатства: международная перспектива, включая Россию» он выступил на XXIV Ясинской (Апрельской) международной научной конференции.", "Наука", "исследования и аналитика", "взгляд ученого", "репортаж о событии", "неравенство", "Ясинская конференция 2023", "17 апреля, 2023 г.", "Проблема одиночества, эйджизм и риски для здоровья: учёные из НИУ ВШЭ и РАНХиГС подвели итоги исследований об аспектах благополучия пожилых людей", "Одиночество пожилых людей – это острая социальная проблема, о которой необходимо открыто говорить, которую необходимо решать всеми доступными методами. В молодом возрасте наша психика более подвижна, мы можем справиться с обстоятельствами, повлекшими за собой одиночество, но, чем старше мы становимся – тем острее воспринимаем все эмоции и потрясения.", "Экспертиза", "идеи и опыт", "взгляд ученого", "экспертиза", "одинокие пожилые люди", "Ясинская конференция 2023", "17 апреля, 2023 г.", "Не хуже, чем у других: зависть как драйвер экономического роста", "Классическая экономическая теория предполагает, что все экономические агенты полностью эгоистичны и рациональны в максимизации собственного материального благополучия, на них не влияют внешние факторы. Следовательно, экстерналии никак не учитываются при построении экономических моделей. Однако ряд социологов настаивает на пересмотре современной экономической теории и учете моральных аспектов поведения экономических агентов. Наблюдениями и успехами в создании собственной экономической модели с учетом зависти на XXIV Ясинской (Апрельской) международной научной конференции поделился профессор факультета экономики Европейского университета в Санкт-Петербурге Кирилл Борисов.", "Наука", "исследования и аналитика", "взгляд ученого", "репортаж о событии", "экономика", "Ясинская конференция 2023", "13 апреля, 2023 г.", "Совершенствование закона «О молодежной политике в Российской Федерации» обсудили на XXIV Ясинской международной конференции", "В рамках XXIV Ясинской (Апрельской) международной конференции по проблемам развития экономики и общества были названы ключевые принципы молодежной политики, которые должны найти отражение в обновленном законе.", "Экспертиза", "дискуссии", "взгляд ученого", "экспертиза", "государственная молодежная политика", "Ясинская конференция 2023", "12 апреля, 2023 г.", "Технологию «обучения служением» обсудили на конференции в ВШЭ", "С сентября 2023 года модель обучения служением должна быть внедрена в образовательный процесс университетов согласно перечню поручений Президента, сформированным по итогам заседания Государственного совета. XXIV Ясинская (Апрельская) международная конференция по проблемам развития экономики и общества стала площадкой экспертного обсуждения методологии встраивания технологии обучения служением в работу российских университетов.", "Экспертиза", "идеи и опыт", "профессора", "исследования и аналитика", "взгляд ученого", "Ясинская конференция 2023", "11 апреля, 2023 г.", "Воронка для талантов: как сотрудничать бизнесу и университетам в образовании и науке", "Что такое STEM, где консенсус между научными и бизнес-задачами, а также другие вопросы обсуждались на пленарной сессии «Наука и бизнес: новые тренды», прошедшей в рамках XXIV Ясинской (Апрельской) международной научной конференции.", "Экспертиза", "профессора", "дискуссии", "взгляд ученого", "экспертиза", "Ясинская конференция 2023", "11 апреля, 2023 г.", "1", "2"]}, {"level": "2", "text": "Система обучения PICK: уникальный подход к креативному образованию и многоязычному обучению", "response": []}, {"level": "2", "text": "Как инновации могут помочь в изучении потенциала человека?", "response": []}, {"level": "2", "text": "София Давидова: «В условиях бедности и роста затрат краткосрочные интересы преобладают над долгосрочными экологическими проблемами»", "response": []}, {"level": "2", "text": "Обратно из города в деревню: китайская стратегия сельского возрождения", "response": []}, {"level": "2", "text": "Луи Шовель: «Неравенство как социальный холестерин»", "response": []}, {"level": "2", "text": "Проблема одиночества, эйджизм и риски для здоровья: учёные из НИУ ВШЭ и РАНХиГС подвели итоги исследований об аспектах благополучия пожилых людей", "response": []}, {"level": "2", "text": "Не хуже, чем у других: зависть как драйвер экономического роста", "response": []}, {"level": "2", "text": "Совершенствование закона «О молодежной политике в Российской Федерации» обсудили на XXIV Ясинской международной конференции", "response": []}, {"level": "2", "text": "Технологию «обучения служением» обсудили на конференции в ВШЭ", "response": []}, {"level": "2", "text": "Воронка для талантов: как сотрудничать бизнесу и университетам в образовании и науке", "response": []}], "links": ["https://conf.hse.ru/2023/news/827059699.html", "https://conf.hse.ru/2023/news/827060649.html", "https://conf.hse.ru/2023/news/827062348.html", "https://conf.hse.ru/2023/news/828997158.html", "https://conf.hse.ru/2023/news/828998271.html", "https://conf.hse.ru/2023/news/829734191.html", "https://conf.hse.ru/2023/news/expertise/", "https://conf.hse.ru/2023/news/keywords/18173794/", "https://conf.hse.ru/2023/news/keywords/200545157/", "https://conf.hse.ru/2023/news/keywords/226510814/", "https://conf.hse.ru/2023/news/keywords/3008796/", "https://conf.hse.ru/2023/news/keywords/42431/", "https://conf.hse.ru/2023/news/keywords/4470139/", "https://conf.hse.ru/2023/news/keywords/61874525/", "https://conf.hse.ru/2023/news/keywords/72037962/", "https://conf.hse.ru/2023/news/keywords/821892453/", "https://conf.hse.ru/2023/news/science/", "https://conf.hse.ru/2023/news/tags/discus/", "https://conf.hse.ru/2023/news/tags/erep/", "https://conf.hse.ru/2023/news/tags/expert/", "https://conf.hse.ru/2023/news/tags/practice/", "https://conf.hse.ru/2023/news/tags/prof/", "https://conf.hse.ru/2023/news/tags/resanl/", "https://conf.hse.ru/2023/news/tags/view/", "https://conf.hse.ru/2023/news/tags/view/page2.html", "https://daily.hse.ru/post/936", "https://daily.hse.ru/post/948", "https://daily.hse.ru/post/956", "https://daily.hse.ru/post/957"], "text": ["Тема «взгляд ученого»", "Система обучения PICK: уникальный подход к креативному образованию и многоязычному обучению", "В эпоху цифровой трансформации стала очевидной необходимость более активной интеграции знаний в пространство межкультурного диалога. Именно поэтому все большую популярность стала набирать программаPICK, включающая в себя развитие трех основных soft-компетенций, наиболее востребованных в современном обществе. Что входит в эту программу? Каковы ее особенности? Эти вопросы обсудили участники круглого стола«Система PICK: Мост между креативным и полилингвальным образованием» XXIV Ясинской (Апрельской) международной научной конференции по проблемам развития экономики и общества.", "Наука", "дискуссии", "исследования и аналитика", "взгляд ученого", "экспертиза", "Ясинская конференция 2023", "20 апреля, 2023 г.", "Как инновации могут помочь в изучении потенциала человека?", "Технологические инновации могут помочь измерять и анализировать психологические и физиологические данные, отражающие человеческий потенциал. Современные технологии позволяют собирать и анализировать большие объемы информации о человеческом организме, его функциях и возможностях. Какие новые инновационные способы измерения человеческого потенциала существуют? Какой вклад они внесут в науку уже в ближайшем будущем? Эти и другие вопросы обсудили участники круглого стола « Инновационные направления исследований человеческого потенциала », который прошел в рамках XXIV Ясинской (Апрельской) международной научной конференции по проблемам развития экономики и общества.", "Экспертиза", "исследования и аналитика", "взгляд ученого", "экспертиза", "человеческий потенциал", "Ясинская конференция 2023", "18 апреля, 2023 г.", "София Давидова: «В условиях бедности и роста затрат краткосрочные интересы преобладают над долгосрочными экологическими проблемами»", "Сохранение сельских территорий и их базовых функций — особый вопрос для развития постиндустриального общества. Чтобы лучше понять, как сегодня функционирует эта сфера и как ее участники воспринимают цели устойчивого развития, важно в исследованиях использовать партисипативный подход. Опытом такой работы и результатами исследования развитых и развивающихся стран поделилась на XXIV Ясинской (Апрельской) международной научной конференции независимый эксперт из Болгарии София Давидова.", "Экспертиза", "исследования и аналитика", "взгляд ученого", "репортаж о событии", "сельские территории", "Ясинская конференция 2023", "18 апреля, 2023 г.", "Обратно из города в деревню: китайская стратегия сельского возрождения", "Китай достиг впечатляющего экономического прогресса, но до сих пор его сельские жители примерно в три раза беднее горожан. Планами страны по развитию деревни поделился доктор Юхенг Ли из Института географических наук и исследований природных ресурсов Академии наук Китая на XXIV Ясинской (Апрельской) международной научной конференции. Он выступил с докладом «Стратегия сельского возрождения Китая и ее социально-экономические результаты».", "Экспертиза", "исследования и аналитика", "взгляд ученого", "репортаж о событии", "демография", "Китай", "18 апреля, 2023 г.", "Луи Шовель: «Неравенство как социальный холестерин»", "В начале 2023 года группа миллионеров и миллиардеров из развитых стран опубликовала открытое письмо с требованием введения налога на сверхбогатство для сокращения глобального неравенства. Подписанты называют свою инициативу «экономикой здравого смысла». Профессор Люксембургского университета, доктор философии Université de Lille, Habilitation Sciences Po Луи Шовель предлагает посмотреть на вопрос шире и сравнить реальное неравенство доходов и неравенство богатства. С докладом «Расхождение между неравенством доходов и богатства: международная перспектива, включая Россию» он выступил на XXIV Ясинской (Апрельской) международной научной конференции.", "Наука", "исследования и аналитика", "взгляд ученого", "репортаж о событии", "неравенство", "Ясинская конференция 2023", "17 апреля, 2023 г.", "Проблема одиночества, эйджизм и риски для здоровья: учёные из НИУ ВШЭ и РАНХиГС подвели итоги исследований об аспектах благополучия пожилых людей", "Одиночество пожилых людей – это острая социальная проблема, о которой необходимо открыто говорить, которую необходимо решать всеми доступными методами. В молодом возрасте наша психика более подвижна, мы можем справиться с обстоятельствами, повлекшими за собой одиночество, но, чем старше мы становимся – тем острее воспринимаем все эмоции и потрясения.", "Экспертиза", "идеи и опыт", "взгляд ученого", "экспертиза", "одинокие пожилые люди", "Ясинская конференция 2023", "17 апреля, 2023 г.", "Не хуже, чем у других: зависть как драйвер экономического роста", "Классическая экономическая теория предполагает, что все экономические агенты полностью эгоистичны и рациональны в максимизации собственного материального благополучия, на них не влияют внешние факторы. Следовательно, экстерналии никак не учитываются при построении экономических моделей. Однако ряд социологов настаивает на пересмотре современной экономической теории и учете моральных аспектов поведения экономических агентов. Наблюдениями и успехами в создании собственной экономической модели с учетом зависти на XXIV Ясинской (Апрельской) международной научной конференции поделился профессор факультета экономики Европейского университета в Санкт-Петербурге Кирилл Борисов.", "Наука", "исследования и аналитика", "взгляд ученого", "репортаж о событии", "экономика", "Ясинская конференция 2023", "13 апреля, 2023 г.", "Совершенствование закона «О молодежной политике в Российской Федерации» обсудили на XXIV Ясинской международной конференции", "В рамках XXIV Ясинской (Апрельской) международной конференции по проблемам развития экономики и общества были названы ключевые принципы молодежной политики, которые должны найти отражение в обновленном законе.", "Экспертиза", "дискуссии", "взгляд ученого", "экспертиза", "государственная молодежная политика", "Ясинская конференция 2023", "12 апреля, 2023 г.", "Технологию «обучения служением» обсудили на конференции в ВШЭ", "С сентября 2023 года модель обучения служением должна быть внедрена в образовательный процесс университетов согласно перечню поручений Президента, сформированным по итогам заседания Государственного совета. XXIV Ясинская (Апрельская) международная конференция по проблемам развития экономики и общества стала площадкой экспертного обсуждения методологии встраивания технологии обучения служением в работу российских университетов.", "Экспертиза", "идеи и опыт", "профессора", "исследования и аналитика", "взгляд ученого", "Ясинская конференция 2023", "11 апреля, 2023 г.", "Воронка для талантов: как сотрудничать бизнесу и университетам в образовании и науке", "Что такое STEM, где консенсус между научными и бизнес-задачами, а также другие вопросы обсуждались на пленарной сессии «Наука и бизнес: новые тренды», прошедшей в рамках XXIV Ясинской (Апрельской) международной научной конференции.", "Экспертиза", "профессора", "дискуссии", "взгляд ученого", "экспертиза", "Ясинская конференция 2023", "11 апреля, 2023 г.", "1", "2"]}