{"title": "Иностранным абитуриентам - Пермь – Национальный исследовательский университет «Высшая школа экономики»", "description": "", "url": "https://perm.hse.ru/admissions", "data": [{"level": "1", "text": "Иностранным абитуриентам", "response": []}, {"level": "2", "text": "НИУ ВШЭ – Пермь", "response": ["Подать заявку в бакалавриат  Подать заявку в магистратуру", "Поддержка иностранных студентов"]}, {"level": "2", "text": "Почему НИУ ВШЭ-Пермь?", "response": ["7 образовательных программ бакалавриата", "225 бюджетных мест", "до 70% скидки на платное обучение", "5 образовательных программ магистратуры", "143 бюджетных мест", "до 50% скидки на платное обучение", "Удобные общежития для всех иногородних студентов", "Студенческая мобильность: полгода по обмену в разных кампусках Вышки", "Стипендиальные программы", "Стажировки и практика в российских и международных компаниях", "Яркая студенческая жизнь", "Удобный график занятий"]}, {"level": "1", "text": "Студенты о Вышке", "response": ["Умиджон Эргашев", "Ибрахим Сандук", "Саттордоза Сухроби Рустам", "Сафарбек Норов", "Василий Бубнов", "Катарина Самойлова", "Фирдавс Исмаилов"]}, {"level": "2", "text": "Платится ли стипендия иностранным студентам?", "response": ["Стипендия платится студентам согласно месту в рейтинге. Подробнее о видах, порядке начисления стипендии можно прочитать здесь", "Другие вопросы...", "Задай свой вопрос"]}, {"level": "2", "text": "Контакты", "response": []}, {"level": "2", "text": "Подписаться на новости", "response": ["* - обязательные вопросы", "1.  Пожалуйста, представьтесь:  *", "ФИО", "2.  Email:  *", "3.  Укажите свое гражданство:  *", "4.  Откуда Вы узнали о программах НИУ ВШЭ - Пермь?  *", "5.  На какую программу Пермского кампуса НИУ ВШЭ Вы планируете поступать?  *", "Разработка информационных систем для бизнеса - Программная инженерия (бакалавриат)", "Разработка информационных систем для бизнеса  - Бизнес-информатика (бакалавриат)", "Международный бакалавриат по бизнесу и экономике (бакалавриат)", "Иностранные языки и межкультурная коммуникация в бизнесе (бакалавриат)", "Дизайн (бакалавриат)", "Юриспруденция (бакалавриат)", "История (бакалавриат)", "Государственное и муниципальное управление (магистратура)", "Бизнес-аналитика (магистратура)", "Управление развитием бизнеса (магистратура)", "Правовое обеспечение предпринимательской деятельности (магистратура)", "Финансовые стратегии и аналитика (магистратура)", "Нажимая «Отправить», я подтверждаю, что лично ознакомился с Положением об обработке персональных данных НИУ ВШЭ, вправе предоставлять свои персональные данные и давать согласие на их обработку. Предоставляя свои персональные данные, принимаю условия этого Положения, подтверждаю, что они относятся ко мне, являются точными и актуальными, тем самым свободно, своей волей и в своем интересе распоряжаюсь ими, осознаю последствия их предоставления и выражаю свое согласие на их обработку в соответствии с пунктом 3.7 Положения об обработке персональных данных НИУ ВШЭ."]}], "links": ["http://asav.hse.ru/applyba.html", "http://asav.hse.ru/applyma.html", "https://admissions.hse.ru/", "https://nnov.hse.ru/admissions/", "https://perm.hse.ru/admissions/", "https://perm.hse.ru/admissions/ba", "https://perm.hse.ru/admissions/faq", "https://perm.hse.ru/admissions/firdavs", "https://perm.hse.ru/admissions/ibrahim", "https://perm.hse.ru/admissions/katarina", "https://perm.hse.ru/admissions/ma", "https://perm.hse.ru/admissions/rusperm", "https://perm.hse.ru/admissions/rustam", "https://perm.hse.ru/admissions/safarbek", "https://perm.hse.ru/admissions/umid", "https://perm.hse.ru/admissions/vasiliy", "https://perm.hse.ru/education/", "https://perm.hse.ru/upr/inoffice/permterm/", "https://spb.hse.ru/enter/", "https://www.hse.ru/data_protection_regulation", "https://www.hse.ru/scholarships"], "text": ["Программы бакалавриата", "Подать заявку", "Программы магистратуры", "Подать заявку", "Все программы", "Курсы русского языка для иностранных граждан", "Perm Term (Семестр в Перми)", "Почему НИУ ВШЭ-Пермь?", "7 образовательных программ бакалавриата", "225 бюджетных мест", "до 70% скидки на платное обучение", "5 образовательных программ магистратуры", "143 бюджетных мест", "до 50% скидки на платное обучение", "Удобные общежития для всех иногородних студентов", "Студенческая мобильность: полгода по обмену в разных кампусках Вышки", "Стипендиальные программы", "Стажировки и практика в российских и международных компаниях", "Яркая студенческая жизнь", "Удобный график занятий", "Программы в других кампусах НИУ ВШЭ", "Москва                                       Санкт-Петербург                              Нижний Новгород", "Студенты о Вышке", "Умиджон Эргашев", "Ибрахим Сандук", "Саттордоза Сухроби Рустам", "Сафарбек Норов", "Василий Бубнов", "Катарина Самойлова", "Фирдавс Исмаилов", "Часто задаваемые вопросы", "Платится ли стипендия иностранным студентам?", "Стипендия платится студентам согласно месту в рейтинге. Подробнее о видах, порядке начисления стипендии можно прочитать здесь", "Другие вопросы...", "Задай свой вопрос", "Контакты", "Отдел международного сотрудничества", "Адрес: 614070, Россия, г. Пермь, ул. Студенческая, 38, каб. 205", "Телефоны: +7 (342) 254 41 64,", "Телефоны: +7 (919) 486 61 31", "E-mail: admissionsperm@hse.ru", "Telegram, WhatsApp, Viber: +7 (919) 486 61 31", "Russia.Study - мультиязычная (11 языков) цифровая платформа для иностранных абитуриентов, поступающих в Россию.", "Кашин Дмитрий Викторович", "dvkashin@hse.ru", "Петрова Полина Алексеевна", "papetrova@hse.ru", "Тиллашайхов Дилмурод Рустам Угли", "dtillashaikhov@hse.ru", "Остались вопросы?", "Подписаться на новости", "* - обязательные вопросы", "1.  Пожалуйста, представьтесь:  *", "ФИО", "2.  Email:  *", "3.  Укажите свое гражданство:  *", "4.  Откуда Вы узнали о программах НИУ ВШЭ - Пермь?  *", "5.  На какую программу Пермского кампуса НИУ ВШЭ Вы планируете поступать?  *", "Разработка информационных систем для бизнеса - Программная инженерия (бакалавриат)", "Разработка информационных систем для бизнеса  - Бизнес-информатика (бакалавриат)", "Международный бакалавриат по бизнесу и экономике (бакалавриат)", "Иностранные языки и межкультурная коммуникация в бизнесе (бакалавриат)", "Дизайн (бакалавриат)", "Юриспруденция (бакалавриат)", "История (бакалавриат)", "Государственное и муниципальное управление (магистратура)", "Бизнес-аналитика (магистратура)", "Управление развитием бизнеса (магистратура)", "Правовое обеспечение предпринимательской деятельности (магистратура)", "Финансовые стратегии и аналитика (магистратура)", "Нажимая «Отправить», я подтверждаю, что лично ознакомился с Положением об обработке персональных данных НИУ ВШЭ, вправе предоставлять свои персональные данные и давать согласие на их обработку. Предоставляя свои персональные данные, принимаю условия этого Положения, подтверждаю, что они относятся ко мне, являются точными и актуальными, тем самым свободно, своей волей и в своем интересе распоряжаюсь ими, осознаю последствия их предоставления и выражаю свое согласие на их обработку в соответствии с пунктом 3.7 Положения об обработке персональных данных НИУ ВШЭ."]}