{"title": "Защита кандидатской диссертации Бондаренко Ксении Андреевны – Диссертационные советы – Национальный исследовательский университет «Высшая школа экономики»", "description": "", "url": "https://www.hse.ru/science/disscoun/announcements/879798821.html", "data": [{"level": "1", "text": "Защита кандидатской диссертации Бондаренко Ксении Андреевны", "response": []}], "links": ["https://www.hse.ru/org/persons/65863", "https://www.hse.ru/sci/diss/857406097", "https://www.hse.ru/science/disscoun/", "https://www.hse.ru/science/disscoun/news/announcements/keywords/224301109/", "https://www.hse.ru/staff/grigoryev"], "text": ["Защита кандидатской диссертации Бондаренко Ксении Андреевны", "Мероприятие завершено", "15 февраля 2024 года состоится защита кандидатской диссертации Бондаренко Ксении Андреевны на тему \"Влияние стадий международной миграции на направления и объемы денежных трансфертов\", представленной на соискание учёной степени кандидата экономических наук. Научный руководитель: к.э.н., доцент Григорьев Л.М.Начало: 11:00Защита диссертации будет проходить в дистанционном формате. Для получения доступа к онлайн-трансляции защиты обратитесь к менеджеру диссертационного совета.С текстом диссертации, резюме и материалами по защите можно ознакомиться по ссылке.", "Дата", "15 февраля 11:00", "Темы", "Совет по экономике", "В статье упомянуты", "Диссертационные советы"]}