{"title": "Результаты анкетирования поставщиков — Дирекция по закупкам — Национальный исследовательский университет «Высшая школа экономики»", "description": "", "url": "https://www.hse.ru/procurement/survey_results", "data": [{"level": "2", "text": "Дирекция по закупкам", "response": []}, {"level": "1", "text": "Результаты анкетирования поставщиков", "response": ["Результаты опроса таковы:", "Вопрос", "Варианты ответа", "Кол-во ответов", "Доля, %", "1. Участвуете ли Вы в закупках, проводимых НИУ ВШЭ в соответствии с нормами Федерального закона от 18.07.2011 г. №223-ФЗ «О закупках товаров, работ, услуг отдельными видами юридических лиц»?", "Да", "65", "71%", "Нет, но планируем участвовать", "26", "29%", "2. Знакомы ли Вы с нормами Положения о закупке товаров, работ, услуг для нужд НИУ ВШЭ: http://www.hse.ru/org/hse/aup/procurement/localacts ?", "Знаком и свободно ими владею", "29", "32%", "Имею общее представление", "52", "57%", "Не знаком", "10", "11%", "3. Удобны ли для получения информации о закупках интернет-страница официального сайта НИУ ВШЭ «Закупки для нужд НИУ ВШЭ. Москва» http://www.hse.ru/zakupki/msk/", "и интернет-страница Дирекции по закупкам", "http://www.hse.ru/org/hse/aup/procurement ?", "Удобны, легко могу найти требуемую информацию", "50", "55%", "Скорее удобны, но информации много, и найти нужную информацию не всегда удается", "31", "34%", "Не удобны, не смог найти", "10", "11%", "Предложения по улучшению сайта (заполните свободное поле):", "Отзывы предложений не содержат", "4. Знаете ли Вы электронную торговую площадку, на которой проводятся закупочные процедуры НИУ ВШЭ: http://utp.sberbank-ast.ru/ ?", "Знаю, зарегистрирован на этой площадке", "70", "77%", "Знаю, не зарегистрирован на этой площадке, но веду на ней мониторинг объявлений о закупках", "12", "13%", "Что-то слышал об этой площадке, но ни разу не был на ней", "----", "----", "Не знаю", "9", "10%", "5. Понятен ли Вам перечень документов, необходимых для подготовки заявки на участие в закупочной процедуре?", "Понятен, проблем с подготовкой заявок не возникает", "80", "86%", "Теоретически понятен, но ни разу не готовили заявку", "4", "3%", "Скорее понятен, но требует больших организационных усилий", "7", "11%", "Не понятен, разобраться очень сложно", "----", "----", "По какой(им) причине(ам) не понятен (заполните свободное поле):", "----", "6. Устраивают ли Вас требования к критериям допуска участника закупки к участию в аукционах и конкурсах?", "Устраивают", "85", "93%", "Не устраивают", "6", "7%", "По какой(им) причине(ам) не устраивают (заполните свободное поле):", "Комментарии учтены", "7. Улучшилась ли система закупок, реализуемая в соответствии с №223-ФЗ, по сравнению с гос.закупками?", "Улучшилась", "36", "40%", "Скорее улучшилась", "30", "33%", "Осталась без изменений", "24", "26%", "Ухудшилась и по какой(им) причине(ам) (заполните свободное поле):", "1", "(Комментарий учтен)", "1%", "8. Стала ли система закупок более прозрачной, доступной и понятной поставщикам?", "Да, стала более прозрачной и понятной", "51", "56%", "Да, стала немного прозрачнее и понятнее, но еще есть над чем работать", "38", "42%", "Осталась непонятной и непрозрачной и по какой(им) причине(ам)", "(заполните свободное поле):", "2", "(Комментарии учтены)", "2%", "9. Ваши предложения по улучшению системы закупок НИУ ВШЭ?", "Отзывы предложений не содержат", "10. Ваша должность:", "Руководитель", "48", "53%", "Начальник подразделения, ответственного за подготовку документации на участие в закупках", "21", "23%", "Сотрудник подразделения, ответственного за подготовку документации на участие в закупках", "17", "19%", "Другое", "5", "5%", "11. Ваше предприятие:", "Участвовало и побеждало в закупочных процедурах НИУ ВШЭ", "55", "60%", "Участвовало, иногда побеждало", "19", "22%", "Участвовало, но никогда не побеждало", "5", "5%", "Еще ни разу не участвовало в закупочных процедурах НИУ ВШЭ", "12", "13%", "12. Основные виды товаров, работ, услуг, которые ваша компания поставляет (выполняет, оказывает) или планирует поставлять (выполнять, оказывать) подразделениям НИУ ВШЭ", "Заполнено в соответствии с видом деятельности участников опроса", "Вопрос", "Варианты ответа", "Кол-во ответов", "Доля, %", "1. Участвуете ли Вы в закупках, проводимых НИУ ВШЭ в соответствии с нормами Федерального закона от 18.07.2011 г. №223-ФЗ «О закупках товаров, работ, услуг отдельными видами юридических лиц»?", "Да", "51", "82%", "Нет, но планируем участвовать", "11", "18%", "2. Знакомы ли Вы с нормами Положения о закупке товаров, работ, услуг для нужд НИУ ВШЭ: http://www.hse.ru/org/hse/aup/procurement/localacts ?", "Знаком и свободно ими владею", "19", "30%", "Имею общее представление", "39", "63%", "Не знаком", "4", "7%", "3. Удобны ли для получения информации о закупках интернет-страница официального сайта НИУ ВШЭ «Закупки для нужд НИУ ВШЭ. Москва» http://www.hse.ru/zakupki/msk/", "и интернет-страница Дирекции по закупкам", "http://www.hse.ru/org/hse/aup/procurement ?", "Удобны, легко могу найти требуемую информацию", "35", "56%", "Скорее удобны, но информации много, и найти нужную информацию не всегда удается", "23", "37%", "Не удобны, не смог найти", "4", "7%", "Предложения по улучшению сайта (заполните свободное поле):", "Отзывы предложений не содержат", "4. Знаете ли Вы электронную торговую площадку, на которой проводятся закупочные процедуры НИУ ВШЭ: http://utp.sberbank-ast.ru/ ?", "Знаю, зарегистрирован на этой площадке", "48", "77%", "Знаю, не зарегистрирован на этой площадке, но веду на ней мониторинг объявлений о закупках", "6", "10%", "Что-то слышал об этой площадке, но ни разу не был на ней", "----", "----", "Не знаю", "8", "13%", "5. Понятен ли Вам перечень документов, необходимых для подготовки заявки на участие в закупочной процедуре?", "Понятен, проблем с подготовкой заявок не возникает", "53", "86%", "Теоретически понятен, но ни разу не готовили заявку", "2", "3%", "Скорее понятен, но требует больших организационных усилий", "7", "11%", "Не понятен, разобраться очень сложно", "----", "----", "По какой(им) причине(ам) не понятен (заполните свободное поле):", "----", "6. Устраивают ли Вас требования к критериям допуска участника закупки к участию в аукционах и конкурсах?", "Устраивают", "51", "89%", "Не устраивают", "6", "11%", "По какой(им) причине(ам) не устраивают (заполните свободное поле):", "Комментарии учтены", "7. Улучшилась ли система закупок, реализуемая в соответствии с №223-ФЗ, по сравнению с гос.закупками?", "Улучшилась", "13", "21%", "Скорее улучшилась", "26", "42%", "Осталась без изменений", "22", "35%", "Ухудшилась и по какой(им) причине(ам) (заполните свободное поле):", "1", "(Комментарий учтен)", "2%", "8. Стала ли система закупок более прозрачной, доступной и понятной поставщикам?", "Да, стала более прозрачной и понятной", "24", "39%", "Да, стала немного прозрачнее и понятнее, но еще есть над чем работать", "36", "58%", "Осталась непонятной и непрозрачной и по какой(им) причине(ам)", "(заполните свободное поле):", "2", "(Комментарии учтены)", "3%", "9. Ваши предложения по улучшению системы закупок НИУ ВШЭ?", "Отзывы предложений не содержат", "10. Ваша должность:", "Руководитель", "24", "39%", "Начальник подразделения, ответственного за подготовку документации на участие в закупках", "19", "31%", "Сотрудник подразделения, ответственного за подготовку документации на участие в закупках", "14", "23%", "Другое", "5", "7%", "11. Ваше предприятие:", "Участвовало и побеждало в закупочных процедурах НИУ ВШЭ", "31", "50%", "Участвовало, иногда побеждало", "17", "27%", "Участвовало, но никогда не побеждало", "5", "8%", "Еще ни разу не участвовало в закупочных процедурах НИУ ВШЭ", "9", "15%", "12. Основные виды товаров, работ, услуг, которые ваша компания поставляет (выполняет, оказывает) или планирует поставлять (выполнять, оказывать) подразделениям НИУ ВШЭ", "Заполнено в соответствии с видом деятельности участников опроса"]}], "links": ["http://www.hse.ru/org/hse/aup/procurement", "http://www.hse.ru/org/hse/aup/procurement/localacts", "http://www.hse.ru/procurement/expresspolls/poll/143592152.html", "http://www.hse.ru/zakupki/msk/"], "text": ["Результаты анкетирования поставщиков", "Результаты опроса таковы:", "Вопрос", "Варианты ответа", "Кол-во ответов", "Доля, %", "1. Участвуете ли Вы в закупках, проводимых НИУ ВШЭ в соответствии с нормами Федерального закона от 18.07.2011 г. №223-ФЗ «О закупках товаров, работ, услуг отдельными видами юридических лиц»?", "Да", "65", "71%", "Нет, но планируем участвовать", "26", "29%", "2. Знакомы ли Вы с нормами Положения о закупке товаров, работ, услуг для нужд НИУ ВШЭ: http://www.hse.ru/org/hse/aup/procurement/localacts ?", "Знаком и свободно ими владею", "29", "32%", "Имею общее представление", "52", "57%", "Не знаком", "10", "11%", "3. Удобны ли для получения информации о закупках интернет-страница официального сайта НИУ ВШЭ «Закупки для нужд НИУ ВШЭ. Москва» http://www.hse.ru/zakupki/msk/", "и интернет-страница Дирекции по закупкам", "http://www.hse.ru/org/hse/aup/procurement ?", "Удобны, легко могу найти требуемую информацию", "50", "55%", "Скорее удобны, но информации много, и найти нужную информацию не всегда удается", "31", "34%", "Не удобны, не смог найти", "10", "11%", "Предложения по улучшению сайта (заполните свободное поле):", "Отзывы предложений не содержат", "4. Знаете ли Вы электронную торговую площадку, на которой проводятся закупочные процедуры НИУ ВШЭ: http://utp.sberbank-ast.ru/ ?", "Знаю, зарегистрирован на этой площадке", "70", "77%", "Знаю, не зарегистрирован на этой площадке, но веду на ней мониторинг объявлений о закупках", "12", "13%", "Что-то слышал об этой площадке, но ни разу не был на ней", "----", "----", "Не знаю", "9", "10%", "5. Понятен ли Вам перечень документов, необходимых для подготовки заявки на участие в закупочной процедуре?", "Понятен, проблем с подготовкой заявок не возникает", "80", "86%", "Теоретически понятен, но ни разу не готовили заявку", "4", "3%", "Скорее понятен, но требует больших организационных усилий", "7", "11%", "Не понятен, разобраться очень сложно", "----", "----", "По какой(им) причине(ам) не понятен (заполните свободное поле):", "----", "6. Устраивают ли Вас требования к критериям допуска участника закупки к участию в аукционах и конкурсах?", "Устраивают", "85", "93%", "Не устраивают", "6", "7%", "По какой(им) причине(ам) не устраивают (заполните свободное поле):", "Комментарии учтены", "7. Улучшилась ли система закупок, реализуемая в соответствии с №223-ФЗ, по сравнению с гос.закупками?", "Улучшилась", "36", "40%", "Скорее улучшилась", "30", "33%", "Осталась без изменений", "24", "26%", "Ухудшилась и по какой(им) причине(ам) (заполните свободное поле):", "1", "(Комментарий учтен)", "1%", "8. Стала ли система закупок более прозрачной, доступной и понятной поставщикам?", "Да, стала более прозрачной и понятной", "51", "56%", "Да, стала немного прозрачнее и понятнее, но еще есть над чем работать", "38", "42%", "Осталась непонятной и непрозрачной и по какой(им) причине(ам)", "(заполните свободное поле):", "2", "(Комментарии учтены)", "2%", "9. Ваши предложения по улучшению системы закупок НИУ ВШЭ?", "Отзывы предложений не содержат", "10. Ваша должность:", "Руководитель", "48", "53%", "Начальник подразделения, ответственного за подготовку документации на участие в закупках", "21", "23%", "Сотрудник подразделения, ответственного за подготовку документации на участие в закупках", "17", "19%", "Другое", "5", "5%", "11. Ваше предприятие:", "Участвовало и побеждало в закупочных процедурах НИУ ВШЭ", "55", "60%", "Участвовало, иногда побеждало", "19", "22%", "Участвовало, но никогда не побеждало", "5", "5%", "Еще ни разу не участвовало в закупочных процедурах НИУ ВШЭ", "12", "13%", "12. Основные виды товаров, работ, услуг, которые ваша компания поставляет (выполняет, оказывает) или планирует поставлять (выполнять, оказывать) подразделениям НИУ ВШЭ", "Заполнено в соответствии с видом деятельности участников опроса", "Вопрос", "Варианты ответа", "Кол-во ответов", "Доля, %", "1. Участвуете ли Вы в закупках, проводимых НИУ ВШЭ в соответствии с нормами Федерального закона от 18.07.2011 г. №223-ФЗ «О закупках товаров, работ, услуг отдельными видами юридических лиц»?", "Да", "51", "82%", "Нет, но планируем участвовать", "11", "18%", "2. Знакомы ли Вы с нормами Положения о закупке товаров, работ, услуг для нужд НИУ ВШЭ: http://www.hse.ru/org/hse/aup/procurement/localacts ?", "Знаком и свободно ими владею", "19", "30%", "Имею общее представление", "39", "63%", "Не знаком", "4", "7%", "3. Удобны ли для получения информации о закупках интернет-страница официального сайта НИУ ВШЭ «Закупки для нужд НИУ ВШЭ. Москва» http://www.hse.ru/zakupki/msk/", "и интернет-страница Дирекции по закупкам", "http://www.hse.ru/org/hse/aup/procurement ?", "Удобны, легко могу найти требуемую информацию", "35", "56%", "Скорее удобны, но информации много, и найти нужную информацию не всегда удается", "23", "37%", "Не удобны, не смог найти", "4", "7%", "Предложения по улучшению сайта (заполните свободное поле):", "Отзывы предложений не содержат", "4. Знаете ли Вы электронную торговую площадку, на которой проводятся закупочные процедуры НИУ ВШЭ: http://utp.sberbank-ast.ru/ ?", "Знаю, зарегистрирован на этой площадке", "48", "77%", "Знаю, не зарегистрирован на этой площадке, но веду на ней мониторинг объявлений о закупках", "6", "10%", "Что-то слышал об этой площадке, но ни разу не был на ней", "----", "----", "Не знаю", "8", "13%", "5. Понятен ли Вам перечень документов, необходимых для подготовки заявки на участие в закупочной процедуре?", "Понятен, проблем с подготовкой заявок не возникает", "53", "86%", "Теоретически понятен, но ни разу не готовили заявку", "2", "3%", "Скорее понятен, но требует больших организационных усилий", "7", "11%", "Не понятен, разобраться очень сложно", "----", "----", "По какой(им) причине(ам) не понятен (заполните свободное поле):", "----", "6. Устраивают ли Вас требования к критериям допуска участника закупки к участию в аукционах и конкурсах?", "Устраивают", "51", "89%", "Не устраивают", "6", "11%", "По какой(им) причине(ам) не устраивают (заполните свободное поле):", "Комментарии учтены", "7. Улучшилась ли система закупок, реализуемая в соответствии с №223-ФЗ, по сравнению с гос.закупками?", "Улучшилась", "13", "21%", "Скорее улучшилась", "26", "42%", "Осталась без изменений", "22", "35%", "Ухудшилась и по какой(им) причине(ам) (заполните свободное поле):", "1", "(Комментарий учтен)", "2%", "8. Стала ли система закупок более прозрачной, доступной и понятной поставщикам?", "Да, стала более прозрачной и понятной", "24", "39%", "Да, стала немного прозрачнее и понятнее, но еще есть над чем работать", "36", "58%", "Осталась непонятной и непрозрачной и по какой(им) причине(ам)", "(заполните свободное поле):", "2", "(Комментарии учтены)", "3%", "9. Ваши предложения по улучшению системы закупок НИУ ВШЭ?", "Отзывы предложений не содержат", "10. Ваша должность:", "Руководитель", "24", "39%", "Начальник подразделения, ответственного за подготовку документации на участие в закупках", "19", "31%", "Сотрудник подразделения, ответственного за подготовку документации на участие в закупках", "14", "23%", "Другое", "5", "7%", "11. Ваше предприятие:", "Участвовало и побеждало в закупочных процедурах НИУ ВШЭ", "31", "50%", "Участвовало, иногда побеждало", "17", "27%", "Участвовало, но никогда не побеждало", "5", "8%", "Еще ни разу не участвовало в закупочных процедурах НИУ ВШЭ", "9", "15%", "12. Основные виды товаров, работ, услуг, которые ваша компания поставляет (выполняет, оказывает) или планирует поставлять (выполнять, оказывать) подразделениям НИУ ВШЭ", "Заполнено в соответствии с видом деятельности участников опроса", "Нашли опечатку?", "Выделите её, нажмите Ctrl+Enter и отправьте нам уведомление. Спасибо за участие!", "Сервис предназначен только для отправки сообщений об орфографических и пунктуационных ошибках."]}