{"title": "Академический кадровый резерв — Национальный исследовательский университет «Высшая школа экономики»", "description": "", "url": "https://academics.hse.ru/hipo/", "data": [{"level": "1", "text": "Академический кадровый резерв", "response": []}, {"level": "1", "text": "Академический кадровый резерв", "response": []}], "links": ["https://academics.hse.ru/hipo/about", "https://academics.hse.ru/hipo/about/", "https://academics.hse.ru/hipo/eng", "https://academics.hse.ru/hipo/faq", "https://academics.hse.ru/hipo/faq/", "https://academics.hse.ru/hipo/konkurs2023", "https://academics.hse.ru/hipo/mentors", "https://academics.hse.ru/hipo/mentors/faq", "https://academics.hse.ru/hipo/mentors/mentorsfeedback", "https://academics.hse.ru/hipo/mentors/partfeedback", "https://academics.hse.ru/hipo/mentors/team", "https://academics.hse.ru/hipo/nabor", "https://academics.hse.ru/hipo/out", "https://academics.hse.ru/hipo/st", "https://academics.hse.ru/hipo/st/map", "https://academics.hse.ru/hipo/st/whenhow", "https://academics.hse.ru/hipo/tema", "https://academics.hse.ru/hipo/tema/informal", "https://academics.hse.ru/hipo/tema/stories", "https://academics.hse.ru/hipo/tema/workshop", "https://www.hse.ru/docs/219678212.html"], "text": ["Академический кадровый резерв НИУ ВШЭ – программа управления талантами для перспективных преподавателей и исследователей на начальных и переходных этапах академической карьеры. Сотрудники, включенные в группу высокого профессионального потенциала, имеют возможность получения от университета дополнительной поддержки профессионального развития. Стартовый грант, снижение преподавательской нагрузки, встречи с экспертами, командная работа над проектом, менторинг, семинары и мастерские позволяют познакомиться с ценностями академического мира, нашим университетом, расширить профессиональные связи и сделать значительный шаг в собственном развитии.", "О программе                     Инструменты поддержки                      Требования и критерии результативности                      Кампания по набору                      Положение                              Конкурсы                        Инициативные академические проекты                         Выездные семинары                       Finding Your Route to Research Writing                      Персональные встречи с выпускниками                     Команда наставников – 2024                      Отзывы резервистов                      Отзывы наставников                      FAQ: Зачем? Как? Почему?                         Зарубежные стажировки                     Логика оформления стажировки                      Карта стажировок                         Тематические встречи                     Мастерские                      Кафе \"Academic stories\"                      Неформальные встречи                         Часто задаваемые вопросы                     Программа Кадровый резерв                      Встречи с выпускниками                      Стажировки                      Конкурсы"]}