{"title": "«Антропологический и нейрокогнитивный кластеры – среда для прорывных научных исследований!» – Новости – XXIV Ясинская (Апрельская) международная научная конференция по проблемам развития экономики и общества – Национальный исследовательский университет «Высшая школа экономики»", "description": "", "url": "https://conf.hse.ru/2023/news/841525725.html", "data": [{"level": "1", "text": "«Антропологический и нейрокогнитивный кластеры – среда для прорывных научных исследований!»", "response": []}], "links": ["https://conf.hse.ru/2023/", "https://conf.hse.ru/2023/news/science/", "https://conf.hse.ru/2023/news/tags/erep/", "https://ncmu.hse.ru/news/841343588.html"], "text": ["«Антропологический и нейрокогнитивный кластеры – среда для прорывных научных исследований!»", "С итогами выставки «Антропологический и нейрокогнитивный кластеры – среда для прорывных научных исследований!» НЦМУ «Центр междисциплинарных исследований человеческого потенциала», которая прошла в рамках XXIV Ясинской (Апрельской) международной научной конференции по проблемам развития экономики и общества, можно ознакомиться по ссылке.", "Дата", "21 июня, 2023 г.", "Рубрики", "Наука", "Темы", "репортаж о событии", "В статье упомянуты", "XXIV Ясинская (Апрельская) международная научная конференция по проблемам развития экономики и общества"]}