{"title": "Административный кадровый резерв НИУ ВШЭ — Национальный исследовательский университет «Высшая школа экономики»", "description": "", "url": "https://www.hse.ru/aukr/", "data": [{"level": "1", "text": "Административный кадровый резерв НИУ ВШЭ", "response": []}, {"level": "1", "text": "Административный кадровый резерв НИУ ВШЭ", "response": []}, {"level": "2", "text": "Новости", "response": ["«Академики и ад­ми­ни­стра­то­ры нужны друг другу»В Вышке впервые прошла совместная встреча участников двух программ кадровых резервовУниверситетская жизньВышка для своих20 мартаСтартовый выездной семинар участников десятого набора программы \"Административный кадровый резерв\"2 и 3 февраля 2024 года в учебном центре НИУ ВШЭ \"Вороново\" прошел стартовый семинар для новых участников программы АКР.Университетская жизньрепортаж о событии13 февраля24 января 2024 года состоялась финальная защита проектов участников восьмого набора программы \"Административный кадровый резерв\" НИУ ВШЭВ защите приняло участие четыре команды восьмого набора административного кадрового резерваУниверситетская жизньрепортаж о событии26 январяЕще новости"]}, {"level": "2", "text": "«Академики и ад­ми­ни­стра­то­ры нужны друг другу»", "response": []}, {"level": "2", "text": "Стартовый выездной семинар участников десятого набора программы \"Административный кадровый резерв\"", "response": []}, {"level": "2", "text": "24 января 2024 года состоялась финальная защита проектов участников восьмого набора программы \"Административный кадровый резерв\" НИУ ВШЭ", "response": []}], "links": ["https://www.hse.ru/aukr/about", "https://www.hse.ru/aukr/activ_akr2024/", "https://www.hse.ru/aukr/application", "https://www.hse.ru/aukr/books", "https://www.hse.ru/aukr/docs", "https://www.hse.ru/aukr/es", "https://www.hse.ru/aukr/feedback", "https://www.hse.ru/aukr/members2023", "https://www.hse.ru/aukr/modules", "https://www.hse.ru/aukr/mp_elk", "https://www.hse.ru/aukr/news/891341803.html", "https://www.hse.ru/aukr/news/896324848.html", "https://www.hse.ru/aukr/news/life/", "https://www.hse.ru/aukr/news/ou/263117111/", "https://www.hse.ru/aukr/news/page2.html", "https://www.hse.ru/aukr/news/tags/erep/", "https://www.hse.ru/aukr/photo", "https://www.hse.ru/aukr/prng", "https://www.hse.ru/aukr/projects_completed", "https://www.hse.ru/aukr/projects_ongoing", "https://www.hse.ru/aukr/qs", "https://www.hse.ru/aukr/results", "https://www.hse.ru/docs/834320837.html", "https://www.hse.ru/our/news/906941368.html"], "text": ["Административный кадровый резерв – пространство возможностей", "АКР в Вышке                        О программе                      Положение о Программе                      Экспертный совет                      Реализованные проекты                      Наши мероприятия                             Как попасть в АКР                        Вопрос - ответ                      Как подать заявку                      Процедура отбора                      Мотивационное письмо                      Результаты                             Жизнь в АКР                        График мероприятий                      Участники АКР                      Текущие проекты                      Модули программы                      Книжная полка                             Жизнь после АКР                        Актив программы                      Отзывы участников", "Новости«Академики и ад­ми­ни­стра­то­ры нужны друг другу»В Вышке впервые прошла совместная встреча участников двух программ кадровых резервовУниверситетская жизньВышка для своих20 мартаСтартовый выездной семинар участников десятого набора программы \"Административный кадровый резерв\"2 и 3 февраля 2024 года в учебном центре НИУ ВШЭ \"Вороново\" прошел стартовый семинар для новых участников программы АКР.Университетская жизньрепортаж о событии13 февраля24 января 2024 года состоялась финальная защита проектов участников восьмого набора программы \"Административный кадровый резерв\" НИУ ВШЭВ защите приняло участие четыре команды восьмого набора административного кадрового резерваУниверситетская жизньрепортаж о событии26 январяЕще новости"]}