{"title": "В Вышке запущен цифровой сервис получения зарплатных банковских карт – Новости – Финансовая дирекция – Национальный исследовательский университет «Высшая школа экономики»", "description": "", "url": "https://fd.hse.ru/news/878016042.html", "data": [{"level": "1", "text": "В Вышке запущен цифровой сервис получения зарплатных банковских карт", "response": []}], "links": ["http://s.hse.ru/zp_sber", "http://s.hse.ru/zp_vtb", "https://fd.hse.ru/", "https://fd.hse.ru/news/tags/econ/", "https://fd.hse.ru/news/tags/inv/", "https://fd.hse.ru/news/tags/newhse/", "https://lk.hse.ru/service-detail/73"], "text": ["В Вышке запущен цифровой сервис получения зарплатных банковских карт", "Оформить зарплатную карту Сбербанк и ВТБ теперь можно онлайн. Карты с дизайном Вышки предоставляются бесплатно и имеют привилегии для наших сотрудников.", "Раньше для получения зарплатной карты нужно было написать заявление в Единой или Финансовой приемной, теперь это можно сделать через ЕЛК. Срок готовности карты – до 7 рабочих дней, банк пришлет смс уведомление, и карту можно будет забрать в отделении.", "Ознакомиться с возможностями зарплатных карт сотрудников Вышки можно в презентации Сбербанк и банка ВТБ.", "Получить пластиковую карту Сбера с вороной можно будет в офисе банка по адресу: Москва, ул. Покровка, 19. Карту ВТБ можно будет получить в офисе банка по адресу: Москва, ул. Покровка, 28, стр.1.", "Дата", "6 декабря, 2023 г.", "Темы", "новое в ВШЭ", "приглашение к участию", "финансы и хозяйство", "В статье упомянуты", "Финансовая дирекция"]}