{"title": "Новости – Страница 2 – Работа в Вышке – Национальный исследовательский университет «Высшая школа экономики»", "description": "", "url": "https://www.hse.ru/career/news/page2.html", "data": [{"level": "2", "text": "Станьте частью мирового академического сообщества", "response": []}, {"level": "1", "text": "Новости", "response": ["Адаптационный семинар для новых сотрудников", "Состоится 27 сентября 2023 года", "20 сентября, 2023 г.", "Разъяснение о порядке выплаты заработной платы за май", "23 мая, 2023 г.", "Системе электронного документооборота Вышки исполнилось 15 лет", "Как она появилась и какой стала", "19 мая, 2023 г.", "Дирекция по правовым вопросам запустила новые сервисы для помощи сотрудникам", "Обучающие вебинары, карта рисков и правовые чек-листы по бизнес-процессам", "18 мая, 2023 г.", "Началось обучение сотрудников по программе «Карьерный лифт»", "Как проходил отбор и что ждет участников", "17 мая, 2023 г.", "Сотрудников Вышки приглашают принять участие в конкурсе управленцев «Лидеры России»", "Заявки принимаются до 14 мая", "3 мая, 2023 г.", "Вышка запустила те­сти­ро­ва­ние для оценки проф­ком­пе­тен­ций сотрудников", "Как оно будет работать, рассказывает заместитель первого проректора, и.о. директора Центра повышения квалификации Михаил Рожков", "25 апреля, 2023 г.", "В Вышке начался конкурсный отбор на позиции российских постдоков", "Заявки принимаются до 19 мая", "28 марта, 2023 г.", "Начался прием заявок на курс для менеджеров и создателей программ ДПО", "Подать заявку на обучение можно до 31 марта", "22 марта, 2023 г.", "Вышка для детей", "Программы профориентации, подготовки к экзаменам, творческие курсы и скидки на обучение для детей сотрудников", "21 марта, 2023 г.", "1", "2", "3", "4", "5", "6", "7", "8", "9", "10", "11", "12"]}, {"level": "2", "text": "Адаптационный семинар для новых сотрудников", "response": []}, {"level": "2", "text": "Разъяснение о порядке выплаты заработной платы за май", "response": []}, {"level": "2", "text": "Системе электронного документооборота Вышки исполнилось 15 лет", "response": []}, {"level": "2", "text": "Дирекция по правовым вопросам запустила новые сервисы для помощи сотрудникам", "response": []}, {"level": "2", "text": "Началось обучение сотрудников по программе «Карьерный лифт»", "response": []}, {"level": "2", "text": "Сотрудников Вышки приглашают принять участие в конкурсе управленцев «Лидеры России»", "response": []}, {"level": "2", "text": "Вышка запустила те­сти­ро­ва­ние для оценки проф­ком­пе­тен­ций сотрудников", "response": []}, {"level": "2", "text": "В Вышке начался конкурсный отбор на позиции российских постдоков", "response": []}, {"level": "2", "text": "Начался прием заявок на курс для менеджеров и создателей программ ДПО", "response": []}, {"level": "2", "text": "Вышка для детей", "response": []}], "links": ["https://fd.hse.ru/news/834130712.html", "https://www.hse.ru/career/news/index.html", "https://www.hse.ru/career/news/page10.html", "https://www.hse.ru/career/news/page11.html", "https://www.hse.ru/career/news/page12.html", "https://www.hse.ru/career/news/page3.html", "https://www.hse.ru/career/news/page4.html", "https://www.hse.ru/career/news/page5.html", "https://www.hse.ru/career/news/page6.html", "https://www.hse.ru/career/news/page7.html", "https://www.hse.ru/career/news/page8.html", "https://www.hse.ru/career/news/page9.html", "https://www.hse.ru/our/news/821925984.html", "https://www.hse.ru/our/news/822169569.html", "https://www.hse.ru/our/news/823276671.html", "https://www.hse.ru/our/news/829784019.html", "https://www.hse.ru/our/news/831270991.html", "https://www.hse.ru/our/news/833936195.html", "https://www.hse.ru/our/news/834127780.html", "https://www.hse.ru/our/news/834473962.html", "https://www.hse.ru/our/news/860758433.html"], "text": ["Новости", "Адаптационный семинар для новых сотрудников", "Состоится 27 сентября 2023 года", "20 сентября, 2023 г.", "Разъяснение о порядке выплаты заработной платы за май", "23 мая, 2023 г.", "Системе электронного документооборота Вышки исполнилось 15 лет", "Как она появилась и какой стала", "19 мая, 2023 г.", "Дирекция по правовым вопросам запустила новые сервисы для помощи сотрудникам", "Обучающие вебинары, карта рисков и правовые чек-листы по бизнес-процессам", "18 мая, 2023 г.", "Началось обучение сотрудников по программе «Карьерный лифт»", "Как проходил отбор и что ждет участников", "17 мая, 2023 г.", "Сотрудников Вышки приглашают принять участие в конкурсе управленцев «Лидеры России»", "Заявки принимаются до 14 мая", "3 мая, 2023 г.", "Вышка запустила те­сти­ро­ва­ние для оценки проф­ком­пе­тен­ций сотрудников", "Как оно будет работать, рассказывает заместитель первого проректора, и.о. директора Центра повышения квалификации Михаил Рожков", "25 апреля, 2023 г.", "В Вышке начался конкурсный отбор на позиции российских постдоков", "Заявки принимаются до 19 мая", "28 марта, 2023 г.", "Начался прием заявок на курс для менеджеров и создателей программ ДПО", "Подать заявку на обучение можно до 31 марта", "22 марта, 2023 г.", "Вышка для детей", "Программы профориентации, подготовки к экзаменам, творческие курсы и скидки на обучение для детей сотрудников", "21 марта, 2023 г.", "1", "2", "3", "4", "5", "6", "7", "8", "9", "10", "11", "12"]}