{"title": "Детская школа дизайна НИУ ВШЭ — дополнительное образование для детей и подростков", "description": "", "url": "https://design.hse.ru/kids", "data": [{"level": "1", "text": "", "response": []}, {"level": "1", "text": "Детская школа дизайна", "response": []}, {"level": "1", "text": "Воскресный кинолекторий «Мост»", "response": []}, {"level": "2", "text": "О Высшей школе экономики", "response": []}], "links": [], "text": ["По вопросам поступления:", "Бакалавриат (доб. 710)", "Магистратура (доб. 703)", "Онлайн-бакалавриат (доб. 709, 711)", "Дополнительное образование (Москва — доб. 705, 706, 712, Санкт-Петербург — доб. 701)", "Детская школа (доб. 707)", "С понедельника по пятницу", "с 10:00 до 18:00", "По общим вопросам", "Метро Павелецкая", "Метро Семёновская", "Основное образование", "Дополнительное образование", "Для детей и подростков от 7 до 15 лет Школа дизайна НИУ ВШЭ предлагает более 40 курсов.", "Наша задача — не только передать конкретные навыки и знания по истории искусства и дизайна, но и подготовить ребенка к будущему, научить его проектному подходу. Для этого занятия устроены так, чтобы дети учились креативно мыслить и работать как в команде, так и самостоятельно.", "Результатом каждого курса становятся завершенные персональные или коллективные проекты, закладывающие начало личного портфолио.", "Вы можете задать свои вопросы менеджеру или администратору школы:", "О курсах в Москве:", "О курсах в Санкт-Петербурге:", "Запишитесь на день открытых дверей, чтобы посетить мастер-классы, пообщаться с преподавателями и задать уточняющие вопросы администратору Детской школы.", "Ничего не найдено", "Ближайшие курсы", "Дизайн интерьера", "Практики искусства и дизайна", "Кино и фотография", "Коммуникационный дизайн", "Дизайн и программирование", "Саунд-арт и саунд-дизайн", "Технологии дизайна", "Предметный и промышленный дизайн", "Дизайн среды и интерьера", "Мода", "Анимация и иллюстрация", "Современное искусство", "Гейм-дизайн", "Ивент-дизайн. Театр. Перформанс", "Чтобы родители учеников Детской школы дизайна не скучали во время занятий, мы открываем кинолекторий. В нем можно будет не только посмотреть малоизвестные ленты классиков кинематографа, но и ознакомиться с историческим и культурным контекстом, в который они вписаны.", "Сеансы кинолектория будут проходить по воскресеньям, с 12:00 до 14:30 на Малой Пионерской, 12 в ауд. 375 на 3 этаже.", "Ведущий киноклуба: Роман Балабанов. Философ, критик, организатор киноклубов в различных арт-пространствах и некоммерческих институциях.", "Узнать больше", "Школа дизайна — подразделение одного из ведущих российских университетов — Высшей школы экономики, которая входит в 60 лучших молодых университетов мира (THE), состоит в большинстве авторитетных международных образовательных рейтингов (QS, THE, ARWU, U.S. News Best Global Universities Subject). Вышка — это не только гигантская научная лаборатория, но и представительная экспертная площадка: сотрудники ВШЭ принимают активное участие в ключевых экспертных дискуссиях, входят в состав многих коллегиальных и совещательных органов при президенте и правительстве России, являются лидерами мнений по важнейшим вопросам в сфере образования, социальной политики, здравоохранения, демографии, рынка труда, транспорта, государственного управления, технологического развития.", "Обращения студентов", "Поблагодарить или пожаловаться", "По вопросам поступления:", "Бакалавриат (доб. 710)", "Магистратура (доб. 703)", "Онлайн-бакалавриат (доб. 709, 711)", "Дополнительное образование (Москва — доб. 705, 706, 712, Санкт-Петербург — доб. 701)", "Детская школа (доб. 707)", "С понедельника по пятницу", "с 10:00 до 18:00", "По общим вопросам", "Метро Павелецкая", "Метро Семёновская", "Основное образование", "Дополнительное образование", "Новости Школы дизайна", "Спасибо, вы успешно подписаны!", "Извините, что-то пошло не так. Попробуйте позже.", "Мы используем файлы cookies для улучшения работы сайта НИУ ВШЭ и большего удобства его использования. Более подробную информацию об использовании файлов cookies можно найти здесь, наши правила обработки персональных данных – здесь. Продолжая пользоваться сайтом, вы подтверждаете, что были проинформированы об использовании файлов cookies сайтом НИУ ВШЭ и согласны с нашими правилами обработки персональных данных. Вы можете отключить файлы cookies в настройках Вашего браузера."]}