{"title": "Аспирантура Школы дизайна НИУ ВШЭ — подготовка аспирантов в очной форме", "description": "", "url": "https://design.hse.ru/asp", "data": [{"level": "1", "text": "Аспирантская школа по искусству и дизайну", "response": []}, {"level": "2", "text": "ПОСТУПЛЕНИЕ 2024", "response": []}, {"level": "2", "text": "Лаборатории", "response": []}, {"level": "2", "text": "Проекты", "response": []}, {"level": "2", "text": "Новости", "response": []}, {"level": "2", "text": "Прошедшие мероприятия", "response": []}, {"level": "2", "text": "О Высшей школе экономики", "response": []}], "links": [], "text": ["Школа дизайна НИУ ВШЭ", "Москва", "Санкт-Петербург", "Нижний Новгород", "Пермь (Онлайн-бакалавриат)", "Ереван", "Казань", "Все кампусы", "Проект «Креативный город»", "По вопросам поступления:", "Бакалавриат (доб. 710)", "Магистратура (доб. 703)", "Онлайн-бакалавриат (доб. 709, 711)", "Дополнительное образование (Москва — доб. 705, 706, 712, Санкт-Петербург — доб. 701)", "Детская школа (доб. 707)", "С понедельника по пятницу", "с 10:00 до 18:00", "По общим вопросам", "Метро Павелецкая", "Метро Семёновская", "Основное образование", "Дополнительное образование", "Обучение в Аспирантской школе по искусству и дизайну объединяет исследовательскую деятельность и практику в сфере социокультурного проектирования. Подготовка аспирантов проходит в очной форме на базе кампуса в Москве.", "Подготовка диссертации под руководством научного руководителя длится три года. За это время аспиранты проходят теоретические и практические курсы, публикуют исследования и статьи, принимают участие в работе лабораторий и реализуют три практико-ориентированных проекта.", "День открытых дверей", "Аспирантура Школы дизайна НИУ ВШЭ. 22 мая, 19:00", "О программе", "Контакты", "Лаборатории Аспирантской школы по искусству и дизайну НИУ ВШЭ — это площадки, предназначенные для проведения исследований, пространство научного поиска и экспериментов в целях получения новых знаний.", "Лаборатории объединяют аспирантов и преподавателей Аспирантской школы и ведущих специалистов в сфере искусства и дизайна. Состав участников лабораторий подбирается в зависимости от целей конкретного исследования. Главная цель — инициирование новых научных разработок и изложение результатов в статьях в ведущих научных журналах и докладах на конференциях, представление исследовательских результатов в мировом научном сообществе.", "Mendit Research Lab", "Лаборатория исследований практик мендинга — это сообщество междисциплинарных исследователей одежных практик, моды и осознанного потребления. Участников коллектива объединяет увлечение мендингом (от английского to mend — «чинить», «зашивать») — преобразованием одежды с помощью всевозможного ремонта (заплатывания, штопки и т.д.) и кастомайзинга.", "Crafts & Design Research Lab", "Лаборатория занимается исследованием искусства народных художественных промыслов и их взаимодействием с современными художественными практиками.", "Место искусства", "Исследовательская платформа, посвященная истории московских выставок и актуальным вопросам кураторства.", "PeARL: Performance Artistic Research Lab", "Междисциплинарный проект, направленный на изучение того, что включает в себя понятие «перформанс» в современной науке.", "Архив российской моды", "Онлайн-проект, который занимается сбором, хранением и осмыслением российского модного процесса, начиная с 1990-х и до настоящего времени.", "Подкаст «Непубликационная активность»", "Аспирантская школа по искусству и дизайну НИУ ВШЭ представляет первый сезон подкаста «Непубликационная активность». Это подкаст с аспирантами и выпускниками Аспирантской школы, которые рассказывают о своих исследованиях.", "Презентация научного журнала Школы дизайна НИУ ВШЭ", "HSE FASHION DAYS: Школа дизайна x «Цветной»", "«Теории и практики искусства и дизайна: социокультурные, экономические и политические контексты»", "«Теории и практики искусства и дизайна: социокультурные, экономические и политические контексты»", "«Теории и практики искусства и дизайна: социокультурные, экономические и политические контексты»", "«Забота и видеоигры»", "«Теории и практики искусства и дизайна: социокультурные, экономические и политические контексты»", "«Представляя необычное: когнитивный диссонанс, разрыв шаблона и прочие фантастические твари»", "«Теории и практики искусства и дизайна: социокультурные, экономические и политические контексты»", "Подпишитесь на рассылку", "Новости Аспирантской школы по искусству и дизайну", "Спасибо! Вы успешно подписались на рассылку.", "Школа дизайна — подразделение одного из ведущих российских университетов — Высшей школы экономики, которая входит в 40 лучших молодых университетов мира (QS), состоит в большинстве авторитетных международных образовательных рейтингов (QS, THE, ARWU, U.S. News Best Global Universities Subject). Вышка — это не только гигантская научная лаборатория, но и представительная экспертная площадка: сотрудники ВШЭ принимают активное участие в ключевых экспертных дискуссиях, входят в состав многих коллегиальных и совещательных органов при президенте и правительстве России, являются лидерами мнений по важнейшим вопросам в сфере образования, социальной политики, здравоохранения, демографии, рынка труда, транспорта, государственного управления, технологического развития.", "Обращения студентов", "Поблагодарить или пожаловаться", "По вопросам поступления:", "Бакалавриат (доб. 710)", "Магистратура (доб. 703)", "Онлайн-бакалавриат (доб. 709, 711)", "Дополнительное образование (Москва — доб. 705, 706, 712, Санкт-Петербург — доб. 701)", "Детская школа (доб. 707)", "С понедельника по пятницу", "с 10:00 до 18:00", "По общим вопросам", "Метро Павелецкая", "Метро Семёновская", "Основное образование", "Дополнительное образование", "Новости Школы дизайна", "Спасибо, вы успешно подписаны!", "Извините, что-то пошло не так. Попробуйте позже.", "Мы используем файлы cookies для улучшения работы сайта НИУ ВШЭ и большего удобства его использования. Более подробную информацию об использовании файлов cookies можно найти здесь, наши правила обработки персональных данных – здесь. Продолжая пользоваться сайтом, вы подтверждаете, что были проинформированы об использовании файлов cookies сайтом НИУ ВШЭ и согласны с нашими правилами обработки персональных данных. Вы можете отключить файлы cookies в настройках Вашего браузера."]}