{"title": "Conferences – Research at HSE University – HSE University", "description": "", "url": "http://www.hse.ru/en/science/conferences", "data": [{"level": "1", "text": "Conferences", "response": ["2024", "2023", "2022", "2021", "2020", "2019", "2018", "2017", "2016", "2015", "2014", "2013", "2012", "2011", "2010", "2009", "2008", "2007", "Interdisciplinary Conference 'Researching the Deaf Community'", "May 31-June 2, 2024", "The organisers invite researchers of the deaf and sign language community, as well as specialists in the theory and practice of social integration in Russia and abroad: scientists, consultants, practitioners, students and postgraduates, representatives of public organizations and businesses to participate.", "Past Conferences", "International Conference 'Law in the Digital Age'", "March 1, 2024", "The agenda of the conference includes the issues of all law branches in the context of digital transformation.", "Scientific Student Conference 'The Youth in Science: Challenges and Prospects'", "April 2, 2024", "The aim of the conference is to encourage talented and ambitious students to share their research results on acute academic issues.", "International Conference 'Birational Geometry'", "April 4, 2024"]}], "links": ["https://lang.hse.ru/en/theyouthinscience/", "https://pravo.hse.ru/en/techlaw/announcements/888982178.html", "https://www.hse.ru/en/news/announcements/894346472.html", "https://www.hse.ru/en/news/announcements/895154258.html", "https://www.hse.ru/en/science/conferences/2007", "https://www.hse.ru/en/science/conferences/2008", "https://www.hse.ru/en/science/conferences/2009", "https://www.hse.ru/en/science/conferences/2010", "https://www.hse.ru/en/science/conferences/2011", "https://www.hse.ru/en/science/conferences/2012", "https://www.hse.ru/en/science/conferences/2013", "https://www.hse.ru/en/science/conferences/2014", "https://www.hse.ru/en/science/conferences/2015", "https://www.hse.ru/en/science/conferences/2016", "https://www.hse.ru/en/science/conferences/2017", "https://www.hse.ru/en/science/conferences/2018", "https://www.hse.ru/en/science/conferences/2019", "https://www.hse.ru/en/science/conferences/2020", "https://www.hse.ru/en/science/conferences/2021", "https://www.hse.ru/en/science/conferences/2022", "https://www.hse.ru/en/science/conferences/2023"], "text": ["Conferences", "2024", "2023", "2022", "2021", "2020", "2019", "2018", "2017", "2016", "2015", "2014", "2013", "2012", "2011", "2010", "2009", "2008", "2007", "Interdisciplinary Conference 'Researching the Deaf Community'", "May 31-June 2, 2024", "The organisers invite researchers of the deaf and sign language community, as well as specialists in the theory and practice of social integration in Russia and abroad: scientists, consultants, practitioners, students and postgraduates, representatives of public organizations and businesses to participate.", "Past Conferences", "International Conference 'Law in the Digital Age'", "March 1, 2024", "The agenda of the conference includes the issues of all law branches in the context of digital transformation.", "Scientific Student Conference 'The Youth in Science: Challenges and Prospects'", "April 2, 2024", "The aim of the conference is to encourage talented and ambitious students to share their research results on acute academic issues.", "International Conference 'Birational Geometry'", "April 4, 2024"]}