{"title": "Оплата дополнительного и бизнес-образования (НИУ ВШЭ Нижний Новгород) — Оплата услуг ВШЭ Нижний Новгород — Национальный исследовательский университет «Высшая школа экономики»", "description": "", "url": "https://pay.hse.ru/nnov/dou", "data": [{"level": "2", "text": "Оплата услуг ВШЭ Нижний Новгород", "response": []}, {"level": "1", "text": "Оплата дополнительного и бизнес-образования (НИУ ВШЭ Нижний Новгород)", "response": ["Internet Explorer ниже 9 версии не поддерживается. Используйте более современную версию браузера или Google Chrome или Mozilla Firefox", "Способы оплаты", "Банковская карта", "К оплате принимаются карты платежных систем МИР, Visa и Mastercard", "Оплатить", "Фамилия Имя Отчество", "Номер договора", "Фамилия Имя Отчество", "*", "Номер договора", "*", "Подразделение", "Курс", "Для получения фискального чека и налогового вычета корректно внесите информацию о плательщике", "Ф.И.О. плательщика", "*", "Телефон", "*", "Адрес электронной почты", "*", "Оплата за период", "1 семестр текущего учебного года", "2 семестр текущего учебного года", "1 и 2 семестр текущего учебного года", "Иное (указать в назначении платежа)", "Назначение платежа", "*", "Сумма:", "Сумма", "*", "руб.", "коп.", "Далее", "* – Поле обязательно для заполнения"]}], "links": ["https://pay.hse.ru/nnov/dou/verify"], "text": ["Проверка оплаты", "Оплата дополнительного и бизнес-образования (НИУ ВШЭ Нижний Новгород)", "Internet Explorer ниже 9 версии не поддерживается. Используйте более современную версию браузера или Google Chrome или Mozilla Firefox", "Способы оплаты", "Банковская карта", "К оплате принимаются карты платежных систем МИР, Visa и Mastercard", "Оплатить", "Фамилия Имя Отчество", "Номер договора", "Фамилия Имя Отчество", "*", "Номер договора", "*", "Подразделение", "Курс", "Для получения фискального чека и налогового вычета корректно внесите информацию о плательщике", "Ф.И.О. плательщика", "*", "Телефон", "*", "Адрес электронной почты", "*", "Оплата за период", "1 семестр текущего учебного года", "2 семестр текущего учебного года", "1 и 2 семестр текущего учебного года", "Иное (указать в назначении платежа)", "Назначение платежа", "*", "Сумма:", "Сумма", "*", "руб.", "коп.", "Далее", "* – Поле обязательно для заполнения", "Нашли опечатку?", "Выделите её, нажмите Ctrl+Enter и отправьте нам уведомление. Спасибо за участие!", "Сервис предназначен только для отправки сообщений об орфографических и пунктуационных ошибках."]}