{"title": "Внесение изменений в план закупки — Дирекция по закупкам — Национальный исследовательский университет «Высшая школа экономики»", "description": "", "url": "https://www.hse.ru/procurement/plan_change", "data": [{"level": "2", "text": "Дирекция по закупкам", "response": []}, {"level": "1", "text": "Внесение изменений в план закупки", "response": ["В исключительных случаях в течение года возможно внесение изменений в план закупки (включение новых закупок, исключение ранее включённых закупок, внесение изменений в предмет и бюджет закупки, изменение сроков проведения закупки).", "При этом подразделениями-заказчиками подготавливаются и направляются по электронной почте на имя Директора по корпоративным закупкам и торгам Т.М.Обернибесовой (копия – Неверову В.В.), а в последствии передаются бумажные версии следующих документов, заверенные подписью уполномоченного лица.", "Cлужебная записка о внесении изменений в план закупки", "Уточнённая сводная заявка (образец)"]}], "links": ["https://www.hse.ru/data/2016/10/13/1108499599/", "https://www.hse.ru/data/2017/03/02/1166881700/"], "text": ["Внесение изменений в план закупкиВ исключительных случаях в течение года возможно внесение изменений в план закупки (включение новых закупок, исключение ранее включённых закупок, внесение изменений в предмет и бюджет закупки, изменение сроков проведения закупки).", "При этом подразделениями-заказчиками подготавливаются и направляются по электронной почте на имя Директора по корпоративным закупкам и торгам Т.М.Обернибесовой (копия – Неверову В.В.), а в последствии передаются бумажные версии следующих документов, заверенные подписью уполномоченного лица.", "Cлужебная записка о внесении изменений в план закупки", "Уточнённая сводная заявка (образец)", "Нашли опечатку?", "Выделите её, нажмите Ctrl+Enter и отправьте нам уведомление. Спасибо за участие!", "Сервис предназначен только для отправки сообщений об орфографических и пунктуационных ошибках."]}