{"title": "Вопросы о поступлении", "description": "", "url": "https://design.hse.ru/questions-about-admission", "data": [{"level": "1", "text": "Вопросы о поступлении", "response": []}, {"level": "2", "text": "Часто задаваемые вопросы", "response": []}], "links": [], "text": ["Москва", "Санкт-Петербург", "Нижний Новгород", "Пермь (Онлайн-бакалавриат)", "Ереван", "Казань", "Все кампусы", "Проект «Креативный город»", "По вопросам поступления:", "Бакалавриат (доб. 710)", "Магистратура (доб. 703)", "Онлайн-бакалавриат (доб. 709, 711)", "Дополнительное образование (Москва — доб. 705, 706, 712, Санкт-Петербург — доб. 701)", "Детская школа (доб. 707)", "С понедельника по пятницу", "с 10:00 до 18:00", "По общим вопросам", "Метро Павелецкая", "Метро Семёновская", "Основное образование", "Дополнительное образование", "Друзья!", "Вы уже посмотрели интересующие вас разделы сайта Школы дизайна — и у вас все же остались вопросы?", "Для того, чтобы отвечать на них, мы регулярно проводим дни открытых дверей, где вы можете встретиться с кураторами всех профилей и поговорить с ними лично. С содержанием образовательной программы вы можете ознакомиться в карте креативных компетенций.", "Кроме того, мы разработали информативные разделы:", "— для абитуриентов бакалавриата", "— для поступающих на программы магистратуры", "— Для получающих дополнительное образование", "Вопросы, касающиеся бакалавриата и магистратуры, можно задать Ульяне Викторовне Аристовой", "по телефону (звонком или смс): 8 916 170-98-03 (пн.-пт. 10:00-18:00)", "по почте: uaristova@hse.ru", "вконтакте в «Обсуждениях»", "Вопросы, касающиеся дополнительного образования, можно задать менеджерам Школы звонком или в мессенджерах (WhatsApp, Telegram):", "+7 925 567-74-70 Юлия Болдырева", "+7 926 726-50-80 Кристина Решетникова", "или по почте dop-design@hse.ru", "Задать вопрос о Детской школе дизайна можно администратору Анне Шашиной по телефону +7 916 640-39-04 (звонок, WhatsApp, Telegram) или по почте ashashina@hse.ru.", "Новости Школы дизайна", "Спасибо, вы успешно подписаны!", "Извините, что-то пошло не так. Попробуйте позже.", "Мы используем файлы cookies для улучшения работы сайта НИУ ВШЭ и большего удобства его использования. Более подробную информацию об использовании файлов cookies можно найти здесь, наши правила обработки персональных данных – здесь. Продолжая пользоваться сайтом, вы подтверждаете, что были проинформированы об использовании файлов cookies сайтом НИУ ВШЭ и согласны с нашими правилами обработки персональных данных. Вы можете отключить файлы cookies в настройках Вашего браузера."]}