{"title": "Оплата проживания (НИУ ВШЭ Нижний Новгород) — Оплата услуг ВШЭ Нижний Новгород — Национальный исследовательский университет «Высшая школа экономики»", "description": "", "url": "https://pay.hse.ru/nnov/prg", "data": [{"level": "2", "text": "Оплата услуг ВШЭ Нижний Новгород", "response": []}, {"level": "1", "text": "Оплата проживания (НИУ ВШЭ Нижний Новгород)", "response": ["Internet Explorer ниже 9 версии не поддерживается. Используйте более современную версию браузера или Google Chrome или Mozilla Firefox", "Способы оплаты", "Банковская карта", "К оплате принимаются карты платежных систем МИР, Visa и Mastercard", "Фамилия Имя Отчество", "Номер договора", "Фамилия Имя Отчество", "*", "Номер договора", "*", "Общежитие", "Курс", "Плательщик", "*", "Телефон", "*", "Адрес электронной почты", "*", "Оплата за период", "*", "Укажите период проживания в формате месяц/год или с__ по__ месяц/год", "Сумма:", "Сумма", "*", "руб.", "коп.", "Далее", "* – Поле обязательно для заполнения"]}], "links": ["https://pay.hse.ru/nnov/prg/verify"], "text": ["Проверка оплаты", "Оплата проживания (НИУ ВШЭ Нижний Новгород)", "Internet Explorer ниже 9 версии не поддерживается. Используйте более современную версию браузера или Google Chrome или Mozilla Firefox", "Способы оплаты", "Банковская карта", "К оплате принимаются карты платежных систем МИР, Visa и Mastercard", "Фамилия Имя Отчество", "Номер договора", "Фамилия Имя Отчество", "*", "Номер договора", "*", "Общежитие", "Курс", "Плательщик", "*", "Телефон", "*", "Адрес электронной почты", "*", "Оплата за период", "*", "Укажите период проживания в формате месяц/год или с__ по__ месяц/год", "Сумма:", "Сумма", "*", "руб.", "коп.", "Далее", "* – Поле обязательно для заполнения", "Нашли опечатку?", "Выделите её, нажмите Ctrl+Enter и отправьте нам уведомление. Спасибо за участие!", "Сервис предназначен только для отправки сообщений об орфографических и пунктуационных ошибках."]}