{"title": "Apply for Graduate Programmes at HSE University – HSE University", "description": "", "url": "https://admissions.hse.ru/en/graduate-apply", "data": [{"level": "1", "text": "Apply for Graduate Programmes", "response": ["WhatsApp +7 916 311 8521", "Sign in to International Applicant Account", "Select your programme level", "Bachelor's", "Master's"]}, {"level": "2", "text": "Online consultations", "response": ["Sign up for online consultation with our International Admissions team!", "We are eager to assist you with your portfolio, the main deadlines, and admissions steps.", "Make sure to prepare your questions beforehand to make the meeting more efficient."]}, {"level": "2", "text": "List of programmes", "response": ["07.00.00 ARCHITECTURE", "Urban Development and Spatial Planning (Russian-taught)", "Digital Urban Analytics (Russian-taught, ONLINE)", "58.00.00 ASIAN AND AFRICAN STUDIES", "Classical and Modern Orient: Languages, Cultures, Religions (Russian-taught)", "Socioeconomic and Political Development of Modern Asia (Instruction in English)", "54.00.00 ART AND CRAFTS", "Design (Russian-taught)", "Environment Design (Russian-taught)", "Communication and Digital Design (Russian-taught, ONLINE)", "Fashion (Russian-taught)", "Interactive Design (Russian-taught, ONLINE)", "09.00.00 INFORMATION SCIENCE AND COMPUTING TECHNOLOGY", "Computer Systems and Networks (Russian-taught)", "System and Software Engineering (Russian-taught)", "10.00.00 INFORMATION SECURITY", "Information Security of Cyber-physical Systems (Russian-taught)", "Cybersecurity (Russian-taught, ONLINE)", "Information Security in the Financial Sector (Russian-taught)", "50.00.00 ART STUDIES", "History of Artistic Culture and the Art Market (Russian-taught)", "Contemporary Art Practice (Russian-taught)", "46.00.00 HISTORY AND ARCHAEOLOGY", "Classical and Oriental Archaeology (Russian-taught)", "History of the Modern World (Russian-taught)", "Muslim Worlds in Russia (History and Culture) (Russian-taught)", "Contemporary History Studies in History Instruction at Secondary Schools (Russian-taught)", "Rus' and the Medieval World (Russian-taught)", "51.00.00 CULTURAL STUDIES AND SOCIOCULTURAL PROJECTS", "East European Studies (Russian-taught)", "Culture Studies (Russian-taught)", "01.00.00 MATHEMATICS AND MECHANICS", "Legal Tech (Russian-taught, ONLINE)", "Master of Data Science (Instruction in English, ONLINE)", "Mathematics (Instruction in English)", "Math of Machine Learning (Instruction in English)", "Machine Learning and Data-Intensive Systems (Russian-taught, ONLINE)", "Data Science (Instruction in English)", "Systems Analysis and Mathematical Technologies (Russian-taught)", "Financial Technologies and Data Analysis (Russian-taught)", "Applied Artificial Intelligence Models (Russian-taught)", "Data Analytics and Social Statistics (Instruction in English, ONLINE)", "05.00.00 EARTH SCIENCE", "Low Carbon Development (Russian-taught)", "Spatial Data and Applied Geoanalytics (Russian-taught)", "44.00.00 EDUCATION AND PEDAGOGICAL SCIENCES", "Pedagogy (Russian-taught)", "Modern Technologies for Teaching Design and Art (Russian-taught)", "41.00.00 POLITICAL SCIENCE AND AREA STUDIES", "Germanica: History and Modernity (Russian-taught)", "International Relations: European and Asian Studies (Russian-taught)", "Politics. Economics. Philosophy (Instruction in English)", "Applied Politics (Russian-taught)", "HSE and Kyung Hee University Double Degree Programme in Economics, Politics, and Business in Asia (Instruction in English)", "Contemporary Social Studies in Secondary Schools (Russian-taught)", "19.00.00 INDUSTRIAL ECOLOGY AND BIOTECHNOLOGY", "Cell and Molecular Biotechnology (Russian-taught)", "37.00.00 PSYCHOLOGICAL SCIENCES", "Cognitive Sciences and Technologies: From Neuron to Cognition (Instruction in English)", "Personology. Counseling Psychology and Psychotherapy (Russian-taught)", "Science of Learning and Assessment (Instruction in English)", "Positive Psychology (Russian-taught)", "Applied Social Psychology (Russian-taught, ONLINE)", "Psychoanalysis and Psychotherapy (Russian-taught, ONLINE)", "Psychoanalysis and Psychoanalytical Business Consulting (Russian-taught, ONLINE)", "Psychology in Business (Russian-taught)", "Systemic Family Therapy (Russian-taught)", "39.00.00 SOCIAL SCIENCES", "Demography (Russian-taught)", "Social Analysis of Markets on Digital and Survey Data (Russian-taught)", "Sociology of Public Sphere and Digital Analytics (Russian-taught)", "Comparative Social Research (Instruction in English)", "Complex Social Analysis", "42.00.00 MEDIA, INFORMATION AND LIBRARY SERVICES", "Integrated Communications (Russian-taught)", "Film Production (Russian-taught)", "Communications in the Public Sector and NGOs (Russian-taught)", "Digital Communications and Product Analytics (Russian-taught)", "Critical Media Studies (Instruction in English)", "Media Management (Russian-taught)", "Contemporary Journalism (English-taught)", "Interactive Media and Digital Industries (Russian-taught)", "Strategic Communications Management (Russian-taught, ONLINE)", "27.00.00 MANAGEMENT IN TECHNOLOGY", "Corporate Research, Development and Innovation Management (Russian-taught)", "Innovative business management (Russian-taught, ONLINE)", "03.00.00 PHYSICS", "Physics (Russian-taught)", "47.00.00 PHILOSOPHY, ETHICS, AND RELIGIOUS STUDIES", "Religion and Society (Russian-taught)", "Philosophical Anthropology (Russian-taught)", "04.00.00 CHEMISTRY", "Chemistry of Molecular Systems and Materials (Russian-taught)", "38.00.00 ECONOMICS AND MANAGEMENT", "Business Analytics and Big Data Systems (Instruction in English)", "Business Informatics: Digital Enterprise and Information Systems Management (Russian-taught)", "Public Administration (Russian-taught)", "Evidence-based Education Development (Russian-taught)", "Corporate Finance (Russian-taught)", "Master of Business Analytics (Instruction in English, ONLINE)", "Marketing Management (Russian-taught, ONLINE)", "Marketing: Digital Technology and Marketing Communications (Russian-taught)", "International Trade Policy (Russian-taught)", "International Business (Instruction in English)", "International Management (Instruction in English)", "International Sports Management, Marketing, and Law (Russian-taught)", "Retail Management (Russian-taught)", "World Economy (Russian-taught)", "Population and Development (Instruction in English)", "Operational Excellence and Production Systems (Russian-taught)", "Statistical Analysis in Economics (Russian-taught)", "Stochastic Modeling in Economics and Finance (Russian-taught)", "Strategic Management: Investments and Consulting (Russian-taught)", "Strategic Corporate Finance (Instruction in English)", "Management in Higher Education (Russian-taught)", "Science, Technology and Innovation Management and Policy (Instruction in English)", "Management in creative industries (Russian-taught, ONLINE)", "Health Care Administration and Economics (Russian-taught)", "Digital Product Management (Russian-taught, ONLINE)", "Financial Economics (Instruction in English)", "Financial Markets and Institutions (Russian-taught)", "Financial Analyst (Instruction in English)", "Financial Engineering (Russian-taught)", "Master of Finance (Instruction in English, ONLINE)", "Economics and Economic Policy (Instruction in English)", "Environmental Economics and Sustainable Development (Instruction in Russian )", "Economic Analysis (Russian-taught, ONLINE)", "Electronic Business and Digital Innovations (Russian-taught)", "Educational Administration (Russian-taught)", "Investments in Financial Markets (Russian-taught, ONLINE)", "11.00.00 ELECTRONICS, RADIOTECHNICS, AND COMMUNICATION SYSTEMS", "Internet of Things and Cyber-physical Systems (Russian-taught)", "Applied Electronics and Photonics (Russian-taught)", "Artificial Intelligence Software and Hardware (Russian-taught)", "40.00.00 JURISPRUDENCE", "Compliance and Legal Risk Prevention (Russian-taught)", "State-Сonfessional Relations. Legal Regulation of the Operations of Religious Organisations (Russian-taught)", "International Corporate Compliance and Business Ethics (Russian-taught)", "International Sports Management, Marketing, and Law (Russian-taught)", "Law of International Trade and Dispute Resolution (Instruction in English)", "Public Law (Russian-taught)", "Theoretical and Comparative Law (Russian-taught)", "Pharmaceutical and Healthcare Law (Russian-taught)", "Digital Law (Russian-taught)", "Business Lawyer (Russian-taught)", "Lawyer in Public Justice (Russian-taught)", "Lawyer on the Global Financial Market (Russian-taught)", "Modern Private Law", "45.00.00 LANGUAGE AND LITERATURE STUDIES", "Foreign Languages and Intercultural Communication (Instruction in English)", "Computational Linguistics (Russian-taught)", "Linguistic Theory and Language Description (Instruction in English)", "Creative Writing (Russian-taught)", "Russian and Comparative Literature (Russian-taught)", "Russian as a Foreign Language in Cross-Linguistic and Cross-Cultural Perspective (Russian-taught)", "Digital Humanities (Russian-taught)", "Language Policy in the Context of Ethnocultural Diversity (Russian-taught)", "58.00.00 ASIAN AND AFRICAN STUDIES", "Cross-Cultural Studies of Asia and Africa in the Context of International Relations (Russian-taught)", "54.00.00 ART AND CRAFTS", "Design (Russian-taught)", "46.00.00 HISTORY AND ARCHAEOLOGY", "Global and Regional History (Instruction in English)", "01.00.00 MATHEMATICS AND MECHANICS", "UX Analytics and Information System Design (Russian-taught)", "Computational Biology and Bioinformatics (Russian-taught)", "Machine Learning and Data Analysis (Instruction in English)", "Systems Reliability Engineering (Russian-taught, ONLINE)", "38.04.05 BUSINESS INFORMATICS", "Business and IT Architecture of High-Tech Companies (Russian-taught)", "41.00.00 POLITICAL SCIENCE AND AREA STUDIES", "Data Analytics for Politics and Society (Russian-taught)", "Comparative Politics of Eurasia (Instruction in English)", "39.00.00 SOCIAL SCIENCES", "Data Analytics for Politics and Society (Instruction in English)", "Modern Social Analysis (Russian-taught)", "42.00.00 MEDIA, INFORMATION AND LIBRARY SERVICES", "Media Production and Media Analysis (Russian-taught)", "03.00.00 PHYSICS", "Physics (Russian-taught)", "45.00.00 LANGUAGE AND LITERATURE STUDIES", "Russian Literature in Cross-cultural and Intermedial Perspective (Russian-taught)", "Language Technology in Business and Education (Russian-taught)", "38.00.00 ECONOMICS AND MANAGEMENT", "Data Analytics for Business and Economics (Russian-taught)", "Urban Development and Governance (Russian-taught)", "International Business in the Asia-Pacific Region (Instruction in English)", "Arts and Culture Management (Instruction in English)", "Strategic Management of Logistics and Supply Chains (Russian-taught)", "Educational Administration (Russian-taught)", "Finance (Instruction in English)", "40.00.00 JURISPRUDENCE", "Civil and Commercial Law (Russian-taught)", "Law and Public Administration (Russian-taught)", "Intellectual Property Law in the Digital Age (Russian-taught)", "01.00.00 MATHEMATICS AND MECHANICS", "Data Mining (Russian-taught)", "Artificial Intelligence and Computer Vision (Instruction in English, ONLINE)", "Mathematics (Instruction in English)", "38.00.00 ECONOMICS AND MANAGEMENT", "Business Analytics in Economics and Management (Russian-taught)", "Business Informatics (Russian-taught)", "Marketing (Russian-taught)", "Educational Administration (Russian-taught)", "Managing Organisations and Projects (Russian-taught, ONLINE)", "Business Development (Instruction in English)", "Finance (Russian-taught)", "40.00.00 JURISPRUDENCE", "Legal Support and Protection of Business (Russian-taught)", "45.00.00 LANGUAGE AND LITERATURE STUDIES", "Applied Linguistics and Text Analytics (Instruction in English)", "Modern Practices in Literary Studies: Poetics, Interpretations, Commentary (Russian-taught)", "38.00.00 ECONOMICS AND MANAGEMENT", "Business Analytics (Russian-taught)", "Public Administration (Russian-taught)", "Business Development Management (Russian-taught)", "Financial Strategies and Analytics (Russian-taught)", "40.00.00 JURISPRUDENCE", "Legal Support of Entrepreneurial Activity (Russian-taught)", "IT-lawyer (Russian-taught, ONLINE)"]}, {"level": "2", "text": "HSE Education & Training Advisory Centre", "response": ["Email", "inter@hse.ru", "Phone", "+7 (495) 531 0059", "WhatsApp", "+7 (916) 311 8521", "Telegram", "+7 (916) 311 8521"]}], "links": ["http://art.hse.ru/ma", "http://design.hse.ru/mag-design", "http://design.hse.ru/mag-fashion", "https://admissions.hse.ru/en/globaluni/", "https://admissions.hse.ru/en/graduate-apply/masterbudget/", "https://asav.hse.ru/applyma.html", "https://design.hse.ru/ma", "https://design.hse.ru/ma/program/communication", "https://design.hse.ru/pages/184", "https://nnov.hse.ru/en/ma/appling/", "https://nnov.hse.ru/en/ma/bi/", "https://nnov.hse.ru/en/ma/data/", "https://nnov.hse.ru/en/ma/economics/", "https://nnov.hse.ru/en/ma/eduman/", "https://nnov.hse.ru/en/ma/finance/", "https://nnov.hse.ru/en/ma/ls/", "https://nnov.hse.ru/en/ma/man/", "https://nnov.hse.ru/en/ma/managing/", "https://nnov.hse.ru/en/ma/marketing/", "https://nnov.hse.ru/en/ma/math/", "https://nnov.hse.ru/en/ma/poetics/", "https://nnov.hse.ru/en/ma/vision/", "https://perm.hse.ru/en/ma/bdm/", "https://perm.hse.ru/en/ma/fs/", "https://perm.hse.ru/en/ma/gmu/", "https://perm.hse.ru/en/ma/iaem/", "https://perm.hse.ru/en/ma/ls/", "https://perm.hse.ru/en/ma/ltlawyer/", "https://spb.hse.ru/en/ma/bi/", "https://spb.hse.ru/en/ma/bioinformatics/", "https://spb.hse.ru/en/ma/civilcom/", "https://spb.hse.ru/en/ma/computer/", "https://spb.hse.ru/en/ma/crosscultura/", "https://spb.hse.ru/en/ma/daps/", "https://spb.hse.ru/en/ma/data-analytics/", "https://spb.hse.ru/en/ma/eduman/", "https://spb.hse.ru/en/ma/expman/", "https://spb.hse.ru/en/ma/finance/", "https://spb.hse.ru/en/ma/gmu/", "https://spb.hse.ru/en/ma/grhistory/", "https://spb.hse.ru/en/ma/interbusiness/", "https://spb.hse.ru/en/ma/iplaw/", "https://spb.hse.ru/en/ma/language/", "https://spb.hse.ru/en/ma/log/", "https://spb.hse.ru/en/ma/lpa/", "https://spb.hse.ru/en/ma/man/", "https://spb.hse.ru/en/ma/ml/", "https://spb.hse.ru/en/ma/mpdesign/", "https://spb.hse.ru/en/ma/msa/", "https://spb.hse.ru/en/ma/pm/", "https://spb.hse.ru/en/ma/rlcip/", "https://spb.hse.ru/en/ma/systems/admission/", "https://spb.hse.ru/en/ma/tmphysics/", "https://www.hse.ru/en/ma/actuar/", "https://www.hse.ru/en/ma/aea/", "https://www.hse.ru/en/ma/aim/", "https://www.hse.ru/en/ma/art/", "https://www.hse.ru/en/ma/asia/", "https://www.hse.ru/en/ma/bi/", "https://www.hse.ru/en/ma/bigcomm/", "https://www.hse.ru/en/ma/bigdata/", "https://www.hse.ru/en/ma/bioeconomics/", "https://www.hse.ru/en/ma/canon/", "https://www.hse.ru/en/ma/carbon/", "https://www.hse.ru/en/ma/cf/", "https://www.hse.ru/en/ma/chemistry/", "https://www.hse.ru/en/ma/cms/", "https://www.hse.ru/en/ma/cogito/", "https://www.hse.ru/en/ma/communicate/", "https://www.hse.ru/en/ma/companyfin/", "https://www.hse.ru/en/ma/compliance/", "https://www.hse.ru/en/ma/consult/", "https://www.hse.ru/en/ma/cs/", "https://www.hse.ru/en/ma/csa/", "https://www.hse.ru/en/ma/csr/", "https://www.hse.ru/en/ma/cstudies/", "https://www.hse.ru/en/ma/cyber/", "https://www.hse.ru/en/ma/datasci/", "https://www.hse.ru/en/ma/demography/", "https://www.hse.ru/en/ma/dh/", "https://www.hse.ru/en/ma/digital/", "https://www.hse.ru/en/ma/digitalpm/", "https://www.hse.ru/en/ma/dlaw/", "https://www.hse.ru/en/ma/economicanalysis/", "https://www.hse.ru/en/ma/economicpolicy/", "https://www.hse.ru/en/ma/edgeai/", "https://www.hse.ru/en/ma/education/", "https://www.hse.ru/en/ma/eduman/", "https://www.hse.ru/en/ma/efficiency/", "https://www.hse.ru/en/ma/elb/", "https://www.hse.ru/en/ma/environment/", "https://www.hse.ru/en/ma/epba/", "https://www.hse.ru/en/ma/family/", "https://www.hse.ru/en/ma/fin/", "https://www.hse.ru/en/ma/finance/", "https://www.hse.ru/en/ma/financial/", "https://www.hse.ru/en/ma/fineng/", "https://www.hse.ru/en/ma/finlaw/", "https://www.hse.ru/en/ma/finmarket/", "https://www.hse.ru/en/ma/finsec/", "https://www.hse.ru/en/ma/fintech/", "https://www.hse.ru/en/ma/fizika/", "https://www.hse.ru/en/ma/foreign/", "https://www.hse.ru/en/ma/geoanalytics/", "https://www.hse.ru/en/ma/germanica/", "https://www.hse.ru/en/ma/gmu/", "https://www.hse.ru/en/ma/health/", "https://www.hse.ru/en/ma/inbusiness/", "https://www.hse.ru/en/ma/incom/", "https://www.hse.ru/en/ma/inhist/", "https://www.hse.ru/en/ma/insport/", "https://www.hse.ru/en/ma/intercomp/", "https://www.hse.ru/en/ma/interlaw/", "https://www.hse.ru/en/ma/internet/", "https://www.hse.ru/en/ma/intrade/", "https://www.hse.ru/en/ma/invest/", "https://www.hse.ru/en/ma/irin/", "https://www.hse.ru/en/ma/irmaster/", "https://www.hse.ru/en/ma/journalism/", "https://www.hse.ru/en/ma/justice/", "https://www.hse.ru/en/ma/kino/", "https://www.hse.ru/en/ma/langpolicy/", "https://www.hse.ru/en/ma/lc/", "https://www.hse.ru/en/ma/legalpharma/", "https://www.hse.ru/en/ma/legaltech/", "https://www.hse.ru/en/ma/ling/", "https://www.hse.ru/en/ma/literature/", "https://www.hse.ru/en/ma/litmaster/", "https://www.hse.ru/en/ma/mannedu/", "https://www.hse.ru/en/ma/markman/", "https://www.hse.ru/en/ma/math/", "https://www.hse.ru/en/ma/mba/", "https://www.hse.ru/en/ma/mds/", "https://www.hse.ru/en/ma/mdt/", "https://www.hse.ru/en/ma/mediaman/", "https://www.hse.ru/en/ma/medieval/", "https://www.hse.ru/en/ma/mim/", "https://www.hse.ru/en/ma/mlds/", "https://www.hse.ru/en/ma/mps/", "https://www.hse.ru/en/ma/msa/", "https://www.hse.ru/en/ma/mw/", "https://www.hse.ru/en/ma/nanoelectronics/", "https://www.hse.ru/en/ma/orient/", "https://www.hse.ru/en/ma/osm/", "https://www.hse.ru/en/ma/pb/", "https://www.hse.ru/en/ma/pd/", "https://www.hse.ru/en/ma/pep/", "https://www.hse.ru/en/ma/philosophical/", "https://www.hse.ru/en/ma/positive/", "https://www.hse.ru/en/ma/privatelaw/", "https://www.hse.ru/en/ma/ps/", "https://www.hse.ru/en/ma/psyan/", "https://www.hse.ru/en/ma/publiclaw/", "https://www.hse.ru/en/ma/rdi/", "https://www.hse.ru/en/ma/relhist/", "https://www.hse.ru/en/ma/retail/", "https://www.hse.ru/en/ma/samt/", "https://www.hse.ru/en/ma/scm/", "https://www.hse.ru/en/ma/sda/", "https://www.hse.ru/en/ma/se/", "https://www.hse.ru/en/ma/sltheory/", "https://www.hse.ru/en/ma/sna/admission/", "https://www.hse.ru/en/ma/socialhist/", "https://www.hse.ru/en/ma/socpsy/", "https://www.hse.ru/en/ma/sola/", "https://www.hse.ru/en/ma/statanalys/", "https://www.hse.ru/en/ma/sti/", "https://www.hse.ru/en/ma/system/", "https://www.hse.ru/en/ma/tclaw/", "https://www.hse.ru/en/ma/teach/", "https://www.hse.ru/en/ma/therapy/", "https://www.hse.ru/en/ma/tling/", "https://www.hse.ru/en/ma/urban/", "https://www.hse.ru/en/ma/urbananalytics/", "https://www.hse.ru/en/ma/we/", "https://www.hse.ru/en/ma/wtp/"], "text": ["Online consultations", "Sign up for online consultation with our International Admissions team!", "We are eager to assist you with your portfolio, the main deadlines, and admissions steps.", "Make sure to prepare your questions beforehand to make the meeting more efficient.", "November 1, 2023", "Start of application submission, review of applications by educational programmes", "April 30, 2024", "Deadline for accepting applications for Russian government scholarship places", "August 11, 2024", "Deadline for applications", "August 15, 2024", "Deadline for portfolio submission", "August 25, 2024", "Submission of all necessary documents: offer of admission, contract, payment of fees", "After receiving the contract by email, a signed scan of it must be sent back within 3-5 working days.", "Contract payment can be done any day but no later than August 28.", "September 1, 2024", "Classes starting date depends on the chosen programme", "Please note that some programmes begin in October", "List of programmes", "Moscow", "Saint Petersburg", "Nizhny Novgorod", "Perm", "07.00.00 ARCHITECTURE", "Urban Development and Spatial Planning (Russian-taught)", "Digital Urban Analytics (Russian-taught, ONLINE)", "58.00.00 ASIAN AND AFRICAN STUDIES", "Classical and Modern Orient: Languages, Cultures, Religions (Russian-taught)", "Socioeconomic and Political Development of Modern Asia (Instruction in English)", "54.00.00 ART AND CRAFTS", "Design (Russian-taught)", "Environment Design (Russian-taught)", "Communication and Digital Design (Russian-taught, ONLINE)", "Fashion (Russian-taught)", "Interactive Design (Russian-taught, ONLINE)", "09.00.00 INFORMATION SCIENCE AND COMPUTING TECHNOLOGY", "Computer Systems and Networks (Russian-taught)", "System and Software Engineering (Russian-taught)", "10.00.00 INFORMATION SECURITY", "Information Security of Cyber-physical Systems (Russian-taught)", "Cybersecurity (Russian-taught, ONLINE)", "Information Security in the Financial Sector (Russian-taught)", "50.00.00 ART STUDIES", "History of Artistic Culture and the Art Market (Russian-taught)", "Contemporary Art Practice (Russian-taught)", "46.00.00 HISTORY AND ARCHAEOLOGY", "Classical and Oriental Archaeology (Russian-taught)", "History of the Modern World (Russian-taught)", "Muslim Worlds in Russia (History and Culture) (Russian-taught)", "Contemporary History Studies in History Instruction at Secondary Schools (Russian-taught)", "Rus' and the Medieval World (Russian-taught)", "51.00.00 CULTURAL STUDIES AND SOCIOCULTURAL PROJECTS", "East European Studies (Russian-taught)", "Culture Studies (Russian-taught)", "01.00.00 MATHEMATICS AND MECHANICS", "Legal Tech (Russian-taught, ONLINE)", "Master of Data Science (Instruction in English, ONLINE)", "Mathematics (Instruction in English)", "Math of Machine Learning (Instruction in English)", "Machine Learning and Data-Intensive Systems (Russian-taught, ONLINE)", "Data Science (Instruction in English)", "Systems Analysis and Mathematical Technologies (Russian-taught)", "Financial Technologies and Data Analysis (Russian-taught)", "Applied Artificial Intelligence Models (Russian-taught)", "Data Analytics and Social Statistics (Instruction in English, ONLINE)", "05.00.00 EARTH SCIENCE", "Low Carbon Development (Russian-taught)", "Spatial Data and Applied Geoanalytics (Russian-taught)", "44.00.00 EDUCATION AND PEDAGOGICAL SCIENCES", "Pedagogy (Russian-taught)", "Modern Technologies for Teaching Design and Art (Russian-taught)", "41.00.00 POLITICAL SCIENCE AND AREA STUDIES", "Germanica: History and Modernity (Russian-taught)", "International Relations: European and Asian Studies (Russian-taught)", "Politics. Economics. Philosophy (Instruction in English)", "Applied Politics (Russian-taught)", "HSE and Kyung Hee University Double Degree Programme in Economics, Politics, and Business in Asia (Instruction in English)", "Contemporary Social Studies in Secondary Schools (Russian-taught)", "19.00.00 INDUSTRIAL ECOLOGY AND BIOTECHNOLOGY", "Cell and Molecular Biotechnology (Russian-taught)", "37.00.00 PSYCHOLOGICAL SCIENCES", "Cognitive Sciences and Technologies: From Neuron to Cognition (Instruction in English)", "Personology. Counseling Psychology and Psychotherapy (Russian-taught)", "Science of Learning and Assessment (Instruction in English)", "Positive Psychology (Russian-taught)", "Applied Social Psychology (Russian-taught, ONLINE)", "Psychoanalysis and Psychotherapy (Russian-taught, ONLINE)", "Psychoanalysis and Psychoanalytical Business Consulting (Russian-taught, ONLINE)", "Psychology in Business (Russian-taught)", "Systemic Family Therapy (Russian-taught)", "39.00.00 SOCIAL SCIENCES", "Demography (Russian-taught)", "Social Analysis of Markets on Digital and Survey Data (Russian-taught)", "Sociology of Public Sphere and Digital Analytics (Russian-taught)", "Comparative Social Research (Instruction in English)", "Complex Social Analysis", "42.00.00 MEDIA, INFORMATION AND LIBRARY SERVICES", "Integrated Communications (Russian-taught)", "Film Production (Russian-taught)", "Communications in the Public Sector and NGOs (Russian-taught)", "Digital Communications and Product Analytics (Russian-taught)", "Critical Media Studies (Instruction in English)", "Media Management (Russian-taught)", "Contemporary Journalism (English-taught)", "Interactive Media and Digital Industries (Russian-taught)", "Strategic Communications Management (Russian-taught, ONLINE)", "27.00.00 MANAGEMENT IN TECHNOLOGY", "Corporate Research, Development and Innovation Management (Russian-taught)", "Innovative business management (Russian-taught, ONLINE)", "03.00.00 PHYSICS", "Physics (Russian-taught)", "47.00.00 PHILOSOPHY, ETHICS, AND RELIGIOUS STUDIES", "Religion and Society (Russian-taught)", "Philosophical Anthropology (Russian-taught)", "04.00.00 CHEMISTRY", "Chemistry of Molecular Systems and Materials (Russian-taught)", "38.00.00 ECONOMICS AND MANAGEMENT", "Business Analytics and Big Data Systems (Instruction in English)", "Business Informatics: Digital Enterprise and Information Systems Management (Russian-taught)", "Public Administration (Russian-taught)", "Evidence-based Education Development (Russian-taught)", "Corporate Finance (Russian-taught)", "Master of Business Analytics (Instruction in English, ONLINE)", "Marketing Management (Russian-taught, ONLINE)", "Marketing: Digital Technology and Marketing Communications (Russian-taught)", "International Trade Policy (Russian-taught)", "International Business (Instruction in English)", "International Management (Instruction in English)", "International Sports Management, Marketing, and Law (Russian-taught)", "Retail Management (Russian-taught)", "World Economy (Russian-taught)", "Population and Development (Instruction in English)", "Operational Excellence and Production Systems (Russian-taught)", "Statistical Analysis in Economics (Russian-taught)", "Stochastic Modeling in Economics and Finance (Russian-taught)", "Strategic Management: Investments and Consulting (Russian-taught)", "Strategic Corporate Finance (Instruction in English)", "Management in Higher Education (Russian-taught)", "Science, Technology and Innovation Management and Policy (Instruction in English)", "Management in creative industries (Russian-taught, ONLINE)", "Health Care Administration and Economics (Russian-taught)", "Digital Product Management (Russian-taught, ONLINE)", "Financial Economics (Instruction in English)", "Financial Markets and Institutions (Russian-taught)", "Financial Analyst (Instruction in English)", "Financial Engineering (Russian-taught)", "Master of Finance (Instruction in English, ONLINE)", "Economics and Economic Policy (Instruction in English)", "Environmental Economics and Sustainable Development (Instruction in Russian )", "Economic Analysis (Russian-taught, ONLINE)", "Electronic Business and Digital Innovations (Russian-taught)", "Educational Administration (Russian-taught)", "Investments in Financial Markets (Russian-taught, ONLINE)", "11.00.00 ELECTRONICS, RADIOTECHNICS, AND COMMUNICATION SYSTEMS", "Internet of Things and Cyber-physical Systems (Russian-taught)", "Applied Electronics and Photonics (Russian-taught)", "Artificial Intelligence Software and Hardware (Russian-taught)", "40.00.00 JURISPRUDENCE", "Compliance and Legal Risk Prevention (Russian-taught)", "State-Сonfessional Relations. Legal Regulation of the Operations of Religious Organisations (Russian-taught)", "International Corporate Compliance and Business Ethics (Russian-taught)", "International Sports Management, Marketing, and Law (Russian-taught)", "Law of International Trade and Dispute Resolution (Instruction in English)", "Public Law (Russian-taught)", "Theoretical and Comparative Law (Russian-taught)", "Pharmaceutical and Healthcare Law (Russian-taught)", "Digital Law (Russian-taught)", "Business Lawyer (Russian-taught)", "Lawyer in Public Justice (Russian-taught)", "Lawyer on the Global Financial Market (Russian-taught)", "Modern Private Law", "45.00.00 LANGUAGE AND LITERATURE STUDIES", "Foreign Languages and Intercultural Communication (Instruction in English)", "Computational Linguistics (Russian-taught)", "Linguistic Theory and Language Description (Instruction in English)", "Creative Writing (Russian-taught)", "Russian and Comparative Literature (Russian-taught)", "Russian as a Foreign Language in Cross-Linguistic and Cross-Cultural Perspective (Russian-taught)", "Digital Humanities (Russian-taught)", "Language Policy in the Context of Ethnocultural Diversity (Russian-taught)", "58.00.00 ASIAN AND AFRICAN STUDIES", "Cross-Cultural Studies of Asia and Africa in the Context of International Relations (Russian-taught)", "54.00.00 ART AND CRAFTS", "Design (Russian-taught)", "46.00.00 HISTORY AND ARCHAEOLOGY", "Global and Regional History (Instruction in English)", "01.00.00 MATHEMATICS AND MECHANICS", "UX Analytics and Information System Design (Russian-taught)", "Computational Biology and Bioinformatics (Russian-taught)", "Machine Learning and Data Analysis (Instruction in English)", "Systems Reliability Engineering (Russian-taught, ONLINE)", "38.04.05 BUSINESS INFORMATICS", "Business and IT Architecture of High-Tech Companies (Russian-taught)", "41.00.00 POLITICAL SCIENCE AND AREA STUDIES", "Data Analytics for Politics and Society (Russian-taught)", "Comparative Politics of Eurasia (Instruction in English)", "39.00.00 SOCIAL SCIENCES", "Data Analytics for Politics and Society (Instruction in English)", "Modern Social Analysis (Russian-taught)", "42.00.00 MEDIA, INFORMATION AND LIBRARY SERVICES", "Media Production and Media Analysis (Russian-taught)", "03.00.00 PHYSICS", "Physics (Russian-taught)", "45.00.00 LANGUAGE AND LITERATURE STUDIES", "Russian Literature in Cross-cultural and Intermedial Perspective (Russian-taught)", "Language Technology in Business and Education (Russian-taught)", "38.00.00 ECONOMICS AND MANAGEMENT", "Data Analytics for Business and Economics (Russian-taught)", "Urban Development and Governance (Russian-taught)", "International Business in the Asia-Pacific Region (Instruction in English)", "Arts and Culture Management (Instruction in English)", "Strategic Management of Logistics and Supply Chains (Russian-taught)", "Educational Administration (Russian-taught)", "Finance (Instruction in English)", "40.00.00 JURISPRUDENCE", "Civil and Commercial Law (Russian-taught)", "Law and Public Administration (Russian-taught)", "Intellectual Property Law in the Digital Age (Russian-taught)", "01.00.00 MATHEMATICS AND MECHANICS", "Data Mining (Russian-taught)", "Artificial Intelligence and Computer Vision (Instruction in English, ONLINE)", "Mathematics (Instruction in English)", "38.00.00 ECONOMICS AND MANAGEMENT", "Business Analytics in Economics and Management (Russian-taught)", "Business Informatics (Russian-taught)", "Marketing (Russian-taught)", "Educational Administration (Russian-taught)", "Managing Organisations and Projects (Russian-taught, ONLINE)", "Business Development (Instruction in English)", "Finance (Russian-taught)", "40.00.00 JURISPRUDENCE", "Legal Support and Protection of Business (Russian-taught)", "45.00.00 LANGUAGE AND LITERATURE STUDIES", "Applied Linguistics and Text Analytics (Instruction in English)", "Modern Practices in Literary Studies: Poetics, Interpretations, Commentary (Russian-taught)", "38.00.00 ECONOMICS AND MANAGEMENT", "Business Analytics (Russian-taught)", "Public Administration (Russian-taught)", "Business Development Management (Russian-taught)", "Financial Strategies and Analytics (Russian-taught)", "40.00.00 JURISPRUDENCE", "Legal Support of Entrepreneurial Activity (Russian-taught)", "IT-lawyer (Russian-taught, ONLINE)", "Apply now", "Number of Russian government scholarship places for Master's programmes in 2024", "Get number of scholarships", "Olympiads", "Open Doors", "HSE Education & Training Advisory Centre", "Email", "inter@hse.ru", "Phone", "+7 (495) 531 0059", "WhatsApp", "+7 (916) 311 8521", "Telegram", "+7 (916) 311 8521", "Address: Room 623, 11 Pokrovsky blvd., building D, Moscow 109028", "Hours: 9:30-18:00, Monday-Friday"]}