{"title": "Оргструктура НИУ ВШЭ — Руководство — Национальный исследовательский университет «Высшая школа экономики»", "description": "", "url": "https://www.hse.ru/orgstructure/", "data": [{"level": "1", "text": "Оргструктура НИУ ВШЭ", "response": ["Руководство"]}, {"level": "2", "text": "Руководство", "response": []}], "links": ["http://creative.hse.ru/institute", "http://design.hse.ru/", "https://ac.hse.ru/", "https://benefits.hse.ru/", "https://biology.hse.ru/", "https://bricscouncil.hse.ru/", "https://cc.hse.ru/", "https://cca.hse.ru/", "https://chemistry.hse.ru/", "https://chemistry.hse.ru/icms/", "https://chemistry.hse.ru/oe/", "https://chemistry.hse.ru/pce/", "https://chemistry.hse.ru/pp/", "https://chemistry.hse.ru/zioc/", "https://cmd.hse.ru/", "https://cmd.hse.ru/incomm/", "https://cmd.hse.ru/media/", "https://cs.hse.ru/", "https://cs.hse.ru/ai/", "https://cs.hse.ru/big-data/", "https://cs.hse.ru/dse/", "https://cs.hse.ru/iai/", "https://csap.hse.ru/", "https://economics.hse.ru/", "https://economics.hse.ru/demat/", "https://economics.hse.ru/depe/", "https://economics.hse.ru/dest/", "https://economics.hse.ru/det/", "https://event.hse.ru/", "https://fdp.hse.ru/", "https://fi.hse.ru/", "https://finance.hse.ru/", "https://fmc.hse.ru/", "https://geography.hse.ru/", "https://gorod.hse.ru/", "https://hist.hse.ru/", "https://hmat.hse.ru/", "https://hr.hse.ru/", "https://hrd.hse.ru/", "https://hum.hse.ru/", "https://icef.hse.ru/", "https://id.hse.ru/", "https://irsup.hse.ru/", "https://itetps.hse.ru/", "https://lang.hse.ru/", "https://legal.hse.ru/", "https://library.hse.ru/", "https://ling.hse.ru/", "https://math.hse.ru/", "https://miem.hse.ru/", "https://miem.hse.ru/edu/ce/", "https://miem.hse.ru/edu/ee/", "https://miem.hse.ru/edu/pm/", "https://mspo.hse.ru/", "https://oriental.hse.ru/", "https://phc.hse.ru/", "https://philology.hse.ru/", "https://physics.hse.ru/", "https://physics.hse.ru/gpi/", "https://physics.hse.ru/iki/", "https://physics.hse.ru/ire/", "https://physics.hse.ru/isan/", "https://physics.hse.ru/issp/", "https://physics.hse.ru/itp/", "https://physics.hse.ru/kapitza/", "https://pravo.hse.ru/", "https://pravo.hse.ru/grpravo/", "https://pravo.hse.ru/intlaw/", "https://pravo.hse.ru/legalst/", "https://pravo.hse.ru/lrb/", "https://pravo.hse.ru/probl_prav/", "https://pravo.hse.ru/proclaw/", "https://pravo.hse.ru/publiclaw/", "https://pravo.hse.ru/techlaw/", "https://school.hse.ru/", "https://social.hse.ru/", "https://social.hse.ru/politics/", "https://social.hse.ru/psy/", "https://social.hse.ru/soc/", "https://specialstatus.hse.ru/", "https://strategy.hse.ru/", "https://studsovet.hse.ru/", "https://talent.hse.ru/", "https://ud.hse.ru/", "https://urban.hse.ru/", "https://we.hse.ru/", "https://we.hse.ru/ia/", "https://wec.hse.ru/", "https://www.hse.ru/abit/", "https://www.hse.ru/aup/298646216/", "https://www.hse.ru/aup/430221528/", "https://www.hse.ru/aup/508330992/", "https://www.hse.ru/aup/678863124/", "https://www.hse.ru/aup/695252585/", "https://www.hse.ru/aup/749539348/", "https://www.hse.ru/aup/795902119/", "https://www.hse.ru/aup/810928547/", "https://www.hse.ru/aup/813455960/", "https://www.hse.ru/aup/830128792/", "https://www.hse.ru/aup/887398109/", "https://www.hse.ru/aup/addedu/", "https://www.hse.ru/chc/", "https://www.hse.ru/contests/", "https://www.hse.ru/control/", "https://www.hse.ru/inman/", "https://www.hse.ru/oarcd/", "https://www.hse.ru/org/hse/aup/research/", "https://www.hse.ru/org/hse/ouk/fizvos/", "https://www.hse.ru/org/hse/ouk/mil/", "https://www.hse.ru/org/hse/rec/", "https://www.hse.ru/org/hse/rec/docs", "https://www.hse.ru/org/persons/188576283", "https://www.hse.ru/orgstructure/keyblocks/164577891/", "https://www.hse.ru/orgstructure/keyblocks/164578586/", "https://www.hse.ru/orgstructure/keyblocks/164578755/", "https://www.hse.ru/orgstructure/keyblocks/164659203/", "https://www.hse.ru/orgstructure/keyblocks/164660752/", "https://www.hse.ru/orgstructure/keyblocks/164663703/", "https://www.hse.ru/orgstructure/keyblocks/164665046/", "https://www.hse.ru/orgstructure/keyblocks/164668057/", "https://www.hse.ru/orgstructure/keyblocks/164681791/", "https://www.hse.ru/orgstructure/keyblocks/164867693/", "https://www.hse.ru/orgstructure/keyblocks/164871093/", "https://www.hse.ru/orgstructure/keyblocks/165271830/", "https://www.hse.ru/orgstructure/keyblocks/166097125/", "https://www.hse.ru/orgstructure/keyblocks/166097283/", "https://www.hse.ru/orgstructure/keyblocks/166148764/", "https://www.hse.ru/orgstructure/keyblocks/166149466/", "https://www.hse.ru/orgstructure/keyblocks/172972369/", "https://www.hse.ru/orgstructure/keyblocks/190286323/", "https://www.hse.ru/orgstructure/keyblocks/192436619/", "https://www.hse.ru/orgstructure/keyblocks/208433026/", "https://www.hse.ru/orgstructure/keyblocks/208433031/", "https://www.hse.ru/orgstructure/keyblocks/227468503/", "https://www.hse.ru/orgstructure/keyblocks/228518322/", "https://www.hse.ru/orgstructure/keyblocks/231744807/", "https://www.hse.ru/orgstructure/keyblocks/253910533/", "https://www.hse.ru/orgstructure/keyblocks/275058497/", "https://www.hse.ru/orgstructure/keyblocks/311543540/", "https://www.hse.ru/orgstructure/keyblocks/321905993/", "https://www.hse.ru/orgstructure/keyblocks/339719731/", "https://www.hse.ru/orgstructure/keyblocks/396411444/", "https://www.hse.ru/orgstructure/keyblocks/429919098/", "https://www.hse.ru/orgstructure/keyblocks/429919215/", "https://www.hse.ru/orgstructure/keyblocks/473017159/", "https://www.hse.ru/orgstructure/keyblocks/501877173/", "https://www.hse.ru/orgstructure/keyblocks/501877232/", "https://www.hse.ru/orgstructure/keyblocks/501877313/", "https://www.hse.ru/orgstructure/keyblocks/501878732/", "https://www.hse.ru/orgstructure/keyblocks/501878875/", "https://www.hse.ru/orgstructure/keyblocks/519273562/", "https://www.hse.ru/orgstructure/keyblocks/530641927/", "https://www.hse.ru/orgstructure/keyblocks/578549264/", "https://www.hse.ru/orgstructure/keyblocks/662144684/", "https://www.hse.ru/orgstructure/keyblocks/759592818/", "https://www.hse.ru/orgstructure/keyblocks/786564496/", "https://www.hse.ru/orgstructure/keyblocks/788191155/", "https://www.hse.ru/orgstructure/keyblocks/802049621/", "https://www.hse.ru/osh/", "https://www.hse.ru/personal/kouzminov/", "https://www.hse.ru/personal/shohin/", "https://www.hse.ru/procurement/", "https://www.hse.ru/sho/", "https://www.hse.ru/staff/anisimov", "https://www.hse.ru/us/secretariat"], "text": ["Оргструктура НИУ ВШЭРуководствоПолномочия / обязанностиНаучные интересыКонтактыАнисимов Никита ЮрьевичректорКарелина Ирина Георгиевнавице-президентЯзев Григорий Валерьевичдиректор по стратегическому академическому партнерствуЦентр по стратегическому академическому партнерствуЦентр международной конкурентоспособности высшего образованияЦентр креативной аналитикиДиректор: Бечвая Мария РаджевнаАссоциация «Глобальные университеты»Ибрагимов Руслан Султановичдиректор по правовым исследованиямКатькало Валерий Сергеевичдиректор Высшей школы бизнесаАлиева Валентина Олеговнаруководитель секретариатаСоветники, помощники ректора по отдельным вопросамВышкинская воронаСимвол университетаШохин Александр НиколаевичпрезидентПредставляет университет в отношениях с органами государственной властиЯкобсон Лев Ильичвице-президентВзаимодействие с органами власти по проведению перспективных исследовательских проектов и экспертных разработок в сфере экономики, социальной сферы, культуры и политической системыХодачек Александр Михайловичпрезидент кампуса НИУ ВШЭ в Санкт-ПетербургеРябов Геннадий Петровичпрезидент кампуса НИУ ВШЭ в Нижнем НовгородеПрокопов Федор ТимофеевичИнститут занятости и профессий: ДиректорЭкспертно-методическая и организационно-техническая поддержка Нацсовета при Президенте РФ по профессиональным квалификациямКузьминов Ярослав Ивановичнаучный руководительКокошин Андрей Афанасьевичзаместитель научного руководителяВасильев Сергей Александровичнаучный руководитель кампуса НИУ ВШЭ в Санкт-ПетербургеЗусман Валерий Григорьевичнаучный руководитель кампуса НИУ ВШЭ в Нижнем НовгородеИванов Антон Александровичнаучный руководитель факультета праваРуткевич Алексей Михайловичнаучный руководитель факультета гуманитарных наукГохберг Леонид Марковичпервый проректорПрикладная научно-исследовательская, экспертно-аналитическая деятельность; взаимодействие с внешними заказчикамиМомотова Татьяна Анатольевназаместитель первого проректораВзаимодействие с компаниями-партнерами, кампусами и факультетами в части реализации прикладных исследованийЧерногорцева Софья Вячеславовназаместитель первого проректораРабота с потенциальными заказчиками и поддержка взаимодействия с заказчиками прикладных НИРСудариков Алексей Львовичстарший директор по научным исследованиям и разработкамОрганизационно-техническое, методическое, информационное обеспечение выполнения и продвижения прикладных НИОКРСоколов Игорь Владимировичдиректор по научным исследованиям и разработкамРязанцева Наталья Владимировнадиректор по взаимодействию с регионамиРазработка и внедрение комплексных проектов развития регионовГарбук Сергей Владимировичдиректор по научным проектамАнализ рынка и выявление перспективных направлений научных проектовСуринов Александр Евгеньевичдиректор по статистическим исследованиямРазработка и координация долгосрочной программы научных исследований в области социально-экономической статистикиРадаев Вадим Валерьевичпервый проректорФакультеты, ДПО, международная деятельность, кадровая политика ППС, повышение квалификации, издательская деятельностьЗаместители первого проректораАртюхова Елена Алексеевназаместитель первого проректораКадровое движение ППСГерман Екатерина Борисовназаместитель первого проректораРожков Михаил Алексеевичзаместитель первого проректораПовышение квалификации. Журналы ВШЭ.Малин Анатолий Сергеевичзаместитель первого проректораМожаева Галина Васильевназаместитель первого проректораФакультетыПоказать ещё 17Факультет компьютерных наукДекан: Аржанцев Иван ВладимировичДепартамент программной инженерииРуководитель департамента, Доцент: Лебедев Сергей АркадьевичДепартамент анализа данных и искусственного интеллектаРуководитель департамента, Профессор: Кузнецов Сергей ОлеговичДепартамент больших данных и информационного поискаРуководитель департамента, Доцент: Соколов Евгений АндреевичИнститут искусственного интеллекта и цифровых наукДиректор: Масютин Алексей АлександровичФакультет креативных индустрийДекан, Профессор: Быстрицкий Андрей ГеоргиевичИнститут киноПрофессор, Директор: Акопов Александр ЗавеновичШкола коммуникацийРуководитель школы: Зверев Сергей АлександровичИнститут медиаДиректор: Мацкявичюс Эрнест ГедревичИнститут развития креативных индустрийДиректор: Ривчун Татьяна ЕвгеньевнаШкола дизайнаРуководитель школы: Мещеряков Арсений ВладимировичФакультет экономических наукДекан: Пекарский Сергей ЭдмундовичДепартамент прикладной экономикиРуководитель департамента, Профессор: Авдашева Светлана БорисовнаДепартамент математикиРуководитель департамента, профессор: Алескеров Фуад ТагиевичШкола финансовРуководитель школы, Профессор: Ивашковская Ирина ВасильевнаДепартамент статистики и анализа данныхРуководитель департамента, Профессор: Суринов Александр ЕвгеньевичДепартамент теоретической экономикиРуководитель департамента, Доцент: Тарасов Александр ИгоревичФакультет мировой экономики и мировой политикиДекан: Лихачева Анастасия БорисовнаДепартамент международных отношенийРуководитель департамента, Профессор: Лукин Александр ВладимировичШкола востоковеденияРуководитель школы, Профессор: Карнеев Андрей НиязовичДепартамент мировой экономикиНаучный руководитель, Профессор: Григорьев Леонид МарковичФакультет социальных наукНаучный руководитель, Декан: Мельвиль Андрей ЮрьевичДепартамент политики и управленияРуководитель департамента, Профессор: Клименко Андрей ВитальевичДепартамент психологииРуководитель департамента, Доцент: Чумакова Мария АлексеевнаДепартамент социологииНаучный руководитель: Чепуренко Александр ЮльевичФакультет городского и регионального развитияДекан: Михайленко Евгений КонстантиновичВысшая школа урбанистики имени А.А. ВысоковскогоРуководитель школы, доцент: Гончаров Руслан ВячеславовичИнститут экономики транспорта и транспортной политикиДиректор: Кулаков Александр ВячеславовичИнститут региональных исследований и городского планированияЗаместитель директора: Парамонова Элина СеменовнаФакультет гуманитарных наукДекан: Ажимов Феликс ЕвгеньевичШкола исторических наукДоцент, Руководитель школы: Бабкова Галина ОлеговнаШкола лингвистикиРуководитель школы, Профессор: Рахилина Екатерина ВладимировнаШкола филологических наукПрофессор, Руководитель школы: Казарцев Евгений ВячеславовичШкола философии и культурологииНаучный руководитель, Профессор: Порус Владимир НатановичФакультет праваДекан: Виноградов Вадим АлександровичДепартамент международного праваРуководитель департамента, Профессор: Русинова Вера НиколаевнаДепартамент права цифровых технологий и биоправаРуководитель департамента, Профессор: Ковалева Наталия НиколаевнаДепартамент правового регулирования бизнесаРуководитель департамента, Профессор: Ерпылева Наталия ЮрьевнаДепартамент частного праваРуководитель департамента, профессор: Яценко Татьяна СергеевнаДепартамент публичного праваРуководитель департамента, Профессор: Виноградов Вадим АлександровичДепартамент уголовного права, процесса и криминалистикиРуководитель департамента, Профессор: Расторопов Сергей ВладимировичДепартамент теории права и сравнительного правоведенияРуководитель департамента, Профессор: Нагих Сергей ИвановичИнститут проблем правового регулированияДиректор: Сутырина Анна СергеевнаФакультет математикиДекан, доцент: Скрипченко Александра СергеевнаФакультет физикиДекан, Профессор: Трунин Михаил РюриковичБазовая кафедра физики низких температур Института физических проблем им. П.Л. Капицы РАНЗаведующий кафедрой, Профессор: Смирнов Александр ИвановичБазовая кафедра квантовых технологий Института общей физики им. А.М. Прохорова РАНЗаведующий кафедрой, Профессор: Ельцов Константин НиколаевичБазовая кафедра квантовой оптики и нанофотоники Института спектроскопии РАНЗаведующий кафедрой, Профессор: Задков Виктор НиколаевичБазовая кафедра физики космоса Института космических исследований РАНЗаведующий кафедрой, Профессор: Петрукович Анатолий АлексеевичБазовая кафедра теоретической физики Института теоретической физики им. Л.Д. Ландау РАНЗаведующий кафедрой, Профессор: Колоколов Игорь ВалентиновичБазовая кафедра физики конденсированных сред Института физики твердого тела РАНЗаведующий кафедрой, Профессор: Левченко Александр АлексеевичБазовая кафедра «Наноэлектроника и фотоника» при Институте радиотехники и электроники им. В.А. Котельникова РАНЗаведующий кафедрой, Профессор: Зайцев-Зотов Сергей ВладимировичФакультет химииДекан: Котов Виталий ЮрьевичБазовая кафедра неорганической химии и материаловедения Института общей и неорганической химии им. Н.С. Курнакова РАНЗаведующий кафедрой, Профессор: Ярославцев Андрей БорисовичБазовая кафедра нефтехимии и полимеров Института нефтехимического синтеза им. А.В. Топчиева РАНКотов Виталий ЮрьевичБазовая кафедра органической химии Института органической химии  им. Н.Д. Зелинского РАНЗаведующий кафедрой, Профессор: Свитанько Игорь ВалентиновичБазовая кафедра физико-химической инженерии Федерального исследовательского центра проблем химической физики и медицинской химии РАНКотов Виталий ЮрьевичБазовая кафедра элементоорганической химии Института элементоорганических соединений им. А.Н. Несмеянова РАНЗаведующий кафедрой, Профессор: Чусов Денис АлександровичФакультет биологии и биотехнологииДекан: Тоневицкий Александр ГригорьевичФакультет географии и геоинформационных технологийДекан, Доцент: Куричев Николай КонстантиновичМосковский институт электроники и математики им. А.Н. ТихоноваИ.о. директора, Научный руководитель: Крук Евгений АврамовичДепартамент прикладной математикиРуководитель департамента, Профессор: Белов Александр ВладимировичДепартамент электронной инженерииРуководитель департамента, Профессор: Львов Борис ГлебовичДепартамент компьютерной инженерииПрофессор, Руководитель департамента: Старых Владимир АлександровичШкола инноватики и предпринимательстваДиректор: Строганова Татьяна ФедоровнаШкола иностранных языковРуководитель школы: Колесникова Екатерина АлексеевнаМеждународный институт экономики и финансовДиректор: Яковлев Сергей МихайловичДементьев Андрей Викторовичдиректор по развитию преподавательского мастерстваЧерненко Оксана Эдуардовнадиректор по образовательным инновациямПрограммы повышения качества преподавания и развития преподавательского мастерства; студенческие исследовательские экспедицииОперационное управление дополнительного профессионального образованияНачальник управления: Жгун Оксана ЛеонидовнаБиблиотекаДиректор: Максимова Наталья ЮрьевнаИздательский домДиректор: Иванова Елена АнатольевнаКафедра высшей математикиПрофессор, Заведующий кафедрой: Макаров Алексей АлексеевичКафедра физического воспитанияЗаведующий кафедрой, Доцент: Булыкин Олег СергеевичАхметов Шамиль КамилевичпроректорЭкономическая и финансовая политикаСергеев Дмитрий Владимировичзаместитель проректораПисарев Алексей Борисовичстарший директор по финансовой работеФинансовая деятельность НИУ ВШЭ.Новиков Леонид Владимировичстарший директор по финансовым технологиямФинансовые решения с использованием информационных технологий и сервисов.Кравцова Елена Валерьевнаглавный бухгалтерБалышев Александр ВладимировичпроректорАкадемические надбавки, оценка публикационной активности и другие индивидуальные конкурсные и оценочные процедурыСтепанова Анастасия Николаевназаместитель проректораКарабекян Даниел Самвеловичдиректор по академическому развитиюЛитвинцева Марина Игоревнадиректор по перспективным научным исследованиямЦентры передовых исследований, международные исследовательские лабораторииРобот АйзекАвтоматизированный учет публикаций сотрудниковБашев Вячеслав ВладимировичпроректорДовузовское образование и организация приема абитуриентов.Сорвин Кирилл Валентиновичзаместитель проректораФедоровых Данил Александровичзаместитель проректораУправление развития интеллектуальных состязанийЧеповский Александр Андреевичзаместитель проректора, директор Дирекции по стратегической работе с абитуриентамиДирекция по стратегической работе с абитуриентамиОрганизация приема абитуриентов, взаимодействие с регионами, вопросы медийного продвижения и маркетинговой стратегииПротасевич Тамара Анатольевнадиректор по работе с одаренными учащимисяОлимпиады, конкурсы, профориентация.Дирекция по работе с одарёнными учащимисяПазынин Валерий Вячеславовичдиректор Лицея НИУ ВШЭЛицей НИУ ВШЭКвашонкина Светлана Васильевнадекан Факультета довузовской подготовкиДовузовское образование.Факультет довузовской подготовкиБерзон Николай Иосифовичдиректор центраЦентр «Федеральный методический центр по финансовой грамотности системы общего и среднего профессионального образования»Жулин Андрей БорисовичпроректорЭкспертно-аналитическая поддержка органов государственной власти.Лобырев Евгений Михайловичзаместитель проректораКонов Алексей Владимировичдиректор по антикоррупционной политикеКоординация прикладных исследований и дополнительного образования в сфере антикоррупционной политики в государственном сектореСимачев Юрий Вячеславовичдиректор по экономической политикеЭкономические исследования для целей государственной структурной и промышленной политикиЗемцов Дмитрий ИгоревичпроректорРеализация социальной миссии НИУ ВШЭ, взаимодействие с выпускниками, внеучебные проектыНавдаев Матвей Петровичзаместитель проректораКурирование деятельности Культурного центраШминке Дмитрий Алексеевичзаместитель проректораЯськов Илья Олеговичзаместитель проректораАлбегова Екатерина Аслановнадиректор по развитию партнерств и специальных проектовГруздев Иван АндреевичДиректор по внутренним исследованиям и академическому развитию студентовВнутренние исследования и вовлечение студентов в исследовательскую работуДирекция сопровождения отдельных категорий студентовДиректор: Саак Андрей АндреевичДирекция развития партнерств и специальных проектов в сфере молодежной политикиАлбегова Екатерина АслановнаУправление развития карьеры и взаимодействия с выпускникамиНачальник управления: Гаевская Ольга ИгоревнаКультурный центрДиректор центра: Времеш ИнаЦентр Национальной технологической олимпиадыДиректор центра: Толмачева Евгения АлександровнаКошель Алексей СергеевичпроректорЮридические вопросы, социальная политика, закупки и кадрыДомбаев Саламбек Салаудиевичзаместитель проректора, старший директор по персоналуКадровое развитиеВоропаев Сергей Владимировичзаместитель директора по персоналуЛесной Александр Георгиевичзаместитель директора по персоналуМалыхина Наталья Алексеевназаместитель директора по персоналуУправление персоналаЗаместитель начальника управления: Старчиков Тимофей СтепановичУправление развития персоналаНачальник управления: Загрецкий Игорь ЕвгеньевичЕрмакова Алия Равильевнастарший директор по правовым вопросамСалтыков Сергей Васильевичдиректор по претензионным вопросамДирекция по правовым вопросамЕрмакова Алия РавильевнаКакабадзе Елена Ревазовнадиректор по социальной работеПункты питания, медицинское обслуживание, социальная поддержкаУправление социальной сферыОбернибесова Татьяна Михайловнадиректор по корпоративным закупкам, торгам и контрактной деятельностиЗакупка товаров, работ, услуг для нужд НИУ ВШЭ.Дирекция по закупкамДиректор: Обернибесова Татьяна МихайловнаЦентр по организации и сопровождению централизованных закупокРуководитель центра: Лопушинская Елена ОлеговнаЦентр по сопровождению участия университета в электронных торгахРуководитель центра: Апраксина Марина ВикторовнаДирекция по контролю и профилактике коррупционных нарушенийДиректор: Чапчиков Сергей ЮрьевичДирекция по обеспечению деятельности научного руководителяДиректор по обеспечению деятельности научного руководителя: Кручинская Екатерина ВладиславовнаУправление внутреннего аудитаНачальник управления: Кулькова Екатерина ЮрьевнаСлужба охраны трудаРуководитель службы: Борисова Дарья ИгоревнаМартусевич Ирина АлександровнапроректорОрганизационное и документационное обеспечение управленияЛарькова Татьяна Анатольевназаместитель проректораОрганизационно-контрольное управлениеКочубей Елена ВикторовнаСекретариат университетаОтдел документационного обеспечения деятельности ректораМартусевич Ирина АлександровнаУправление деламиНачальник управления: Аликова Светлана АнатольевнаОргструктура и распределение полномочий; делопроизводство; архивЛытаева Мария Александровнаученый секретарьСекретариат ученого советаЗаведующий секретариатом: Трихункова Елена АлександровнаЦентр по сохранению и популяризации культурного наследияДиректор центра: Неделяева Екатерина ВладимировнаМинина Вероника ВитальевнапроректорИнвестиционная политика, капитальный ремонт, земельные отношения и управление недвижимым имуществом НИУ ВШЭКозин Андрей Алексеевичзаместитель проректораФедоров Владимир Юрьевичдиректор по капитальному строительству и ремонтуИнвестирование, капитальное строительство и реконструкция объектов НИУ ВШЭГубин Дмитрий Владимировичдиректор по земельным отношениям и управлению недвижимым имуществомЗемельные отношения и управление недвижимым имуществом университетаОвчарова Лилия НиколаевнапроректорСоциальная политика и человеческий капитал (здравоохранение, культура, социальная защита)Нагерняк Мария Александровназаместитель проректораКоординация экспертно-аналитической работы и исследований по вопросам человеческого капитала и социальной политикиДирекция научного центра мирового уровня «Центр междисциплинарных исследований человеческого потенциала»Директор: Нагерняк Мария АлександровнаОдоевская Елена ВикторовнапроректорКоординация проектов цифровой трансформации деятельности университета. Координация Программы развития НИУ ВШЭВатолкина Наталья Шамилевназаместитель проректораБондарь Дмитрий Павловичстарший директор по цифровой трансформации Управление и развитие информационных технологий, информационная безопасностьТымбай Сергей Алексеевичзаместитель старшего директора по цифровой трансформацииДирекция по обеспечению цифровой трансформацииКоптюбенко Дмитрий Борисовичдиректор по порталуПортал НИУ ВШЭ и мобильные приложения.Курличенко Евгений ВладимировичДирекция информационных технологийРазвитие ИТ-инфраструктурыЕвсеев Виталий ВикторовичДирекция цифровизации административно-управленческих процессов: директорЦифровизация административно-управленческих процессовЗимовец Александр СергеевичУправление цифровизации образования: начальник управленияЦифровые решения в области образованияКостенецкий Павел СергеевичОтдел суперкомпьютерного моделирования: начальник отделаПоддержка и развитие суперкомпьютерного комплекса НИУ ВШЭДирекция программы развитияЗаместитель директора: Федоткина Ольга ПетровнаКозырева Ольга МихайловнаРуководитель проектаАналитический центрДиректор центра: Данник Евгения СергеевнаПанова Виктория ВладимировнапроректорМеждународная деятельностьКисель Кирилл Юрьевичдиректор по интернационализацииИнтернационализация внутренней среды (НИУ ВШЭ)Деев Александр Владимировичдиректор по работе с талантами за рубежомПродвижение образовательных программ ВШЭ за рубежомБелоусова Екатерина Станиславовназаместитель директораУправление развития многосторонних стратегических проектовНачальник управления: Горбачева Валерия ОлеговнаУправление международного партнерстваНачальник управления: Шевцова Ксения ОлеговнаЦентр протокола и официальных делегацийЗаместитель директора центра: Качесова Екатерина АндреевнаЦентр «Экспертный совет по вопросам участия Российской Федерации в объединении БРИКС»Директор центра: Панова Виктория ВладимировнаРожков Сергей ВладимировичпроректорОбеспечение безопасности, военный учебный центр.Суховеев Сергей Сергеевичзаместитель проректораКозлов Виталий Олеговичдиректор по безопасностиВоенный учебный центрНачальник военного учебного центра: Коргутов Владимир АлександровичРощин Сергей ЮрьевичпроректорОсновные образовательные программы высшего образования, аспирантура ВШЭ.Травкин Павел Викторовичзаместитель проректораПроектное развитие совместных и сетевых образовательных программ НИУ ВШЭКоровко Анна Валентиновнастарший директор по основным образовательным программамОрганизация учебного процесса, развитие образовательных программРемезова Юлия Валериевнадиректор по онлайн обучениюВопросы онлайн-обученияСамойленко Владимир АнатольевичпроректорМатериально-техническое обеспечение и текущий ремонт зданий и помещений.Емельянов Виктор Сергеевичдиректор по управлению общежитиями, гостиницами, учебно-оздоровительными комплексамиОбщежития и Профессорская гостиница.Баев Василий Ивановичдиректор по эксплуатации и текущему ремонту зданий и сооруженийАдминистративные и учебные здания, общежития, сооруженияУправление размещения студентовНачальник управления: Рындин Дмитрий НиколаевичБляхман Анна Александровнадиректор кампуса НИУ ВШЭ в Нижнем НовгородеРуководство кампусом НИУ ВШЭ в Нижнем НовгородеВолодина Галина Емельяновнадиректор кампуса НИУ ВШЭ в ПермиРуководство кампусом НИУ ВШЭ в ПермиТышецкая Анна Юрьевнадиректор кампуса НИУ ВШЭ в Санкт-ПетербургеРуководство кампусом НИУ ВШЭ в Санкт-ПетербургеЛавров Андрей Сергеевичстарший директор по коммуникациямСвязи с общественностью, цифровые медиаБарсукова Анна Владимировназаместитель проректораУправление по организации и сопровождению мероприятийНачальник управления: Григорьева Екатерина АнатольевнаЛевкович Роман Владимировичдиректор по связям с общественностьюПодпрятова Анна Александровнадиректор по маркетинговым коммуникациямСтуденчествоСтуденческий совет НИУ ВШЭКулюлина Нинадиректор исполнительного офиса студенческого советаМорозов ДанилаУполномоченный по правам студентов НИУ ВШЭ"]}