{"title": "Довузовская подготовка — Школа дизайна НИУ ВШЭ", "description": "", "url": "https://design.hse.ru/edu/podgotovka", "data": [{"level": "2", "text": "HSE ART AND. DESIGN SCHOOL", "response": []}, {"level": "1", "text": "Довузовская подготовка", "response": []}, {"level": "2", "text": "Факультет довузовской подготовки", "response": []}, {"level": "2", "text": "Лицей НИУ ВШЭ", "response": []}, {"level": "2", "text": "Распределенный лицей", "response": []}, {"level": "2", "text": "Интернет-школа", "response": []}, {"level": "2", "text": "Летние интенсивы", "response": []}, {"level": "2", "text": "Детская школа дизайна", "response": []}, {"level": "2", "text": "О Высшей школе экономики", "response": []}], "links": [], "text": ["Школа дизайна НИУ ВШЭ", "Москва", "Санкт-Петербург", "Нижний Новгород", "Пермь (Онлайн-бакалавриат)", "Ереван", "Казань", "Все кампусы", "Проект «Креативный город»", "По вопросам поступления:", "Бакалавриат (доб. 710)", "Магистратура (доб. 703)", "Онлайн-бакалавриат (доб. 709, 711)", "Дополнительное образование (Москва — доб. 705, 706, 712, Санкт-Петербург — доб. 701)", "Детская школа (доб. 707)", "С понедельника по пятницу", "с 10:00 до 18:00", "По общим вопросам", "Метро Павелецкая", "Метро Семёновская", "Основное образование", "Дополнительное образование", "В течение всего года регулярно проходят Дни открытых дверей, где кураторы Школы дизайна отвечают на все вопросы, связанные с правилами поступления и особенностями обучения на всех профилях бакалавриата. Для тех абитуриентов, кто хочет дополнительно подготовиться к поступлению в бакалавриат Школы дизайна, существует несколько различных траекторий.", "Подготовка к ЕГЭ, творческому конкурсу в бакалавриат «Дизайн», конкурсу по современному искусству. Профильные предметы: «Дизайн», «Дизайн и современное искусство», «История и теория искусства».Присоединиться к обучению можно в любой момент.", "Факультет довузовской подготовки (ФДП) создан для подготовки абитуриентов НИУ ВШЭ к сдаче как Единого государственного экзамена, так и творческого конкурса, а также вузовских олимпиад.", "Каждый слушатель может выбрать предметы, которые будет изучать, включая и общеобразовательные, и профильные предметы: например, «Дизайн» и «Литература». Вы можете выбрать один предмет или несколько — на ваше усмотрение. Выбор предметов фиксируется в договоре.", "Длительность:", "Слушатели самостоятельно выбирают и длительность обучения: можно выбрать от 1 до 4 модулей. Для того, чтобы получить преференции при поступлении, НИУ ВШЭ рекомендует обучаться минимум по двум дисциплинам.", "Стоимость:", "Обучение на ФДП платное:", "22.400 руб/модуль — предмет «Дизайн»", "20.800 руб/модуль — предмет «Литература»", "Общая стоимость зависит от выбранных предметов и их количества.", "Рейтинг:", "Ценность обучения на ФДП состоит не только в качественном образовании, но и в рейтинговой системе. По результатам контрольных работ по двум предметам — «Дизайн» и «Литература» — формируется рейтинг выпускников ФДП. Это позволяет вошедшим в 30% лучших по результатам обучения на ФДП при недоборе от 1 до 45 баллов до проходного балла на бюджет программы «Дизайн», получить скидку 100% на I год обучения и 70% — на последующие курсы.", "Подробнее о том, как работает система рейтингования.", "Преподаватели:", "На профильных предметах «Дизайн», «Дизайн и современное искусство» и «История искусств» преподают кураторы Школы дизайна НИУ ВШЭ с успешным опытом работы с абитуриентами.", "Формат обучения:", "Занятия на подготовительных курсах проходят в очном режиме, но по запросу мы сможем открыть онлайн-группу, если наберется достаточное количество желающих.", "Задача профильных занятий на Факультете довузовской подготовки (ФДП) — дать школьникам 11 классов набор знаний и навыков в области дизайна, истории искусства и проектной деятельности, необходимый для прохождения вступительного творческого испытания на программы «Дизайн» и «Мода» Школы дизайна НИУ ВШЭ.", "По предмету «Дизайн» набор осуществляется для абитуриентов всех профилей образовательных программ «Дизайн» и «Мода». Обучение может проходить как в отдельных группах, так и в объединенных группах нескольких профилей:", "Концепт-арт и игровая графика", "Занятия ведут преподаватели Школы дизайна НИУ ВШЭ.", "Занятия проходят в здании Школы дизайна НИУ ВШЭ по адресу Малая Пионерская ул., 12 и онлайн.", "Подробнее о курсе «Дизайн и современное искусство»", "Предмет будет интересен абитуриентам, которые готовятся к вступительным творческим испытаниям профиля «Дизайн и современное искусства», а также абитуриентам бакалавриата «Современное искусство», которые готовятся к прохождению профильного конкурса.", "Регистрация на сайте", "Для поступления необходимо зарегистрировать слушателя на сайте и выбрать предметы, которые вам интересны.", "Оформить договор можно онлайн или лично.", "Для онлайн-оформления нужно зарегистрироваться на сайте и отправить заявление-анкету в административно-финансовый отдел факультета довузовской подготовки (АФО ФДП) для составления договора.", "В течение трех рабочих дней на указанную почту вы получите договор и платежный документ.", "Его необходимо оплатить в течение трех рабочий дней в отделении банка или через Единую платежную страницу ВШЭ.", "Подтверждение оплаты просим отправить по электронной почте: oplatafdp@hse.ru и прикрепить в Личном кабинете заказчика.", "Для очного оформления договора необходимо приехать по адресу ул. Мясницкая, д.13, стр.4 для консультации и согласования с учебной частью.", "Для оформления договора при себе нужно иметь следующие документы:", "Стоимость обучения по дисциплине «Дизайн» — 22.400 руб. в модуль.", "Оплату обучения необходимо произвести в течение трех дней после оформления договора в отделении банка или через Единую платежную страницу ВШЭ.", "Подтверждение оплаты (копию оплаченного платежного документа) просим привезти лично по адресу: ул. Мясницкая, д.13, стр.4 или отправить по электронной почте: oplatafdp@hse.ru и прикрепить в Личном кабинете заказчика.", "После оформления договора, пожалуйста, следите за обновлениями информации на странице «Слушателям». Это важно сделать, потому что именно там будет вся организационная информация и расписание занятий.", "Занятия по профильным предметам Школы дизайна проходят в нашем здании по адресу Москва, Малая Пионерская ул., 12.", "Если при оформлении договора вы не сделали пропуск, то, пожалуйста, не забудьте взять на первое занятие паспорт. Он нужен для прохода в здание. И захватите с собой две фотографии 3×4. Сдать их, а также получить пропуск можно в ауд. 573 (5 этаж).", "Контактное лицо от Школы дизайна НИУ ВШЭ", "+7 916 170-98-03", "Профессор Школы дизайна НИУ ВШЭ, д. п. н.", "Ульяна Викторовна Аристова", "Понедельник — пятница с 10:00 до 18:00 (звонок или смс)", "uaristova@hse.ru", "Горячая линия по вопросам поступления на факультет довузовской подготовки: 8 (495) 624-43-40.", "Обратная связь по финансовым вопросам: afofdp@hse.ru.", "Обратная связь по техническим вопросам, связанным с регистрацией на сайте ФДП, с использованием личного кабинета Заказчика и интерактивным тестированием", "Лицей НИУ ВШЭ ежегодно занимает первые строчки в рейтингах лучших московских школ.Обучение бесплатное, поступление — после 8 или 9 класса по результатам экзаменов.", "Лицей НИУ ВШЭ открыт в 2013 году и регулярно занимает первые строчки в рейтингах московских школ. В 2015 году лицей занял 23 место в рейтинге 300 лучших школ Москвы и 24 место в рейтинге 500 лучших школ России, в 2016 году — 2 место и 10 место соответственно, а по итогам 2017/2018 учебного года — 2 место в рейтинге лучших школ Москвы.", "Обучение в лицее проходит по десяти направлениям: «Дизайн», «Гуманитарные науки», «Экономика и математика», «Экономика и социальные науки», «Востоковедение», «Информатика, инженерия и математика», «Юриспруденция», «Психология», «Математика» «Естественные науки». Часть занятий лицеистов, выбравших направление «Дизайн» проходят на площадке и с преподавателями Школы дизайна по специально разработанной образовательной программе.", "Обучение в Лицее бесплатное.", "Все выпускники получают государственный аттестат о среднем общем образовании.", "Главный принцип обучения в Лицее — выбор учащимися индивидуальной образовательной траектории. Лицеисты выбирают уровень (базовый или профильный) обязательных предметов и строят свой учебный план, набирая предметы, которые им интересны для изучения.", "Преподаватели лицея — профессора НИУ ВШЭ, школьные учителя, имеющие опыт работы по программам международного бакалавриата, известные ученые, авторы учебников, практикующие специалисты, исследователи. Помогают им учебные ассистенты — студенты Вышки.", "Учеба в лицее позволяет школьникам успешно подготовиться к поступлению в престижные вузы, в том числе в Школу дизайна НИУ ВШЭ. Хотя выпускники лицея поступают в Школу дизайна на общих основаниях, их уровень подготовки часто выше, чем у многих абитуриентов.", "Кроме того, обучение в лицее даёт бонусы при поступлении на платные места в Школу дизайна. По итогам обучения в Лицее составляется рейтинг выпускников лицея. Высокое место в рейтинге является основанием для получения скидки от 25% до 70% при обучении на программах бакалавриата НИУ ВШЭ на платной основе.", "По всем вопросам о поступлении в Школу дизайна НИУ ВШЭ:", "+7 916 170-98-03", "Профессор Школы дизайна НИУ ВШЭ, д. п. н.", "Ульяна Викторовна Аристова", "Понедельник — пятница с 10:00 до 18:00 (звонок или смс)", "uaristova@hse.ru", "Школы Распределенного Лицея обучают школьников по программам и стандартам Лицея НИУ ВШЭ.", "Проект «Распределенный Лицей» создан для того, чтобы дать возможность школьникам учиться по программам Лицея НИУ ВШЭ, стандартам и направлениям Вышки, не покидая свою школу. В части московских школ открыты профильные лицейские классы для школьников 10 и 11 классов, обучение в них осуществляется по нескольким направлениям, в том числе по направлению «Дизайн».", "НИУ ВШЭ обеспечивает научно-методическое и экспертно-консалтинговое сопровождение образовательного процесса в школах Распределенного Лицея, а также помогает повышению уровня предметной и метапредметной компетентности педагогов лицейских классов.", "Контактное лицо от Школы дизайна:", "+7 916 170-98-03", "Профессор Школы дизайна НИУ ВШЭ, д. п. н.", "Ульяна Викторовна Аристова", "Понедельник — пятница с 10:00 до 18:00 (звонок или смс)", "uaristova@hse.ru", "Координатор проекта «Распределенный лицей» в НИУ ВШЭ:", "Директор центра взаимодействия с регионами Дирекции по стратегической работе с абитуриентами НИУ «Высшая школа экономики»", "Резанова Ирина Витальевна", "раб.: +7 (495) 772-95-90 *22417", "e-mail.: irezanova@hse.ru", "г. Москва, ул. Мясницкая ул., д. 13, стр. 4, каб. 204", "Поступление в лицейские классы происходит после 9 класса, а условия поступления варьируются в зависимости от выбранной школы.", "Посмотреть условия приема в конкретную школу можно на сайте самой школы или на странице сайта НИУ ВШЭ, посвященной Школам Распределенного Лицея.", "Школы Распределенного Лицея, где открыто направление «Дизайн»:", "АМОУ «Гуманитарный лицей» (г. Ижевск)", "Полный список Школ Распределенного Лицея — на сайте НИУ ВШЭ.", "Отличный формат для дистанционной подготовки к просмотру творческого проекта.", "Длительность — 32 недели.", "Создание от 4 до 6 полноценных проектов в зависимости от профиля поступления.Присоединиться к занятиям можно в любой момент.", "Интернет-школа по направлению Дизайн действует уже несколько лет и за это время показала себя как отличный формат для дистанционной подготовки к созданию проекта для творческого испытания в Школу дизайна. Особенно удобен формат Интернет-школы для абитуриентов из регионов, у которых нет возможности приезжать на Дни открытых дверей и очные занятия на Факультете довузовской подготовки.", "Обучения начинается с октября и рассчитано на 32 недели, в течение которых слушатели сделают 6 творческих проектов по выбранным тематикам в зависимости от профиля, на которых собираются поступать. В процессе выполнения слушатели регулярно общаются с преподавателями и получают комментарии и рекомендации по доработке проектов.", "Слушатели могут начать обучение с любого модуля.", "Подробнее об интернет-школе", "Коммуникационный дизайн", "Анимация и иллюстрация", "Комикс", "CGI и визуальные эффекты", "Медиа и дизайн", "Дизайн среды", "Дизайн интерьера", "Дизайн и продвижение цифровых продуктов", "Дизайн и программирование", "UX/UI и frontend-разработка", "Дизайн и современное искусство", "серия работ в форматах жанровой живописи, графики, коллажа, скульптуры, объектов, фотографий, ленд-арта (макеты или эскизы), инсталляций (макет или эскиз) на темы:", "Гейм-дизайн", "Ивент. Театр. Видеоарт", "Дизайн одежды", "Брендинг в индустрии моды", "3D-постпродакшн", "Для поступления в Интернет-школу оставьте электронную заявку на сайте НИУ ВШЭ.", "Стоимость обучения в Интернет-школе — 28.500 руб / модуль.", "Учебный год состоит из двух модулей.", "Контактное лицо от Школы дизайна НИУ ВШЭ", "+7 916 170-98-03", "Профессор Школы дизайна НИУ ВШЭ, д. п. н.", "Ульяна Викторовна Аристова", "Понедельник — пятница с 10:00 до 18:00 (звонок или смс)", "uaristova@hse.ru", "Отличная возможность усовершенствовать свой творческий проект перед поступлением.", "Продолжительность — 36 часов.", "Занятия начнутся летом 2024 года.Дополнительная информация будет опубликована за месяц до начала занятий.", "Каждый год Школы дизайна открывает Летние интенсивы (краткосрочные подготовительные курсы) для абитуриентов бакалаврских программ «Дизайн» и «Мода».", "Это отличная возможность абитуриентам бакалавриата дополнительно подготовиться ко вступительному испытанию (просмотр творческого проекта) по различным профилям обучения — последний шанс доработать и усовершенствовать свой вступительный проект под руководством кураторов Школы дизайна.", "Интенсивный курс рассчитан на 6 насыщенных дней.", "Занятия начнутся летом 2024 года", "Продолжительность: 36 аудиторных часов.", "Напоминаем, что с 2020 году вступительный творческий экзамен для большинства профилей бакалавриата Школы дизайна проходит в дистанционном формате. Подробности об онлайн-загрузке проектов.", "Летние интенсивы проходят в 2 потока. Группы формируются в соответствии с профилями поступления и разнесены по датам.", "Для успешной записи на летние интенсивы необходимо:", "Стоимость Летних интенсивов: 21 600 руб.", "Контактное лицо от Школы дизайна НИУ ВШЭ", "+7 916 170-98-03", "Профессор Школы дизайна НИУ ВШЭ, д. п. н.", "Ульяна Викторовна Аристова", "Понедельник — пятница с 10:00 до 18:00 (звонок или смс)", "uaristova@hse.ru", "Разные форматы занятий для детей разного возраста по анимации, архитектуре, визуальным коммуникациям, моде, программированию, кино и фотографии, саунд-дизайну, промышленному и веб-дизайну, медиа и гейм-дизайну.", "Школа дизайна — подразделение одного из ведущих российских университетов — Высшей школы экономики, которая входит в 35 лучших молодых университетов мира и является лучшим российским вузом в категории Art & Design (QS), состоит в большинстве авторитетных международных образовательных рейтингов (QS, THE, ARWU, U.S. News Best Global Universities Subject). Вышка — это не только гигантская научная лаборатория, но и представительная экспертная площадка: сотрудники ВШЭ принимают активное участие в ключевых экспертных дискуссиях, входят в состав многих коллегиальных и совещательных органов при президенте и правительстве России, являются лидерами мнений по важнейшим вопросам в сфере образования, социальной политики, здравоохранения, демографии, рынка труда, транспорта, государственного управления, технологического развития.", "Обращения студентов", "Поблагодарить или пожаловаться", "По вопросам поступления:", "Бакалавриат (доб. 710)", "Магистратура (доб. 703)", "Онлайн-бакалавриат (доб. 709, 711)", "Дополнительное образование (Москва — доб. 705, 706, 712, Санкт-Петербург — доб. 701)", "Детская школа (доб. 707)", "С понедельника по пятницу", "с 10:00 до 18:00", "По общим вопросам", "Метро Павелецкая", "Метро Семёновская", "Основное образование", "Дополнительное образование", "Новости Школы дизайна", "Спасибо, вы успешно подписаны!", "Извините, что-то пошло не так. Попробуйте позже.", "Мы используем файлы cookies для улучшения работы сайта НИУ ВШЭ и большего удобства его использования. Более подробную информацию об использовании файлов cookies можно найти здесь, наши правила обработки персональных данных – здесь. Продолжая пользоваться сайтом, вы подтверждаете, что были проинформированы об использовании файлов cookies сайтом НИУ ВШЭ и согласны с нашими правилами обработки персональных данных. Вы можете отключить файлы cookies в настройках Вашего браузера."]}