{"title": "Школа дизайна НИУ ВШЭ", "description": "", "url": "https://design.hse.ru/news/1542", "data": [{"level": "1", "text": "Критерии оценивания проектов", "response": []}], "links": [], "text": ["Школа дизайна НИУ ВШЭ", "Москва", "Санкт-Петербург", "Нижний Новгород", "Пермь (Онлайн-бакалавриат)", "Ереван", "Казань", "Все кампусы", "Проект «Креативный город»", "По вопросам поступления:", "Бакалавриат (доб. 710)", "Магистратура (доб. 703)", "Онлайн-бакалавриат (доб. 709, 711)", "Дополнительное образование (Москва — доб. 705, 706, 712, Санкт-Петербург — доб. 701)", "Детская школа (доб. 707)", "С понедельника по пятницу", "с 10:00 до 18:00", "По общим вопросам", "Метро Павелецкая", "Метро Семёновская", "Основное образование", "Дополнительное образование", "В основе образовательного подхода Школы дизайна лежит проектное обучение.", "Это значит, что каждый студент в каждом учебном модуле создает и защищает перед экзаменационной комиссией собственный проект. Новые знания и профессиональные компетенции студент получает в процессе работы над разными этапами проекта. ​​​​​​​Проекты оцениваются по десятибалльной шкале, как и во всей Вышке:", "«Отлично» — 8-10 баллов;«Хорошо» — 6-7 баллов;«Удовлетворительно» — 4-5 баллов;«Неудовлетворительно» — 0-3 балла.", "Чтобы минимизировать влияние субъективных факторов на оценку проектов, экзамен всегда принимает не один преподаватель, а комиссия кураторов, минимум — трое.", "При оценивании проекта кураторы и преподаватели Школы дизайна пользуются следующими критериями:", "Общие критерии оценивания", "Задача проекта: соответствие проекта поставленной задаче", "Концепция проекта", "Техническое воплощение", "Презентация", "Специальные требования", "Прописаны в Карте Креативных Компетенций для каждого просмотра.", "Практическая значимость проекта", "Загрузка проекта на hsedesign.ru (портфолио 2.0)", "За критерий «Задача проекта» и «Презентация» оценка может быть снижена не более чем на 1 балл, за критерии «Концепция проекта», «Техническое воплощение», «Специальные требования» — не более чем на 2 балла. За критерий «Практическая значимость проекта» может быть выставлен максимум один балл при наличии письменного обоснования экзаменационной комиссии практической значимости проекта. Если критерий «Специальные требования» не описан в Карте Креативных Компетенций на момент старта учебного модуля, то оценка по данному критерию снижаться не может. Проект, претендующий на высший балл, должен быть загружен на презентационный ресурс hsedesign.", "Положение об оценивании в Школе дизайна.", "Обращения студентов", "Поблагодарить или пожаловаться", "По вопросам поступления:", "Бакалавриат (доб. 710)", "Магистратура (доб. 703)", "Онлайн-бакалавриат (доб. 709, 711)", "Дополнительное образование (Москва — доб. 705, 706, 712, Санкт-Петербург — доб. 701)", "Детская школа (доб. 707)", "С понедельника по пятницу", "с 10:00 до 18:00", "По общим вопросам", "Метро Павелецкая", "Метро Семёновская", "Основное образование", "Дополнительное образование", "Новости Школы дизайна", "Спасибо, вы успешно подписаны!", "Извините, что-то пошло не так. Попробуйте позже.", "Мы используем файлы cookies для улучшения работы сайта НИУ ВШЭ и большего удобства его использования. Более подробную информацию об использовании файлов cookies можно найти здесь, наши правила обработки персональных данных – здесь. Продолжая пользоваться сайтом, вы подтверждаете, что были проинформированы об использовании файлов cookies сайтом НИУ ВШЭ и согласны с нашими правилами обработки персональных данных. Вы можете отключить файлы cookies в настройках Вашего браузера."]}