{"title": "Отзывы о Школе дизайна НИУ ВШЭ", "description": "", "url": "https://design.hse.ru/info/feedback", "data": [{"level": "1", "text": "ОТЗЫВЫ", "response": []}, {"level": "2", "text": "О Высшей школе экономики", "response": []}, {"level": "2", "text": "Ресурсы", "response": []}], "links": [], "text": ["Школа дизайна НИУ ВШЭ", "Москва", "Санкт-Петербург", "Нижний Новгород", "Пермь (Онлайн-бакалавриат)", "Ереван", "Казань", "Все кампусы", "Проект «Креативный город»", "По вопросам поступления:", "Бакалавриат (доб. 710)", "Магистратура (доб. 703)", "Онлайн-бакалавриат (доб. 709, 711)", "Дополнительное образование (Москва — доб. 705, 706, 712, Санкт-Петербург — доб. 701)", "Детская школа (доб. 707)", "С понедельника по пятницу", "с 10:00 до 18:00", "По общим вопросам", "Метро Павелецкая", "Метро Семёновская", "Основное образование", "Дополнительное образование", "На этой странице вы можете прочитать отзывы о Школе дизайна НИУ ВШЭ и узнать: о качестве образования, преподавательском составе, программе обучения, доступности ресурсов и о возможностях для развития в сфере дизайна.", "Это поможет вам — узнать о Школе дизайна НИУ ВШЭ больше информации перед поступлением, а нам — стать лучше!", "18.05.2023 / Зотова Т. ⭐⭐⭐⭐⭐Сын закончил в 2022 направление Гейм-дизайн. На мой взгляд это сбывшаяся мечта. Учиться было сложно, но интересно. Работал по специальности уже со 2 курса. К окончанию ШД из их группы работали практически все ребята. Обучение дорогое, но при хорошем рейтинге можно получить скидку от 25 до 70% — у нас она была 3 года. Диплом на 2-х языках, преподаватели — действующие специалисты по своим направлениям. После окончания ВУЗа появилось много знакомств в профессии.", "25.03.2023 / Суворова Е. ⭐⭐⭐⭐Добрый вечер, Наконец дошли руки написать отзыв о программе, на которой я проходила обучение. Прежде, чем оставить отзыв, обозначу, что я человек, который получил свое первое образование в НИУ ВШЭ и максимально лоялен к университету. Лоялен настолько, что я считаю, что в нашей стране есть обычные университеты и есть всего один стоящий — это Вышка. В рамках своего обучения я училась в 2-х группах, но отзыв свой оставлю об обучение в группе 2022.02 Иллюстрация (базовый курс). В моей группе было несколько преподавателей: — Ксения Анненко. Ксюша потрясающая, ее знание самые практические, самые полезные. Все структурировано, емко, по делу, с примерами, с разборами, с домашней работой. Я получила огромное удовольствие ходить на ее занятия. — Анастасия Литвинова. С Настей занятия проходили интересно и разнообразно, но это были скорее эксперименты с разными материалами. Не уверена, что лично я вынесла много знаний, но я точно вынесла чеки на тысячи рублей, потому что к каждому занятию мне приходилось что-то покупать. Собственно этот момент я до конца не приму — в Вышке одно из самых дорогих образований, и когда ты вынужден закупать «единоразовые» инструменты, возникает вопрос, почему университет не может их предоставить? // к слову, остальные институты все материалы включают в стоимость обучения. В заключение хочу сказать, что у меня нет задачи вылить гнев на кого-то, просто я считаю, что любая обратная связь необходима. Тем более, когда речь идет о моем любимом университете. Уверена, что вы можете лучше. Спасибо!", "03.09.2022 / Лыжева С. ⭐⭐⭐⭐⭐Здравствуйте, очень хочу у вас учиться! Очень хочется видеть, что современный институт действительно современный и идёт в ногу со временем! Я имею ввиду онлайн обучение по направлению магистратуры «Арт-дирекшн», возможно какие-то другие направления выведут тоже на новый уровень. Планирую поступать к вам на следующий год, если будет онлайн формат. Но если его не введут, то мне придётся выбирать другие похожие направления в других институтах. Спасибо, очень жду модернизации вашего института.", "04.04.2021 / Губинов М. ⭐⭐⭐⭐⭐Здравствуйте! Я студент ОП «Мода» 1 курс. Я знаю, что в новом сезоне MBFW Russia будет представлена коллекция HARD BY HSE ART AND DESIGN SCHOOL. Очень хочу помочь с организацией и проведением онлайн/офлайн-показа. Может вам нужны стажеры?", "12.08.2020 / Алексанина А. ⭐⭐⭐⭐⭐Хочу поблагодарить преподавателя Школы дизайна Дворянкину Оксану Юрьевну за полезный и серьезный курс по типографике. К сожалению, не успела поучаствовать в СОПе, хотела бы поставить высокую оценку преподавателю хотя бы так.", "17.06.2020 / Старикова Н. ⭐⭐⭐⭐⭐Здравствуйте! В этом модуле мне не удалось проголосовать в СОПе, но очень хочется отметить одного преподавателя, так как ее курс по типографике многое мне дал и мне было очень интересно, даже больше, чем на большинстве других курсов во время обучения. Я бы хотела поблагодарить Оксану Дворянкину за ее время, внимание и знания, которые теперь будут со мной дальше в работе. Мне очень понравился подход Оксаны к предметам, очень чувствуется, что она действительно любит свое дело и это невероятно заразительно! На занятиях по типографике я узнала много нового, и даже порой неожиданного, мне очень жаль, что я уже выпускница и больше не смогу у нее поучиться. Мне было очень интересно работать над ее заданиями и готовить курсовой проект, благодаря Оксане я наконец начала понимать шрифты и верстку, чувствовать «правила игры» в типографике и даже любить это (раньше боялась и не любила работать с текстами) Очень жаль, что я не смогла оставить свой отзыв в СОП, но надеюсь, что мой комментарий не останется незамеченным, я действительно рада, что удалось поучиться у такого специалиста! Спасибо!! Единственное пожелание — мне бы хотелось пройти ее курс по типографике на 1-ом курсе обучения, а не на 2-ом, это было бы очень полезно, так как на первом курсе мне и моим одногруппникам очень не хватало практических навыков работы с текстами.", "16.01.2020 / аноним ⭐⭐⭐⭐Огромное спасибо за некоторых преподавателей в ДПО по направлению «Иллюстрация». Действительно интересные и полезные знания можно получить на занятиях с такими преподавателями, как Маша Шишова, Марина Бородина, Саша Блюхер. Но добавьте, пожалуйста, студентам больше компьютеров в аудиториях. Занятия часто проходят в офисных кабинетах, и во многих из них часто не хватало места для рассадки всех студентов.", "17.12.2019 / Реднинская Ю. ⭐⭐⭐⭐⭐Доброго времени суток! Я учусь на направлении «Дизайн и Реклама». Благодарю учебную часть/преподавателей за возможность изучать рекламу и дизайн одновременно, программа составлена просто идеально.", "28.06.2019 / Смирнов А. ⭐⭐⭐⭐Очень не хватает курсов по креативному программированию. Сейчас есть много графических дизайнеров, задействующих код. Однако, по какой-то причине у нас ничего подобного нет. Хочу курсы по p5.js или processing.", "Оставьте Ваш отзыв", "Если вы хотите поблагодарить или пожаловаться, оставить свой отзыв по улучшению работы или предложить любую другую идею, мы будем рады рассмотреть ваше обращение в кратчайший срок.", "Новости Школы дизайна", "Школа дизайна — подразделение одного из ведущих российских университетов — Высшей школы экономики, которая входит в 35 лучших молодых университетов мира и является лучшим российским вузом в категории Art & Design (QS), состоит в большинстве авторитетных международных образовательных рейтингов (QS, THE, ARWU, U.S. News Best Global Universities Subject). Вышка — это не только гигантская научная лаборатория, но и представительная экспертная площадка: сотрудники ВШЭ принимают активное участие в ключевых экспертных дискуссиях, входят в состав многих коллегиальных и совещательных органов при президенте и правительстве России, являются лидерами мнений по важнейшим вопросам в сфере образования, социальной политики, здравоохранения, демографии, рынка труда, транспорта, государственного управления, технологического развития.", "HSE ART GALLERY", "Галерея современного искусства HSE ART GALLERY работает на базе Школы дизайна в Москве. Здесь на одной площадке представлены работы актуальных современных художников и студенческие проекты. К организации выставок команда галереи привлекает как преподавателей Школы, так и независимых кураторов, а также представителей ведущих культурных институций Москвы. Подробнее", "Типография", "Типография НИУ ВШЭ — профессиональное подразделение, которое оказывает все виды полиграфических услуг для студентов и сотрудников, а также работает с внешними заказчиками. Студенты Школы дизайна могут пользоваться услугами типографии на специальных условиях — любой заказ стоит на 20% дешевле.", "Лаборатория дизайна", "Дизайн-бюро при Школе дизайна, где талантливые старшекурсники работают в связке с опытными арт-директорами. На счету лаборатории комплексные коммерческие проекты в областях брендинга, книгоиздания, анимации, музейного проектирования, цифрового дизайна. Подробнее", "Компьютерные классы", "Одна из ключевых учебных дисциплин — технологии дизайна, где студенты получают основной инструментарий, необходимый для комплексной работы над любым проектом: пакет программ для графического дизайна, софт для создания анимации, 3D-моделей, моушн-дизайна и продуктов для интернета. Подробнее", "Мастерская фарфора", "В мастерской фарфора каждый студент может на практике увидеть, как происходит процесс литья, а также попробовать себя в качестве фарфориста под руководством опытного мастера или самостоятельно поработать с готовыми формами. Мастерская оснащена печью, сушильными шкафами, гипсомодельными станками, а также красками, глазурью, пигментами. Подробнее", "Препресс и цифровая печать", "Учебная лаборатория HSE PrepressLab ведет полный цикл работ по допечатной подготовке. Лаборатория работает в открытом режиме для консультаций всех студентов и позволяет печатать изображения максимального качества. Подробнее", "Шелкографская мастерская", "В шелкографской мастерской студенты под руководством профессиональных печатников проходят весь этап технологии печати от подготовки изображения и печати на разных типах носителей до сушки получившихся объектов, а также получают знания о методах печати, хранения, оформления и презентации графических работ. Подробнее", "Ювелирная мастерская", "Любой студент Школы дизайна может попробовать себя в ювелирном деле, выбрав себе соответствующий вариатив. В ювелирной мастерской студенты осваивают как древнейшие технологии, так и самые передовые. Это литье в простые формы, лепка, 3D-проектирование, вакуумное литье, электрохимическая обработка металлов, вакуумное напыление титана и др. Подробнее", "Профессиональные фотостудии", "В Школе дизайна работают две фотостудии. Любой студент, которому для проекта нужна фотосъёмка, может записаться и получить не только современное фотооборудование, но и профессиональную помощь от сотрудников студии. Подробнее", "Фэшн-мастерские", "Для реализации творческих идей в школе работает 4 проектные мастерские по изготовлению и конструированию одежды, оснащённые новейшим оборудованием. В распоряжении студентов — швейные бытовые и производственные машинки, оверлоки, коверлоки производства, утюжильное и влажно-тепловое оборудование и манекены. Подробнее", "Лаборатория плаката", "В Школе дизайна открыта Лаборатория плаката, где студенты бакалавриата и магистратуры могут работать с плакатным форматом под кураторством графического дизайнера, одного из главных российских плакатистов Юрия Гулитова. Подробнее", "Библиотека", "В библиотеке Школы дизайна у всех студентов есть открытый доступ к необходимой учебной литературе, знаковым книгам и новейшим периодическим изданиям и журналам о дизайне, искусстве, моде и медиа-индустрии.", "Обращения студентов", "Поблагодарить или пожаловаться", "По вопросам поступления:", "Бакалавриат (доб. 710)", "Магистратура (доб. 703)", "Онлайн-бакалавриат (доб. 709, 711)", "Дополнительное образование (Москва — доб. 705, 706, 712, Санкт-Петербург — доб. 701)", "Детская школа (доб. 707)", "С понедельника по пятницу", "с 10:00 до 18:00", "По общим вопросам", "Метро Павелецкая", "Метро Семёновская", "Основное образование", "Дополнительное образование", "Новости Школы дизайна", "Спасибо, вы успешно подписаны!", "Извините, что-то пошло не так. Попробуйте позже.", "Мы используем файлы cookies для улучшения работы сайта НИУ ВШЭ и большего удобства его использования. Более подробную информацию об использовании файлов cookies можно найти здесь, наши правила обработки персональных данных – здесь. Продолжая пользоваться сайтом, вы подтверждаете, что были проинформированы об использовании файлов cookies сайтом НИУ ВШЭ и согласны с нашими правилами обработки персональных данных. Вы можете отключить файлы cookies в настройках Вашего браузера."]}