{"title": "Приоритет товаров российского происхождения, работ, услуг, выполняемых, оказываемых российскими лицами — Дирекция по закупкам — Национальный исследовательский университет «Высшая школа экономики»", "description": "", "url": "https://www.hse.ru/procurement/russian_priority", "data": [{"level": "2", "text": "Дирекция по закупкам", "response": []}, {"level": "1", "text": "Приоритет товаров российского происхождения, работ, услуг, выполняемых, оказываемых российскими лицами", "response": ["В соответствии с Федеральным законом от 18.07.2011 г. № 223-ФЗ «О закупках товаров, работ, услуг отдельными видами юридических лиц» (ст.3 п.8 п.п.1), с 01 января 2017 года Университетом применяются нормы постановления Правительства РФ от 16.09.2016г. № 925 «О приоритете товаров российского происхождения, работ, услуг, выполняемых, оказываемых российскими лицами, по отношению к товарам, происходящим из иностранного государства, работам, услугам, выполняемым, оказываемым иностранными лицами» .", "1. В соответствии с указанным выше постановлением, установлен приоритет товаров российского происхождения, работ, услуг, выполняемых, оказываемых российскими лицами, при осуществлении закупок товаров, работ, услуг путем проведения конкурса, аукциона, запроса котировок и запроса предложений, за исключением закупки у единственного поставщика (исполнителя, подрядчика), по отношению к товарам, происходящим из иностранного государства, работам, услугам, выполняемым, оказываемым иностранными лицами (далее - приоритет).", "2. При осуществлении закупок товаров, работ, услуг путем проведения конкурса, запроса предложений или запроса котировок, оценка и сопоставление заявок на участие в закупке, которые содержат предложения о поставке товаров российского происхождения, выполнении работ, оказании услуг российскими лицами, по стоимостным критериям оценки производятся по предложенной в указанных заявках цене договора, сниженной на 15 %. При этом договор с победителем, определенным в соответствии с указанным выше порядком оценки, заключается по цене договора, предложенной таким участником в заявке на участие в закупке.", "При осуществлении закупок радиоэлектронной продукции оценка и сопоставление заявок на участие в конкурсе/запросе котировок/запросе предложений/запросе оферт, которые содержат предложения о поставке радиоэлектронной продукции, включенной в единый реестр российской радиоэлектронной продукции, по стоимостным критериям оценки производятся по предложенной в указанных заявках цене договора, сниженной на 30 процентов, при этом договор заключается по цене договора, предложенной участником в заявке на участие в конкурсе/запросе котировок/запросе предложений/запросе оферт.", "При осуществлении закупок радиоэлектронной продукции, в случае если победителем аукциона представлена заявка на участие в аукционе, содержащая предложение о поставке радиоэлектронной продукции, не включенной в единый реестр российской радиоэлектронной продукции, договор с таким победителем заключается по цене, сниженной на 30 процентов от предложенной им цены договора. В случае если победителем аукциона в ходе аукциона цена договора снижена до нуля, и проводился аукцион на право заключения договора, договор с таким победителем заключается по цене, увеличенной на 30 процентов от предложенной им цены договора.", "3. При осуществлении закупок товаров, работ, услуг путем проведения аукциона или конкурса с переторжкой, в случае, если победителем закупки представлена заявка на участие в закупке, содержащая предложение о поставке товаров, происходящих из иностранных государств, или предложение о выполнении работ, оказании услуг иностранными лицами, договор с таким победителем заключается по цене, сниженной на 15 % от предложенной им цены договора.", "4. При проведении конкурсов, аукционов, запросов котировок, запросов предложений приоритет не предоставляется в случаях, если:", "а) закупка признана несостоявшейся, и договор заключается с единственным участником закупки;", "б) в заявке на участие в закупке не содержится предложений о поставке товаров российского происхождения, выполнении работ, оказании услуг российскими лицами;", "в) в заявке на участие в закупке не содержится предложений о поставке товаров иностранного происхождения, выполнении работ, оказании услуг иностранными лицами;", "г) в заявке на участие в закупке, представленной участником конкурса, запроса предложений или запроса котировок, содержится предложение о поставке товаров российского и иностранного происхождения, выполнении работ, оказании услуг российскими и иностранными лицами, при этом стоимость товаров российского происхождения, стоимость работ, услуг, выполняемых, оказываемых российскими лицами, составляет менее 50 % стоимости всех предложенных таким участником товаров, работ, услуг;", "д) в заявке на участие в закупке, представленной участником аукциона или конкурса с переторжкой, содержится предложение о поставке товаров российского и иностранного происхождения, выполнении работ, оказании услуг российскими и иностранными лицами, при этом стоимость товаров российского происхождения, стоимость работ, услуг, выполняемых, оказываемых российскими лицами, составляет более 50 % стоимости всех предложенных таким участником товаров, работ, услуг.", "5. При проведении конкурсов, аукционов, запросов котировок, запросов предложений в документацию о закупке должны включаться следующие сведения:", "а) требование об указании (декларировании) участником закупки в заявке на участие в закупке (в соответствующей части заявки на участие в закупке, содержащей предложение о поставке товара) наименования страны происхождения поставляемых товаров;", "б) положение об ответственности участников закупки за представление недостоверных сведений о стране происхождения товара, указанного в заявке на участие в закупке;", "в) сведения о начальной (максимальной) цене единицы каждого товара, работы, услуги, являющихся предметом закупки;", "г) условие о том, что отсутствие в заявке на участие в закупке указания (декларирования) страны происхождения поставляемого товара не является основанием для отклонения заявки на участие в закупке и такая заявка рассматривается как содержащая предложение о поставке иностранных товаров;", "д) условие о том, что для целей установления соотношения цены предлагаемых к поставке товаров российского и иностранного происхождения, цены выполнения работ, оказания услуг российскими и иностранными лицами в случаях, предусмотренных подпунктами \"г\" и \"д\" пункта 4, цена единицы каждого товара, работы, услуги определяется как произведение начальной (максимальной) цены единицы товара, работы, услуги, указанной в документации о закупке в соответствии с подпунктом \"в\" настоящего пункта, на коэффициент изменения начальной (максимальной) цены договора по результатам проведения закупки, определяемый как результат деления цены договора, по которой заключается договор, на начальную (максимальную) цену договора;", "е) условие отнесения участника закупки к российским или иностранным лицам на основании документов участника закупки, содержащих информацию о месте его регистрации (для юридических лиц и индивидуальных предпринимателей), на основании документов, удостоверяющих личность (для физических лиц);", "ж) указание страны происхождения поставляемого товара на основании сведений, содержащихся в заявке на участие в закупке, представленной участником закупки, с которым заключается договор;", "з) положение о заключении договора с участником закупки, который предложил такие же, как и победитель закупки, условия исполнения договора или предложение которого содержит лучшие условия исполнения договора, следующие после условий, предложенных победителем закупки, который признан уклонившемся от заключения договора;", "и) условие о том, что при исполнении договора, заключённого с участником закупки, которому предоставлен приоритет, не допускается замена страны происхождения товаров, за исключением случая, когда в результате такой замены вместо иностранных товаров поставляются российские товары, при этом качество, технические и функциональные характеристики (потребительские свойства) таких товаров не должны уступать качеству и соответствующим техническим и функциональным характеристикам товаров, указанных в договоре.", "В связи с указанными выше изменениями законодательных норм, подразделения-заказчики должны в обосновании цены и техническом задании указывать начальную (максимальную) цену единицы каждого закупаемого наименования товара, работы, услуги."]}], "links": [], "text": ["Приоритет товаров российского происхождения, работ, услуг, выполняемых, оказываемых российскими лицамиВ соответствии с Федеральным законом от 18.07.2011 г. № 223-ФЗ «О закупках товаров, работ, услуг отдельными видами юридических лиц» (ст.3 п.8 п.п.1), с 01 января 2017 года Университетом применяются нормы постановления Правительства РФ от 16.09.2016г. № 925 «О приоритете товаров российского происхождения, работ, услуг, выполняемых, оказываемых российскими лицами, по отношению к товарам, происходящим из иностранного государства, работам, услугам, выполняемым, оказываемым иностранными лицами» .", "1. В соответствии с указанным выше постановлением, установлен приоритет товаров российского происхождения, работ, услуг, выполняемых, оказываемых российскими лицами, при осуществлении закупок товаров, работ, услуг путем проведения конкурса, аукциона, запроса котировок и запроса предложений, за исключением закупки у единственного поставщика (исполнителя, подрядчика), по отношению к товарам, происходящим из иностранного государства, работам, услугам, выполняемым, оказываемым иностранными лицами (далее - приоритет).", "2. При осуществлении закупок товаров, работ, услуг путем проведения конкурса, запроса предложений или запроса котировок, оценка и сопоставление заявок на участие в закупке, которые содержат предложения о поставке товаров российского происхождения, выполнении работ, оказании услуг российскими лицами, по стоимостным критериям оценки производятся по предложенной в указанных заявках цене договора, сниженной на 15 %. При этом договор с победителем, определенным в соответствии с указанным выше порядком оценки, заключается по цене договора, предложенной таким участником в заявке на участие в закупке.", "При осуществлении закупок радиоэлектронной продукции оценка и сопоставление заявок на участие в конкурсе/запросе котировок/запросе предложений/запросе оферт, которые содержат предложения о поставке радиоэлектронной продукции, включенной в единый реестр российской радиоэлектронной продукции, по стоимостным критериям оценки производятся по предложенной в указанных заявках цене договора, сниженной на 30 процентов, при этом договор заключается по цене договора, предложенной участником в заявке на участие в конкурсе/запросе котировок/запросе предложений/запросе оферт.", "При осуществлении закупок радиоэлектронной продукции, в случае если победителем аукциона представлена заявка на участие в аукционе, содержащая предложение о поставке радиоэлектронной продукции, не включенной в единый реестр российской радиоэлектронной продукции, договор с таким победителем заключается по цене, сниженной на 30 процентов от предложенной им цены договора. В случае если победителем аукциона в ходе аукциона цена договора снижена до нуля, и проводился аукцион на право заключения договора, договор с таким победителем заключается по цене, увеличенной на 30 процентов от предложенной им цены договора.", "3. При осуществлении закупок товаров, работ, услуг путем проведения аукциона или конкурса с переторжкой, в случае, если победителем закупки представлена заявка на участие в закупке, содержащая предложение о поставке товаров, происходящих из иностранных государств, или предложение о выполнении работ, оказании услуг иностранными лицами, договор с таким победителем заключается по цене, сниженной на 15 % от предложенной им цены договора.", "4. При проведении конкурсов, аукционов, запросов котировок, запросов предложений приоритет не предоставляется в случаях, если:", "а) закупка признана несостоявшейся, и договор заключается с единственным участником закупки;", "б) в заявке на участие в закупке не содержится предложений о поставке товаров российского происхождения, выполнении работ, оказании услуг российскими лицами;", "в) в заявке на участие в закупке не содержится предложений о поставке товаров иностранного происхождения, выполнении работ, оказании услуг иностранными лицами;", "г) в заявке на участие в закупке, представленной участником конкурса, запроса предложений или запроса котировок, содержится предложение о поставке товаров российского и иностранного происхождения, выполнении работ, оказании услуг российскими и иностранными лицами, при этом стоимость товаров российского происхождения, стоимость работ, услуг, выполняемых, оказываемых российскими лицами, составляет менее 50 % стоимости всех предложенных таким участником товаров, работ, услуг;", "д) в заявке на участие в закупке, представленной участником аукциона или конкурса с переторжкой, содержится предложение о поставке товаров российского и иностранного происхождения, выполнении работ, оказании услуг российскими и иностранными лицами, при этом стоимость товаров российского происхождения, стоимость работ, услуг, выполняемых, оказываемых российскими лицами, составляет более 50 % стоимости всех предложенных таким участником товаров, работ, услуг.", "5. При проведении конкурсов, аукционов, запросов котировок, запросов предложений в документацию о закупке должны включаться следующие сведения:", "а) требование об указании (декларировании) участником закупки в заявке на участие в закупке (в соответствующей части заявки на участие в закупке, содержащей предложение о поставке товара) наименования страны происхождения поставляемых товаров;", "б) положение об ответственности участников закупки за представление недостоверных сведений о стране происхождения товара, указанного в заявке на участие в закупке;", "в) сведения о начальной (максимальной) цене единицы каждого товара, работы, услуги, являющихся предметом закупки;", "г) условие о том, что отсутствие в заявке на участие в закупке указания (декларирования) страны происхождения поставляемого товара не является основанием для отклонения заявки на участие в закупке и такая заявка рассматривается как содержащая предложение о поставке иностранных товаров;", "д) условие о том, что для целей установления соотношения цены предлагаемых к поставке товаров российского и иностранного происхождения, цены выполнения работ, оказания услуг российскими и иностранными лицами в случаях, предусмотренных подпунктами \"г\" и \"д\" пункта 4, цена единицы каждого товара, работы, услуги определяется как произведение начальной (максимальной) цены единицы товара, работы, услуги, указанной в документации о закупке в соответствии с подпунктом \"в\" настоящего пункта, на коэффициент изменения начальной (максимальной) цены договора по результатам проведения закупки, определяемый как результат деления цены договора, по которой заключается договор, на начальную (максимальную) цену договора;", "е) условие отнесения участника закупки к российским или иностранным лицам на основании документов участника закупки, содержащих информацию о месте его регистрации (для юридических лиц и индивидуальных предпринимателей), на основании документов, удостоверяющих личность (для физических лиц);", "ж) указание страны происхождения поставляемого товара на основании сведений, содержащихся в заявке на участие в закупке, представленной участником закупки, с которым заключается договор;", "з) положение о заключении договора с участником закупки, который предложил такие же, как и победитель закупки, условия исполнения договора или предложение которого содержит лучшие условия исполнения договора, следующие после условий, предложенных победителем закупки, который признан уклонившемся от заключения договора;", "и) условие о том, что при исполнении договора, заключённого с участником закупки, которому предоставлен приоритет, не допускается замена страны происхождения товаров, за исключением случая, когда в результате такой замены вместо иностранных товаров поставляются российские товары, при этом качество, технические и функциональные характеристики (потребительские свойства) таких товаров не должны уступать качеству и соответствующим техническим и функциональным характеристикам товаров, указанных в договоре.", "В связи с указанными выше изменениями законодательных норм, подразделения-заказчики должны в обосновании цены и техническом задании указывать начальную (максимальную) цену единицы каждого закупаемого наименования товара, работы, услуги.", "Нашли опечатку?", "Выделите её, нажмите Ctrl+Enter и отправьте нам уведомление. Спасибо за участие!", "Сервис предназначен только для отправки сообщений об орфографических и пунктуационных ошибках."]}