{"title": "Общая информация — Типография — Национальный исследовательский университет «Высшая школа экономики»", "description": "", "url": "https://print.hse.ru/about_print", "data": [{"level": "2", "text": "Типография", "response": []}, {"level": "1", "text": "Общая информация", "response": ["Типография — относительно новое подразделение Национального исследовательского университета — Высшей школы экономики, созданное в 2010 году приказом ректора НИУ ВШЭ Я.И. Кузьминова.", "Положение о Типографии Государственного университета — Высшей школы экономики", "Основная задача типографии — обеспечение структурных подразделений НИУ ВШЭ разнообразной печатной продукцией и оказание полиграфических услуг студентам и сотрудникам:", "изготовление и тиражирование полиграфических изданий: репринтов, книг в мягком переплете, брошюр, журналов, газет и других периодических изданий НИУ ВШЭ;", "срочная подготовка раздаточного материала для лекций, конференций и семинаров;", "изготовление и тиражирование другой учебной, научной и справочной литературы, необходимой для повседневного учебно-научного процесса нашего университета;", "оказание полиграфических услуг студентам и сотрудникам университета (распечатка и копирование домашних заданий, фрагментов учебных пособий, курсовых и дипломных проектов, диссертаций, брошюровка, ламинирование, переплетные работы и т.п.).", "Летом 2016 года типографией получено право оказывать платные полиграфические услуги для студентов и сотрудников НИУ ВШЭ, а также сторонних физических и юридических лиц. И мы готовы помочь всем желающим изготовлением качественной и недорогой печатной продукции.", "Для типографии было закуплено большое количество современного полиграфического оборудования. Мы освоили множество современных полиграфических технологий, научились быстро и качественно изготавливать большой спектр полиграфической продукции.", "Для заказчиков — подразделений НИУ ВШЭ подготовлен специальный регламент и правила работы, нацеленные на максимальное упрощение работы и повышения удобства представителям подразделений, размещающим заказы в типографии. Для того, чтобы сделать заказ им достаточно отправить техническое задание и макет изделия на электронный адрес print@hse.ru, заполнить поля специальной формы здесь на сайте, прийти  на выбранный участок типографии или позвонить по телефону (номер основного производственного участка 8-499-152-09-01). Для получения готовой печатной продукции необходимо принести заполненный бланк заявки установленного образца, завизированный руководителем подразделения и куратором в ПФУ на ближайший участок типографии. Доставка готового тиража может быть осуществлена до выбранного здания НИУ ВШЭ с помощью автохозяйства нашего вуза.", "Для частных лиц или сторонних организаций процедура заказа еще проще. Достаточно просто прийти на участок типографии и получить сделанный в Вашем присутствии заказ. Кроме этого можно выбрать продукцию и оформить заказ, не выходя из дома, онлайн на нашем сайте, отправить макет по почте или через веб-интерфейс, удаленно оплатить  работу и получить готовую продукцию в назначенный момент в типографии. Срок изготовления — от минут до нескольких дней, в зависимости от сложности заказа.", "С техническими возможностями типографии и особенностями имеющегося на вооружении полиграфического оборудования можно познакомиться на страницах этого сайта. Типография НИУ ВШЭ стремится к повышению эффективности полиграфического производства, увеличению номенклатуры и качества выполняемых работ, повышению производительности труда, снижение затрат на расходные материалы и бумагу, ускорению цикла выполнения работ. Несколько лет назад были освоены технологии горячего тиснения фольгой и переплета брошюр и блокнотов металлической спиралью, вырубки папок и изготовлении твердого книжного переплета по технологии Metalbind и Унибинд, недавно мы научились делать адресные папки, удостоверения и пропуска с тиснением металлизированной фольгой на кожанных или кожзам. корешках, бумажные пакеты и календари.", "Наша цель — построить образцовую вузовскую типографию, которой мог бы гордиться Национальный исследовательский университет «Высшая школа экономики», все его сотрудники и студенты, и на которую могли бы равняться типографии других высших учебных заведений России!Подписывайтесь на наши соцсети"]}], "links": ["http://wtp.hse.ru/free_pay.php", "http://wtp.hse.ru/product.php", "https://print.hse.ru/contacts", "https://print.hse.ru/features", "https://print.hse.ru/news/196439115.html", "https://print.hse.ru/news/211229045.html", "https://print.hse.ru/onlineorder", "https://print.hse.ru/order", "https://print.hse.ru/possibility", "https://print.hse.ru/product", "https://print.hse.ru/production", "https://print.hse.ru/regl", "https://print.hse.ru/services", "https://print.hse.ru/students_product", "https://www.hse.ru/docs/24461372.html"], "text": ["Общая информацияТипография — относительно новое подразделение Национального исследовательского университета — Высшей школы экономики, созданное в 2010 году приказом ректора НИУ ВШЭ Я.И. Кузьминова.", "Положение о Типографии Государственного университета — Высшей школы экономики", "Основная задача типографии — обеспечение структурных подразделений НИУ ВШЭ разнообразной печатной продукцией и оказание полиграфических услуг студентам и сотрудникам:", "изготовление и тиражирование полиграфических изданий: репринтов, книг в мягком переплете, брошюр, журналов, газет и других периодических изданий НИУ ВШЭ;", "срочная подготовка раздаточного материала для лекций, конференций и семинаров;", "изготовление и тиражирование другой учебной, научной и справочной литературы, необходимой для повседневного учебно-научного процесса нашего университета;", "оказание полиграфических услуг студентам и сотрудникам университета (распечатка и копирование домашних заданий, фрагментов учебных пособий, курсовых и дипломных проектов, диссертаций, брошюровка, ламинирование, переплетные работы и т.п.).", "Летом 2016 года типографией получено право оказывать платные полиграфические услуги для студентов и сотрудников НИУ ВШЭ, а также сторонних физических и юридических лиц. И мы готовы помочь всем желающим изготовлением качественной и недорогой печатной продукции.", "Для типографии было закуплено большое количество современного полиграфического оборудования. Мы освоили множество современных полиграфических технологий, научились быстро и качественно изготавливать большой спектр полиграфической продукции.", "Для заказчиков — подразделений НИУ ВШЭ подготовлен специальный регламент и правила работы, нацеленные на максимальное упрощение работы и повышения удобства представителям подразделений, размещающим заказы в типографии. Для того, чтобы сделать заказ им достаточно отправить техническое задание и макет изделия на электронный адрес print@hse.ru, заполнить поля специальной формы здесь на сайте, прийти  на выбранный участок типографии или позвонить по телефону (номер основного производственного участка 8-499-152-09-01). Для получения готовой печатной продукции необходимо принести заполненный бланк заявки установленного образца, завизированный руководителем подразделения и куратором в ПФУ на ближайший участок типографии. Доставка готового тиража может быть осуществлена до выбранного здания НИУ ВШЭ с помощью автохозяйства нашего вуза.", "Для частных лиц или сторонних организаций процедура заказа еще проще. Достаточно просто прийти на участок типографии и получить сделанный в Вашем присутствии заказ. Кроме этого можно выбрать продукцию и оформить заказ, не выходя из дома, онлайн на нашем сайте, отправить макет по почте или через веб-интерфейс, удаленно оплатить  работу и получить готовую продукцию в назначенный момент в типографии. Срок изготовления — от минут до нескольких дней, в зависимости от сложности заказа.", "С техническими возможностями типографии и особенностями имеющегося на вооружении полиграфического оборудования можно познакомиться на страницах этого сайта. Типография НИУ ВШЭ стремится к повышению эффективности полиграфического производства, увеличению номенклатуры и качества выполняемых работ, повышению производительности труда, снижение затрат на расходные материалы и бумагу, ускорению цикла выполнения работ. Несколько лет назад были освоены технологии горячего тиснения фольгой и переплета брошюр и блокнотов металлической спиралью, вырубки папок и изготовлении твердого книжного переплета по технологии Metalbind и Унибинд, недавно мы научились делать адресные папки, удостоверения и пропуска с тиснением металлизированной фольгой на кожанных или кожзам. корешках, бумажные пакеты и календари.", "Наша цель — построить образцовую вузовскую типографию, которой мог бы гордиться Национальный исследовательский университет «Высшая школа экономики», все его сотрудники и студенты, и на которую могли бы равняться типографии других высших учебных заведений России!Подписывайтесь на наши соцсети", "Нашли опечатку?", "Выделите её, нажмите Ctrl+Enter и отправьте нам уведомление. Спасибо за участие!", "Сервис предназначен только для отправки сообщений об орфографических и пунктуационных ошибках."]}