{"title": "Научные подразделения филиала – Наука в НИУ ВШЭ — Нижний Новгород – Национальный исследовательский университет «Высшая школа экономики»", "description": "", "url": "http://nnov.hse.ru/sciencenn/laborat/", "data": [{"level": "1", "text": "Научные подразделения филиала", "response": ["В Филиале осуществляют деятельность следующие лаборатории:", "Международная лаборатория алгоритмов и технологии анализа сетевых структур (ЛАТАС)", "Международная лаборатория алгоритмов и технологии анализа сетевых структур (факультет информатики, математики и компьютерных наук).", "Лаборатория алгоритмов и технологий анализа сетевых структур (ЛАТАС) была создана в октябре 2011 г. после объявления победителей гранта Правительства Российской Федерации для государственной поддержки научных исследований, проводимых под руководством ведущих учёных в российских образовательных учреждениях высшего профессионального образования.", "Научный руководитель лаборатории профессор Панос М. Пардалос (Университет Флориды, США).Заведующий лабораторией - Калягин Валерий Александрович, ординарный профессор НИУ ВШЭ.", "Основная цель Лаборатории: научные исследования, развитие международных связей в области алгоритмов и технологий анализа сетей и графов.", "Лаборатория топологических методов в динамике (ЛТДМ)", "Лаборатория топологических методов в динамике (факультет информатики, математики и компьютерных наук).", "Лаборатория функционирует с 2017 г.С момента основания и до 2020 года заведующей лабораторией являлась Ольга Витальевна Починка.", "Лаборатория топологических методов в динамике (ТМД), была создана в 2017 году на основе коллектива сотрудников кафедры фундаментальной математики НИУ ВШЭ – Нижний Новгород. Кафедра была образована в 2014 году в связи с открытием в нижегородском кампусе НИУ ВШЭ образовательной программы «Математика». Основу коллектива составила группа преподавателей-исследователей (среди них доктора физико-математических наук В.З. Гринес, Е.В. Жужома, Н.И. Жукова, О.В. Починка), активно занимающихся качественной теорией динамических систем и слоений в рамках школы нелинейных колебаний, созданной академиком А. А. Андроновым. Им, их ученикам и коллегам принадлежит целый ряд фундаментальных результатов, мирового уровня, которые лежат в основе настоящих и будущих исследований проводимых лабораторией.В июле 2019 года лаборатория топологических методов в динамике приобрела статус международной.", "Научно-учебная лаборатория теории и практики систем поддержки принятия решений (ТАПРАДЕСС)", "Научно-учебная лаборатория теории и практики систем поддержки принятия решений (факультет информатики, математики и компьютерных наук).", "Научный руководитель лаборатории: профессор Э.А. Бабкин.", "Лаборатория функционирует с 2009 г.", "Направлением деятельности Лаборатории является поддержка принятия решений с использованием передовых методов математического, информационного и имитационного моделирования, а также современных информационных систем. В миссию Лаборатории входит адаптация, развитие, включение в учебный процесс и распространение в профессиональной среде значимых теоретических принципов и практических информационных технологий оценки, анализа и выбора управленческих решений, необходимых для эффективного управления сложными социально-экономическими системами. Стратегическая цель работы Лаборатории состоит в создании эффективного механизма развития и распространения в образовании и профессиональной среде передовых теоретических методов и практических технологий поддержки принятия решений с использованием ИКТ.", "Международная лаборатория динамических систем и приложений (МЛДСП)", "Международная лаборатория динамических систем и приложений (факультет информатики, математики и компьютерных наук).", "Научный руководитель лаборатории: профессор Дмитрий Тураев", "Заведующий лабораторией: профессор О.В. Починка", "Лаборатория функционирует с 2019 г.", "Международная лаборатория динамических систем и приложений создана в рамках проекта Мегагрантов 220 Правительства Российской Федерации в декабре 2019 года. Научным руководителем лаборатории является крупнейший специалист в математической теории динамических систем Дмитрий Тураев.", "Основу коллектива составила группа преподавателей-исследователей, активно занимающихся качественной теорией динамических систем и приложений в рамках школы нелинейных колебаний, созданной академиком А.А. Андроновым. Нижегородская школа, выходцем из которой является Дмитрий Тураев, была и остается лидером теории динамических систем благодаря уникальному сочетанию строгих методов тополого-геометрического анализа с прикладными исследованиями нелинейных физических явлений.", "Основные задачи лаборатории – укрепление международных связей и престижа школы, диверсификация и обновление направления исследований, организация эффективного сотрудничества между представителями различных дисциплин, поддержка молодых ученых.", "Центр языка и мозга", "С 1 сентября 2020 года на Факультете гуманитарных наук НИУ ВШЭ – Нижний Новгород организована работа Центра языка и мозга", "Директор центра Худякова М.В., научный руководитель Гронская Н.Э.", "Центр занимается вопросами нейролингвистики, исследует связь языка и мозга с помощью современных экспериментальных методик. Сотрудники центра тестируют пациентов с патологиями речи до, после и во время операций. Кроме того, ЦЯиМ проводит образовательные мероприятия для популяризации науки.Центр поддержан Грантом Российского научного фонда № 20-18-00399.", "Также научная деятельность осуществляется в формате научно-учебных и научно-исследовательских групп:", "Научно-учебная группа «Лаборатория полей антенных систем»", "Руководитель группы: доцент С. П. СкулкинНаучно-исследовательская группа функционирует с 2024 г", "C января 2024 года выполняет проект 24-00-016 «Исследование электромагнитного поля биконической цилиндрической апертуры». Работа выполняется на основании решения Совета Программы «Научный Фонд НИУ ВШЭ» в соответствии с результатами конкурса НУГ на 2024 год.", "В работе будет рассмотрена постановка задачи, аналитические выражения для расчета электромагнитного поля, граничные условия задачи. Также будет проанализировано сравнение с реальной излучающей апертурой и рассмотрены некоторые пространственные особенности поля цилиндрической апертуры. Целью данной работы является расчет электромагнитного поля в любой точке пространства перед трехмерной цилиндрической апертурой методом PIRF. Корректность полученных результатов может быть подтверждена сравнением с результатами численного моделирования классическими общепринятыми методами.", "В состав группы входят студенты, аспиранты и преподаватели базовой кафедры Мера НИУ ВШЭ – НН и Воронежского государственного университета.", "Научно-учебная группа «Регулярная динамика и хаос»Руководитель группы Гуревич Е.Я.", "Научно-учебная группа реализует проект под названием «Динамические системы с многомерным фазовым пространством: от регулярной динамики к хаосу». Проект посвящен исследованию динамических систем с многомерным фазовым пространством: изучению взаимосвязи между структурой неблуждающего множества и топологией несущего многообразия, получению топологических инвариантов, построению канонических представителей в каждом классе топологической эквивалентности (сопряженности) для систем с регулярной динамикой, а также выявлению и исследованию нелинейных эффектов, возникающих в автономных и неавтономных системах с хаотической динамикой.Проект № 23-00-028 \"Динамические системы с многомерным фазовым пространством: от регулярной динамики к хаосу\".", "Научно-исследовательская группа «Центр экологической экономики»", "Руководитель группы: профессор А.С. АладышкинаНаучно-исследовательская группа функционирует с 2016 г", "Центр экологической экономики представляет собой группу открытого типа, то есть любой желающий может присоединиться к текущей работе группы. В число партнёров группы входят государственный биосферный заповедник «Керженский», Комитет по экологии и природопользованию Законодательного Собрания Нижегородской области, Территориальный орган Федеральной службы государственной статистики по Нижегородской области (Нижегородстат), Экологический центр «Дронт», Нижегородское отделение Всероссийского общества охраны природы, студенческая организация «Зелёная Вышка НН».", "Текущие проекты:", "участие в проекте по разработке методики оценки устойчивого развития субъектов малого и среднего предпринимательства (2023 г.);", "участие в проекте по разработке ESG-рейтинга муниципальных районов, муниципальных и городских округов (на примере Нижегородской области) (2022-2023 г.);", "проведение лонгитюдного исследования факторов, влияющих на уровень экологической грамотности молодежи;", "исследование влияния уровня интеграции критериев устойчивого развития в деятельность региона на его инвестиционную привлекательность.", "Научно-учебная группа «Динамика коммуникативных практик в почтовой переписке (на материале корпуса \"Пишу тебе\")»", "Руководитель группы Куликова В.А.Научно-исследовательская группа функционирует с 2024 г.Проект представляет собой междисциплинарное исследование корпуса почтовой переписки «Пишу тебе»: планируется комплексное изучение почтовой открытки как коммуникативного явления, исторического и социологического документа. Общей методологической рамкой является изучение коммуникативных практик как отражения связи речи и социальных, исторических условий, а также использование корпусных методов анализа.", "Исследование развивает методы цифровой гуманитаристики, обращаясь к корпусу оцифрованных открыток, что мотивирует научную актуальность исследования. Изучение динамики коммуникативных практик позволит моделировать тенденции развития коммуникативной культуры вплоть до современного этапа.", "Цель – междисциплинарное (лингвистическое, историческое, социологическое) описание динамики коммуникативных практик на материале корпуса почтовой переписки «Пишу тебе».", "Центр предпринимательства", "Руководитель центра: Дмитрий Сидоров", "Центр функционирует с 2010 г.", "Это структура НИУ ВШЭ – Нижний Новгород профессионально занимающаяся вопросами развития предпринимательства на комплексной основе.Миссия центра: способствовать развитию и реализации предпринимательской активности преподавателей, сотрудников, студентов НИУ ВШЭ – Нижний Новгород и других заинтересованных лиц, созданию инновационной инфраструктуры университета, а также выведению предпринимательской деятельности в регионе на качественно новый уровень.", "Цели:", "Повысить уровень профессиональной подготовки кадров в области предпринимательства (в первую очередь инновационного)", "Сформировать и развивать партнерскую сеть с целью создания условий для коммерциализации инновационных разработок", "Способствовать созданию инновационной экосистемы", "Подготовить кадры занимающиеся предпринимательством", "Создать сеть успешных спин-офф компаний НИУ ВШЭ", "Инструменты:", "Авторские образовательные программы в сфере предпринимательства и ведения бизнеса", "Консалтинг в области привлечения инвестиций, инноваций, маркетинга и продаж", "Мероприятия по вовлечению молодежи в предпринимательскую деятельность", "Консалтинговый центр", "Руководитель центра: профессор М.В. Плотников", "Центр функционирует с 2016 г.", "Основная задача этого проекта – объединить компетенции ведущих сотрудников факультета по развитию организаций.", "В настоящее время в Консалтинговом центре ведется работа по 7 базовым направлениям:", "1. Формализация и регламентация бизнес-процессов", "2. Разработка систем показателей деятельности", "3. Разработка бизнес-планов", "4. Бизнес-моделирование и оценка стоимости бизнеса", "5. Проведение обзорных маркетинговых исследований", "6. Тестирование рыночной привлекательности продукта", "7. Разработка пакета франчайзинговой документации", "Центр ориентирован преимущественно на работу с организациями среднего и крупного бизнеса Приволжского Федерального округа.", "В проекты центра активно вовлекаются студенты, для которых это хорошая возможность получить реальный практический опыт работы в проектах организационного развития, собрать материал для курсовых, выпускных квалификационных и научных работ, а также заработать на интеллектуальном труд."]}, {"level": "1", "text": "Научно-учебная группа «Динамика коммуникативных практик в почтовой переписке (на материале корпуса \"Пишу тебе\")»", "response": ["Руководитель группы Куликова В.А.Научно-исследовательская группа функционирует с 2024 г.Проект представляет собой междисциплинарное исследование корпуса почтовой переписки «Пишу тебе»: планируется комплексное изучение почтовой открытки как коммуникативного явления, исторического и социологического документа. Общей методологической рамкой является изучение коммуникативных практик как отражения связи речи и социальных, исторических условий, а также использование корпусных методов анализа.", "Исследование развивает методы цифровой гуманитаристики, обращаясь к корпусу оцифрованных открыток, что мотивирует научную актуальность исследования. Изучение динамики коммуникативных практик позволит моделировать тенденции развития коммуникативной культуры вплоть до современного этапа.", "Цель – междисциплинарное (лингвистическое, историческое, социологическое) описание динамики коммуникативных практик на материале корпуса почтовой переписки «Пишу тебе».", "Центр предпринимательства", "Руководитель центра: Дмитрий Сидоров", "Центр функционирует с 2010 г.", "Это структура НИУ ВШЭ – Нижний Новгород профессионально занимающаяся вопросами развития предпринимательства на комплексной основе.Миссия центра: способствовать развитию и реализации предпринимательской активности преподавателей, сотрудников, студентов НИУ ВШЭ – Нижний Новгород и других заинтересованных лиц, созданию инновационной инфраструктуры университета, а также выведению предпринимательской деятельности в регионе на качественно новый уровень.", "Цели:", "Инструменты:", "Консалтинговый центр", "Руководитель центра: профессор М.В. Плотников", "Центр функционирует с 2016 г.", "Основная задача этого проекта – объединить компетенции ведущих сотрудников факультета по развитию организаций.", "В настоящее время в Консалтинговом центре ведется работа по 7 базовым направлениям:", "1. Формализация и регламентация бизнес-процессов", "2. Разработка систем показателей деятельности", "3. Разработка бизнес-планов", "4. Бизнес-моделирование и оценка стоимости бизнеса", "5. Проведение обзорных маркетинговых исследований", "6. Тестирование рыночной привлекательности продукта", "7. Разработка пакета франчайзинговой документации", "Центр ориентирован преимущественно на работу с организациями среднего и крупного бизнеса Приволжского Федерального округа.", "В проекты центра активно вовлекаются студенты, для которых это хорошая возможность получить реальный практический опыт работы в проектах организационного развития, собрать материал для курсовых, выпускных квалификационных и научных работ, а также заработать на интеллектуальном труд."]}], "links": ["http://www.hse.ru/org/persons/118123217", "http://www.hse.ru/org/persons/930360", "https://nnov.hse.ru/ba/math/", "https://nnov.hse.ru/bipm/dsa/", "https://nnov.hse.ru/bipm/mera/asflab/", "https://nnov.hse.ru/bipm/tapradess", "https://nnov.hse.ru/bipm/tmd/", "https://nnov.hse.ru/busnn/", "https://nnov.hse.ru/economics/cee", "https://nnov.hse.ru/human/neurolingcentre/", "https://nnov.hse.ru/human/postcards/", "https://nnov.hse.ru/latna/", "https://nnov.hse.ru/management/consulting_center", "https://www.hse.ru/org/persons/118123217", "https://www.hse.ru/org/persons/133908317", "https://www.hse.ru/org/persons/133993943", "https://www.hse.ru/org/persons/141918793", "https://www.hse.ru/org/persons/162118794", "https://www.hse.ru/org/persons/187825", "https://www.hse.ru/org/persons/19948550", "https://www.hse.ru/org/persons/201985", "https://www.hse.ru/org/persons/401782166", "https://www.hse.ru/org/persons/46579220", "https://www.hse.ru/org/persons/95483901", "https://www.hse.ru/org/persons/987628", "https://www.hse.ru/staff/dsidorov", "https://www.hse.ru/staff/mariya.kh"], "text": ["Научные подразделения филиала", "В Филиале осуществляют деятельность следующие лаборатории:", "Международная лаборатория алгоритмов и технологии анализа сетевых структур (ЛАТАС)", "Международная лаборатория алгоритмов и технологии анализа сетевых структур (факультет информатики, математики и компьютерных наук).", "Лаборатория алгоритмов и технологий анализа сетевых структур (ЛАТАС) была создана в октябре 2011 г. после объявления победителей гранта Правительства Российской Федерации для государственной поддержки научных исследований, проводимых под руководством ведущих учёных в российских образовательных учреждениях высшего профессионального образования.", "Научный руководитель лаборатории профессор Панос М. Пардалос (Университет Флориды, США).Заведующий лабораторией - Калягин Валерий Александрович, ординарный профессор НИУ ВШЭ.", "Основная цель Лаборатории: научные исследования, развитие международных связей в области алгоритмов и технологий анализа сетей и графов.", "Лаборатория топологических методов в динамике (ЛТДМ)", "Лаборатория топологических методов в динамике (факультет информатики, математики и компьютерных наук).", "Лаборатория функционирует с 2017 г.С момента основания и до 2020 года заведующей лабораторией являлась Ольга Витальевна Починка.", "Лаборатория топологических методов в динамике (ТМД), была создана в 2017 году на основе коллектива сотрудников кафедры фундаментальной математики НИУ ВШЭ – Нижний Новгород. Кафедра была образована в 2014 году в связи с открытием в нижегородском кампусе НИУ ВШЭ образовательной программы «Математика». Основу коллектива составила группа преподавателей-исследователей (среди них доктора физико-математических наук В.З. Гринес, Е.В. Жужома, Н.И. Жукова, О.В. Починка), активно занимающихся качественной теорией динамических систем и слоений в рамках школы нелинейных колебаний, созданной академиком А. А. Андроновым. Им, их ученикам и коллегам принадлежит целый ряд фундаментальных результатов, мирового уровня, которые лежат в основе настоящих и будущих исследований проводимых лабораторией.В июле 2019 года лаборатория топологических методов в динамике приобрела статус международной.", "Научно-учебная лаборатория теории и практики систем поддержки принятия решений (ТАПРАДЕСС)", "Научно-учебная лаборатория теории и практики систем поддержки принятия решений (факультет информатики, математики и компьютерных наук).", "Научный руководитель лаборатории: профессор Э.А. Бабкин.", "Лаборатория функционирует с 2009 г.", "Направлением деятельности Лаборатории является поддержка принятия решений с использованием передовых методов математического, информационного и имитационного моделирования, а также современных информационных систем. В миссию Лаборатории входит адаптация, развитие, включение в учебный процесс и распространение в профессиональной среде значимых теоретических принципов и практических информационных технологий оценки, анализа и выбора управленческих решений, необходимых для эффективного управления сложными социально-экономическими системами. Стратегическая цель работы Лаборатории состоит в создании эффективного механизма развития и распространения в образовании и профессиональной среде передовых теоретических методов и практических технологий поддержки принятия решений с использованием ИКТ.", "Международная лаборатория динамических систем и приложений (МЛДСП)", "Международная лаборатория динамических систем и приложений (факультет информатики, математики и компьютерных наук).", "Научный руководитель лаборатории: профессор Дмитрий Тураев", "Заведующий лабораторией: профессор О.В. Починка", "Лаборатория функционирует с 2019 г.", "Международная лаборатория динамических систем и приложений создана в рамках проекта Мегагрантов 220 Правительства Российской Федерации в декабре 2019 года. Научным руководителем лаборатории является крупнейший специалист в математической теории динамических систем Дмитрий Тураев.", "Основу коллектива составила группа преподавателей-исследователей, активно занимающихся качественной теорией динамических систем и приложений в рамках школы нелинейных колебаний, созданной академиком А.А. Андроновым. Нижегородская школа, выходцем из которой является Дмитрий Тураев, была и остается лидером теории динамических систем благодаря уникальному сочетанию строгих методов тополого-геометрического анализа с прикладными исследованиями нелинейных физических явлений.", "Основные задачи лаборатории – укрепление международных связей и престижа школы, диверсификация и обновление направления исследований, организация эффективного сотрудничества между представителями различных дисциплин, поддержка молодых ученых.", "Центр языка и мозга", "С 1 сентября 2020 года на Факультете гуманитарных наук НИУ ВШЭ – Нижний Новгород организована работа Центра языка и мозга", "Директор центра Худякова М.В., научный руководитель Гронская Н.Э.", "Центр занимается вопросами нейролингвистики, исследует связь языка и мозга с помощью современных экспериментальных методик. Сотрудники центра тестируют пациентов с патологиями речи до, после и во время операций. Кроме того, ЦЯиМ проводит образовательные мероприятия для популяризации науки.Центр поддержан Грантом Российского научного фонда № 20-18-00399.", "Также научная деятельность осуществляется в формате научно-учебных и научно-исследовательских групп:", "Научно-учебная группа «Лаборатория полей антенных систем»", "Руководитель группы: доцент С. П. СкулкинНаучно-исследовательская группа функционирует с 2024 г", "C января 2024 года выполняет проект 24-00-016 «Исследование электромагнитного поля биконической цилиндрической апертуры». Работа выполняется на основании решения Совета Программы «Научный Фонд НИУ ВШЭ» в соответствии с результатами конкурса НУГ на 2024 год.", "В работе будет рассмотрена постановка задачи, аналитические выражения для расчета электромагнитного поля, граничные условия задачи. Также будет проанализировано сравнение с реальной излучающей апертурой и рассмотрены некоторые пространственные особенности поля цилиндрической апертуры. Целью данной работы является расчет электромагнитного поля в любой точке пространства перед трехмерной цилиндрической апертурой методом PIRF. Корректность полученных результатов может быть подтверждена сравнением с результатами численного моделирования классическими общепринятыми методами.", "В состав группы входят студенты, аспиранты и преподаватели базовой кафедры Мера НИУ ВШЭ – НН и Воронежского государственного университета.", "Научно-учебная группа «Регулярная динамика и хаос»Руководитель группы Гуревич Е.Я.", "Научно-учебная группа реализует проект под названием «Динамические системы с многомерным фазовым пространством: от регулярной динамики к хаосу». Проект посвящен исследованию динамических систем с многомерным фазовым пространством: изучению взаимосвязи между структурой неблуждающего множества и топологией несущего многообразия, получению топологических инвариантов, построению канонических представителей в каждом классе топологической эквивалентности (сопряженности) для систем с регулярной динамикой, а также выявлению и исследованию нелинейных эффектов, возникающих в автономных и неавтономных системах с хаотической динамикой.Проект № 23-00-028 \"Динамические системы с многомерным фазовым пространством: от регулярной динамики к хаосу\".", "Научно-исследовательская группа «Центр экологической экономики»", "Руководитель группы: профессор А.С. АладышкинаНаучно-исследовательская группа функционирует с 2016 г", "Центр экологической экономики представляет собой группу открытого типа, то есть любой желающий может присоединиться к текущей работе группы. В число партнёров группы входят государственный биосферный заповедник «Керженский», Комитет по экологии и природопользованию Законодательного Собрания Нижегородской области, Территориальный орган Федеральной службы государственной статистики по Нижегородской области (Нижегородстат), Экологический центр «Дронт», Нижегородское отделение Всероссийского общества охраны природы, студенческая организация «Зелёная Вышка НН».", "Текущие проекты:", "участие в проекте по разработке методики оценки устойчивого развития субъектов малого и среднего предпринимательства (2023 г.);", "участие в проекте по разработке ESG-рейтинга муниципальных районов, муниципальных и городских округов (на примере Нижегородской области) (2022-2023 г.);", "проведение лонгитюдного исследования факторов, влияющих на уровень экологической грамотности молодежи;", "исследование влияния уровня интеграции критериев устойчивого развития в деятельность региона на его инвестиционную привлекательность.", "Научно-учебная группа «Динамика коммуникативных практик в почтовой переписке (на материале корпуса \"Пишу тебе\")»", "Руководитель группы Куликова В.А.Научно-исследовательская группа функционирует с 2024 г.Проект представляет собой междисциплинарное исследование корпуса почтовой переписки «Пишу тебе»: планируется комплексное изучение почтовой открытки как коммуникативного явления, исторического и социологического документа. Общей методологической рамкой является изучение коммуникативных практик как отражения связи речи и социальных, исторических условий, а также использование корпусных методов анализа.", "Исследование развивает методы цифровой гуманитаристики, обращаясь к корпусу оцифрованных открыток, что мотивирует научную актуальность исследования. Изучение динамики коммуникативных практик позволит моделировать тенденции развития коммуникативной культуры вплоть до современного этапа.", "Цель – междисциплинарное (лингвистическое, историческое, социологическое) описание динамики коммуникативных практик на материале корпуса почтовой переписки «Пишу тебе».", "Центр предпринимательства", "Руководитель центра: Дмитрий Сидоров", "Центр функционирует с 2010 г.", "Это структура НИУ ВШЭ – Нижний Новгород профессионально занимающаяся вопросами развития предпринимательства на комплексной основе.Миссия центра: способствовать развитию и реализации предпринимательской активности преподавателей, сотрудников, студентов НИУ ВШЭ – Нижний Новгород и других заинтересованных лиц, созданию инновационной инфраструктуры университета, а также выведению предпринимательской деятельности в регионе на качественно новый уровень.", "Цели:", "Повысить уровень профессиональной подготовки кадров в области предпринимательства (в первую очередь инновационного)", "Сформировать и развивать партнерскую сеть с целью создания условий для коммерциализации инновационных разработок", "Способствовать созданию инновационной экосистемы", "Подготовить кадры занимающиеся предпринимательством", "Создать сеть успешных спин-офф компаний НИУ ВШЭ", "Инструменты:", "Авторские образовательные программы в сфере предпринимательства и ведения бизнеса", "Консалтинг в области привлечения инвестиций, инноваций, маркетинга и продаж", "Мероприятия по вовлечению молодежи в предпринимательскую деятельность", "Консалтинговый центр", "Руководитель центра: профессор М.В. Плотников", "Центр функционирует с 2016 г.", "Основная задача этого проекта – объединить компетенции ведущих сотрудников факультета по развитию организаций.", "В настоящее время в Консалтинговом центре ведется работа по 7 базовым направлениям:", "1. Формализация и регламентация бизнес-процессов", "2. Разработка систем показателей деятельности", "3. Разработка бизнес-планов", "4. Бизнес-моделирование и оценка стоимости бизнеса", "5. Проведение обзорных маркетинговых исследований", "6. Тестирование рыночной привлекательности продукта", "7. Разработка пакета франчайзинговой документации", "Центр ориентирован преимущественно на работу с организациями среднего и крупного бизнеса Приволжского Федерального округа.", "В проекты центра активно вовлекаются студенты, для которых это хорошая возможность получить реальный практический опыт работы в проектах организационного развития, собрать материал для курсовых, выпускных квалификационных и научных работ, а также заработать на интеллектуальном труд."]}