{"title": "Мониторинговые исследования — Национальный исследовательский университет «Высшая школа экономики»", "description": "", "url": "https://www.hse.ru/monitoring/", "data": [{"level": "1", "text": "Мониторинговые исследования", "response": []}, {"level": "2", "text": "Центр конъюнктурных исследований ИСИЭЗ НИУ ВШЭ выпустил информационный обзор - «Тенденции импортозамещения в промышленности в 2023-2024 гг.»", "response": ["В обзоре представлены отдельные результаты ежегодного конъюнктурного мониторинга цифровой активности промышленных предприятий России, характеризующие актуальные тенденции импортозамещения в подотраслях промышленности.", "Наукамониторинги", "26 апреля"]}, {"level": "2", "text": "Центр конъюнктурных исследований ИСИЭЗ НИУ ВШЭ выпустил информационный обзор – «Деловая активность туристических и санаторно-курортных организаций России: развитие внутреннего, выездного и въездного туризма в мае-июле 2024 г.»", "response": ["Информационный обзор характеризует ключевые тенденции, сложившиеся в туристической отрасли, а также организациях, оказывающих санаторно-курортные услуги по итогам I квартала 2024 г. Также представлены краткосрочные тенденции внутреннего, выездного и въездного туризма, ожидаемые респондентами в мае-июле 2024 г.", "Наукамониторинги", "24 апреля"]}, {"level": "2", "text": "Центр конъюнктурных исследований ИСИЭЗ НИУ ВШЭ выпустил информационно-аналитический материал «Деловая активность российской промышленности в марте 2024 года»", "response": ["Анализ делового климата в отрасли основан на результатах опросов руководителей более 4,5 тыс. крупных и средних промышленных предприятий, в ежемесячном режиме проводимых Росстатом.", "Наукамониторинги", "18 апреля"]}, {"level": "2", "text": "Центр конъюнктурных исследований ИСИЭЗ НИУ ВШЭ выпустил информационно-аналитический материал «Деловая активность российской промышленности в феврале 2024 года»", "response": ["Анализ делового климата в отрасли основан на результатах опросов руководителей более 4,5 тыс. крупных и средних промышленных предприятий, в ежемесячном режиме проводимых Росстатом.", "Наукамониторинги", "18 апреля"]}, {"level": "2", "text": "Центр конъюнктурных исследований ИСИЭЗ НИУ ВШЭ выпустил информационный обзор «Инвестиции промышленности в «зеленые» технологии: тренды GreenTech-направлений в 2023-2024 гг.»", "response": ["Центр конъюнктурных исследований выпустил информационный обзор, содержащий отдельные результаты ежегодного конъюнктурного мониторинга цифровой активности промышленных предприятий России, характеризующие актуальные тенденции эко-инвестирования, восприятия респондентов (руководителей/менеджеров промышленных предприятий) различных выгод от внедрения эко-технологий, а также уровень экосертификации в подотраслях промышленности и отдельных регионах.", "Наукамониторинги", "11 апреля"]}, {"level": "2", "text": "Центр конъюнктурных исследований ИСИЭЗ НИУ ВШЭ выпустил информационный обзор «Тенденции инвестиционной активности промышленности в цифровое и технологическое развитие в 2023 г.»", "response": ["В работе отражены ключевые тенденции инвестиционной активности в цифровое и технологическое развитие, сложившиеся в отраслях промышленности в 2023 г.Информационной базой исследования выступили результаты пилотного обследования более 1.0 тыс. инвестиционно-активных промышленных организаций из 30 субъектов Российской Федерации, проведенного в 2023 г. по заказу НИУ ВШЭ АНО ИИЦ «Статистика России».", "Наукамониторинги", "29 марта"]}, {"level": "2", "text": "Центр конъюнктурных исследований ИСИЭЗ НИУ ВШЭ выпустил информационный обзор «Тенденции интернет-продаж в розничной и оптовой торговле по итогам 2023 г.»", "response": ["Проанализированы ключевые тенденции продаж через сеть «Интернет» в розничной и оптовой торговле, сложившиеся по итогам 2023 г. Работа базируется на результатах опросов более 10 тыс. руководителей торговых организаций из 82 субъектов Российской Федерации, проводимых в ежеквартальном режиме Федеральной службой государственной статистики.", "Наукамониторинги", "28 марта"]}, {"level": "2", "text": "Центр конъюнктурных исследований ИСИЭЗ НИУ ВШЭ выпустил информационно-аналитический материал «Прогноз деловых настроений бизнеса. Эффективность двухлетнего восстановления промышленности и сферы услуг в условиях структурной трансформации»", "response": ["В информационном обзоре представлены краткосрочные прогнозные деловые настроения предприятий и организаций отраслей экономики России совокупный вклад в ВВП которых составляет более 60%. Отражены планы респондентов на январь-апрель, сформированные в IV кв. 2023 г. Рассмотрена эффективность восстановления экономической активности промышленности и сферы услуг, достигнутая по итогам 2023 г. на различных этапах делового цикла относительно IV кв. 2021 г.", "Наукамониторинги", "14 марта"]}, {"level": "2", "text": "Центр конъюнктурных исследований ИСИЭЗ НИУ ВШЭ выпустил информационно-аналитический материал «Деловой климат в строительстве в IV квартале 2023 года»", "response": ["Центр конъюнктурных исследований ИСИЭЗ НИУ ВШЭ выпустил информационно-аналитический материал «Деловой климат в строительстве в IV квартале 2023 года», в котором представлены результаты производственной и финансово-экономической деятельности строительного сегмента и динамика основных композитных индикаторов отраслевого развития – Индекса предпринимательской уверенности (ИПУ), Индекса делового климата (ИДК), Индекса рискоустойчивости (ИРУ), Индекса бизнес-потенциала (ИБП).", "Наукамониторинги", "29 февраля"]}, {"level": "2", "text": "Центр конъюнктурных исследований ИСИЭЗ НИУ ВШЭ выпустил методологический материал «Методология мониторинга избытка рабочей силы на отраслевых рынках труда»", "response": ["В работе представлена методика построения Индекса избытка рабочей силы (ИИРС) на отраслевых рынках труда для осуществления регулярного мониторинга. Впервые отражены эмпирические результаты анализа динамики ИИРС в отраслях промышленности с января 2017 г. по декабрь 2023 г., включая детализацию значений индекса для средне- и высокотехнологичных, а также низкотехнологичных отраслей.", "Наукамониторинги", "19 февраля"]}], "links": ["https://www.hse.ru/data/2024/02/19/2081450282/Early_composite_indice_2024.pdf", "https://www.hse.ru/data/2024/02/29/2082992974/DK_Stroitelstvo_4Q2023.pdf", "https://www.hse.ru/data/2024/03/14/2087039920/Early_composite_indice_1Q2024.pdf", "https://www.hse.ru/data/2024/03/28/2141216024/DK_trade_4Q2023.pdf", "https://www.hse.ru/data/2024/03/29/2142027478/Investment_activity_2023.pdf", "https://www.hse.ru/data/2024/04/11/2145539416/Digital_industry_1Q2024.pdf", "https://www.hse.ru/data/2024/04/18/2131042671/Industry_02.2024.pdf", "https://www.hse.ru/data/2024/04/18/2131044096/Industry_03.2024.pdf", "https://www.hse.ru/monitoring/news/", "https://www.hse.ru/monitoring/news/917479520.html", "https://www.hse.ru/monitoring/news/917984529.html", "https://www.hse.ru/monitoring/news/page10.html", "https://www.hse.ru/monitoring/news/page11.html", "https://www.hse.ru/monitoring/news/page12.html", "https://www.hse.ru/monitoring/news/page13.html", "https://www.hse.ru/monitoring/news/page14.html", "https://www.hse.ru/monitoring/news/page15.html", "https://www.hse.ru/monitoring/news/page16.html", "https://www.hse.ru/monitoring/news/page17.html", "https://www.hse.ru/monitoring/news/page18.html", "https://www.hse.ru/monitoring/news/page19.html", "https://www.hse.ru/monitoring/news/page2.html", "https://www.hse.ru/monitoring/news/page20.html", "https://www.hse.ru/monitoring/news/page3.html", "https://www.hse.ru/monitoring/news/page4.html", "https://www.hse.ru/monitoring/news/page5.html", "https://www.hse.ru/monitoring/news/page6.html", "https://www.hse.ru/monitoring/news/page7.html", "https://www.hse.ru/monitoring/news/page8.html", "https://www.hse.ru/monitoring/news/page9.html", "https://www.hse.ru/monitoring/news/page91.html", "https://www.hse.ru/monitoring/news/science/", "https://www.hse.ru/monitoring/news/tags/monitoring/"], "text": ["НовостиВсе новостиНаукаРасширенный поиск новостей", "26апр2024Центр конъюнктурных исследований ИСИЭЗ НИУ ВШЭ выпустил информационный обзор - «Тенденции импортозамещения в промышленности в 2023-2024 гг.»В обзоре представлены отдельные результаты ежегодного конъюнктурного мониторинга цифровой активности промышленных предприятий России, характеризующие актуальные тенденции импортозамещения в подотраслях промышленности.Наукамониторинги26 апреля24апр2024Центр конъюнктурных исследований ИСИЭЗ НИУ ВШЭ выпустил информационный обзор – «Деловая активность туристических и санаторно-курортных организаций России: развитие внутреннего, выездного и въездного туризма в мае-июле 2024 г.»Информационный обзор характеризует ключевые тенденции, сложившиеся в туристической отрасли, а также организациях, оказывающих санаторно-курортные услуги по итогам I квартала 2024 г. Также представлены краткосрочные тенденции внутреннего, выездного и въездного туризма, ожидаемые респондентами в мае-июле 2024 г.Наукамониторинги24 апреля18апр2024Центр конъюнктурных исследований ИСИЭЗ НИУ ВШЭ выпустил информационно-аналитический материал «Деловая активность российской промышленности в марте 2024 года»Анализ делового климата в отрасли основан на результатах опросов руководителей более 4,5 тыс. крупных и средних промышленных предприятий, в ежемесячном режиме проводимых Росстатом.Наукамониторинги18 апреля18апр2024Центр конъюнктурных исследований ИСИЭЗ НИУ ВШЭ выпустил информационно-аналитический материал «Деловая активность российской промышленности в феврале 2024 года»Анализ делового климата в отрасли основан на результатах опросов руководителей более 4,5 тыс. крупных и средних промышленных предприятий, в ежемесячном режиме проводимых Росстатом.Наукамониторинги18 апреля11апр2024Центр конъюнктурных исследований ИСИЭЗ НИУ ВШЭ выпустил информационный обзор «Инвестиции промышленности в «зеленые» технологии: тренды GreenTech-направлений в 2023-2024 гг.»Центр конъюнктурных исследований выпустил информационный обзор, содержащий отдельные результаты ежегодного конъюнктурного мониторинга цифровой активности промышленных предприятий России, характеризующие актуальные тенденции эко-инвестирования, восприятия респондентов (руководителей/менеджеров промышленных предприятий) различных выгод от внедрения эко-технологий, а также уровень экосертификации в подотраслях промышленности и отдельных регионах.Наукамониторинги11 апреля29мар2024Центр конъюнктурных исследований ИСИЭЗ НИУ ВШЭ выпустил информационный обзор «Тенденции инвестиционной активности промышленности в цифровое и технологическое развитие в 2023 г.»В работе отражены ключевые тенденции инвестиционной активности в цифровое и технологическое развитие, сложившиеся в отраслях промышленности в 2023 г.Информационной базой исследования выступили результаты пилотного обследования более 1.0 тыс. инвестиционно-активных промышленных организаций из 30 субъектов Российской Федерации, проведенного в 2023 г. по заказу НИУ ВШЭ АНО ИИЦ «Статистика России». Наукамониторинги29 марта28мар2024Центр конъюнктурных исследований ИСИЭЗ НИУ ВШЭ выпустил информационный обзор «Тенденции интернет-продаж в розничной и оптовой торговле по итогам 2023 г.»Проанализированы ключевые тенденции продаж через сеть «Интернет» в розничной и оптовой торговле, сложившиеся по итогам 2023 г. Работа базируется на результатах опросов более 10 тыс. руководителей торговых организаций из 82 субъектов Российской Федерации, проводимых в ежеквартальном режиме Федеральной службой государственной статистики.Наукамониторинги28 марта14мар2024Центр конъюнктурных исследований ИСИЭЗ НИУ ВШЭ выпустил информационно-аналитический материал «Прогноз деловых настроений бизнеса. Эффективность двухлетнего восстановления промышленности и сферы услуг в условиях структурной трансформации»В информационном обзоре представлены краткосрочные прогнозные деловые настроения предприятий и организаций отраслей экономики России совокупный вклад в ВВП которых составляет более 60%. Отражены планы респондентов на январь-апрель, сформированные в IV кв. 2023 г. Рассмотрена эффективность восстановления экономической активности промышленности и сферы услуг, достигнутая по итогам 2023 г. на различных этапах делового цикла относительно IV кв. 2021 г.Наукамониторинги14 марта29фев2024Центр конъюнктурных исследований ИСИЭЗ НИУ ВШЭ выпустил информационно-аналитический материал «Деловой климат в строительстве в IV квартале 2023 года»Центр конъюнктурных исследований ИСИЭЗ НИУ ВШЭ выпустил информационно-аналитический материал «Деловой климат в строительстве в IV квартале 2023 года», в котором представлены результаты производственной и финансово-экономической деятельности строительного сегмента и динамика основных композитных индикаторов отраслевого развития – Индекса предпринимательской уверенности (ИПУ), Индекса делового климата (ИДК), Индекса рискоустойчивости (ИРУ), Индекса бизнес-потенциала (ИБП).Наукамониторинги29 февраля19фев2024Центр конъюнктурных исследований ИСИЭЗ НИУ ВШЭ выпустил методологический материал «Методология мониторинга избытка рабочей силы на отраслевых рынках труда»В работе представлена методика построения Индекса избытка рабочей силы (ИИРС) на отраслевых рынках труда для осуществления регулярного мониторинга. Впервые отражены эмпирические результаты анализа динамики ИИРС в отраслях промышленности с января 2017 г. по декабрь 2023 г., включая детализацию значений индекса для средне- и высокотехнологичных, а также низкотехнологичных отраслей.Наукамониторинги19 февраляПоказать еще…1234567891011121314151617181920...91"]}