{"title": "Высшая школа юриспруденции и администрирования – Национальный исследовательский университет «Высшая школа экономики»", "description": "", "url": "https://law.hse.ru/", "data": [{"level": "1", "text": "Высшая школа юриспруденции и администрирования НИУ ВШЭ", "response": ["Discover! Ascend! Thrive! Explore!", "‍‍"]}, {"level": "2", "text": "Открыт набор на программы бизнес-образования", "response": ["2024/2025 учебный год"]}, {"level": "2", "text": "Открыт набор в магистратуру", "response": ["2024/2026 учебный год"]}, {"level": "2", "text": "Executive Master of Management in Law «Директор юридической службы: партнер в цифровой трансформации и развитии бизнеса»", "response": []}, {"level": "2", "text": "Наши программы", "response": ["Программа Doctor", "Программы Executive Master", "Программы Master", "Программы по юриспруденции и юридическому менеджменту", "Программы по управлению персоналом", "Программы по комплаенсу и этике бизнеса", "Программы по спортивному менеджменту", "Программы по фитнес-менеджменту", "Программы магистратуры"]}, {"level": "2", "text": "Наши институты", "response": ["Институт юридического менеджмента", "Институт кадрового администрирования", "Институт спортивного менеджмента и права", "Институт комплаенса и этики бизнеса"]}, {"level": "2", "text": "Новости", "response": ["Министр спорта Российской Федерации О. В. Матыцин наградил директора ВШЮА Д. Л. Кузнецова медалью Петра Лесгафта", "Магистерская программа «Международный спортивный менеджмент, маркетинг и право»", "11 апреля", "Мы можем в рутинных функциях заменить юристов искусственным интеллектом", "Высшая школа юриспруденции и администрирования (ВШЮА) НИУ ВШЭ совместно с «Опорой России», компанией «Юридический менеджмент», ассоциацией Link и частной правовой школой «Статут» провела первый форум «Юридический менеджмент и консалтинг».", "Образование", "идеи и опыт", "профессора", "взгляд ученого", "репортаж о событии", "инновации", "онлайн-образование", "второе высшее", "дополнительное образование", "1 апреля", "Спорт после пандемии и санкций: развитие под давлением", "29 февраля в Вышке стартовала юбилейная, Х Международная научно-практическая конференция по спортивному менеджменту и праву. Эксперты, спортсмены, представители государства и индустрии обсуждают развитие национального спорта в новых условиях, вызовы и возможности, международные отношения, новые форматы соревнований.", "Наука", "дискуссии", "исследования и аналитика", "репортаж о событии", "спорт", "Институт спортивного менеджмента и права", "1 марта", "Труд, который вложили коллеги, неоценим", "Профессиональная степень «Доктор юридического администрирования» присвоена адвокатам Владимиру Зайцеву, Елизавете Селезневой и Анастасии Селивановой", "Образование", "выпускники", "онлайн-образование", "второе высшее", "дополнительное образование", "аспирантура", "Институт юридического менеджмента", "13 февраля", "Трансформация систем мотивации в условиях повышения конкуренции на рынке труда", "В Институте кадрового администрирования ВШЮА НИУ ВШЭ состоялся тринадцатый выпуск программы «Руководитель направления стимулирования и оплаты труда (менеджер по компенсациям и льготам)».", "Образование", "выпускники", "студенты", "Институт кадрового администрирования", "9 февраля", "Приоритетная поддержка бизнеса в провинциях Китая", "Артем Семенов - руководитель Программы  «Бизнес с Китаем: организационно-правовое и финансовое сопровождение» в качестве почетного гражданина провинции Цзянсу принял участие во 2-й сессии 14-го собрания Народного Парламента провинции, на которой депутатами был заслушан доклад губернатора провинции г-на Сюй Куньлиня.", "Поступающим", "инновации", "онлайн-образование", "второе высшее", "дополнительное образование", "международное сотрудничество", "23 января", "НИУ ВШЭ и ФК «Спартак-Москва» заключили соглашение о сотрудничестве в научно-образовательной сфере", "Высшая школа экономики и футбольный клуб «Спартак-Москва» договорились о сотрудничестве. Эксперты клуба примут участие в реализации магистерской программы Высшей школы юриспруденции и администрирования (ВШЮА) НИУ ВШЭ «Международный спортивный менеджмент, маркетинг и право».", "Образование", "новое в ВШЭ", "магистратура", "27 декабря, 2023 г.", "Высшая школа юриспруденции и администрирования НИУ ВШЭ отметила 15-летие", "В 2008 году в Вышке была открыта первая в России специализированная юридическая бизнес-школа. Сегодня она называется Высшей школой юриспруденции и администрирования (ВШЮА), в ее состав входят четыре института. За эти годы здесь успешно реализовано 180 программ ДПО в области юриспруденции, менеджмента и управления персоналом. Реализуются четыре магистерские программы, основанные на сплаве самых передовых юридических, управленческих и деловых технологий.", "Образование", "достижения", "репортаж о событии", "дополнительное образование", "25 декабря, 2023 г.", "Вице-президент НОСТРОЙ Антон Мороз принял участие во II Всероссийской отраслевой конференции «Строительное право и юридический менеджмент»", "28 ноября 2023 года на площадке Центра событий РБК прошла II Всероссийская отраслевая конференция «Строительное право и юридический менеджмент». Она собрала ведущих экспертов-практиков в области строительного права, представителей бизнеса и государственного сектора.Началось мероприятие с заключения Соглашения о сотрудничестве между Национальным объединением строителей (НОСТРОЙ) и Высшей школой юриспруденции и администрирования НИУ ВШЭ.", "Общество", "28 ноября, 2023 г.", "Программа профессиональной переподготовки “Спортивный директор” – гимнастика для ума", "В октябре 2023 года в Институте спортивного менеджмента и права ВШЮА  стартовал второй цикл программы профессиональной переподготовки “Спортивный директор”, единственной в нашей стране программы, ориентированной на комплексный подход к функционалу спортивного директора.", "Образование", "профессора", "студенты", "онлайн-образование", "спорт", "второе высшее", "дополнительное образование", "Институт спортивного менеджмента и права", "28 ноября, 2023 г.", "Корпорация обрела двух новых докторов юридического администрирования", "21 ноября в зале заседаний Совета Федеральной палаты адвокатов РФ состоялась защита докторантов совместной программы дополнительного профессионального образования Высшей школы юриспруденции и администрирования НИУ ВШЭ (далее – ВШЮА НИУ ВШЭ) и ФПА РФ «Доктор юридического администрирования: управление адвокатским бизнесом».", "выпускники", "репортаж о событии", "инновации", "онлайн-образование", "второе высшее", "дополнительное образование", "21 ноября, 2023 г.", "I Форум юридических инноваций ВШЮА ВШЭ – Link: намечены пути трансформации систем управления правовыми функциями компаний", "Форум приурочен сразу к нескольким датам - к 30-летию Высшей школы экономики, 15-летию Высшей школы юриспруденции и администрирования и первой годовщине запуска программы по юридическому менеджменту для лидеров юридической функции. Соорганизатором Форума выступило Сообщество Link, информационным партнером - ZAKON.RU.", "Экспертиза", "идеи и опыт", "профессора", "дискуссии", "экспертиза", "репортаж о событии", "инновации", "онлайн-образование", "второе высшее", "дополнительное образование", "21 ноября, 2023 г.", "Поздравляем коллег с окончанием обучения по программе профессиональной переподготовки: «Руководитель службы комплаенс: операционный уровень»", "Институт комплаенса и этики бизнеса ВШЮА НИУ ВШЭ завершил подготовку специалистов в сфере управления комплаенс-службой на операционном уровне II потока программы.", "Поступающим", "студенты", "онлайн-образование", "второе высшее", "дополнительное образование", "Институт комплаенса и этики бизнеса", "15 ноября, 2023 г.", "Образовательная программа по персональным данным для РУСАЛ", "Институт комплаенса и этики бизнеса ВШЮА НИУ ВШЭ провел корпоративное обучение для сотрудников РУСАЛ по теме «Основы комплаенса в области персональных данных».", "Образование", "онлайн-образование", "второе высшее", "дополнительное образование", "Институт комплаенса и этики бизнеса", "1 ноября, 2023 г.", "Китайская грамота: как наладить бизнес с Поднебесной", "Сотрудничество с китайскими партнерами во всех сферах экономики выходит на новый качественный уровень. Вместе с тем у российских предпринимателей зачастую не хватает знаний об особенностях ведения бизнеса с Китаем. Как решить эту и укрепить двустороннее партнерство шла речь на форуме в ВШЭ «Россия — Китай: бизнес в многополярном мире»", "репортаж о событии", "онлайн-образование", "дополнительное образование", "3 октября, 2023 г.", "Ушла из жизни профессор Елена Истягина-Елисеева", "Она прожила всего 46 лет, но за это время успела сделать многое", "Вышка для своих", "28 сентября, 2023 г.", "Рустам Махмутов: \"Главное - всегда иметь мотивацию\"", "Коммерческий директор ФК «Спартак», выпускник Вышки Рустам Махмутов дал развернутое интервью руководителю программы «Спортивный маркетинг и брендинг: практический курс» Алексею Савуле.", "Образование", "выпускники", "онлайн-образование", "спорт", "второе высшее", "дополнительное образование", "Институт спортивного менеджмента и права", "27 сентября, 2023 г.", "В НИУ ВШЭ пройдет первый международный форум «Россия — Китай: бизнес в многополярном мире»", "Эксперты из России и Китая обсудят новые вызовы и возможности делового сотрудничества двух стран, в том числе с использованием передовых цифровых технологий. Мероприятие пройдет 28 сентября в Центре культур НИУ ВШЭ. Форум предполагается проводить ежегодно.", "Образование", "приглашение к участию", "международное сотрудничество", "Китай", "цифровые технологии", "20 сентября, 2023 г.", "Андрей Иванович Денисов: «В ВШЭ мне не хотелось бы быть свадебным генералом»", "19 сентября на портале IZ.RU опубликовано интервью «Китайский мирный план содержит реалистические элементы» с председателем наблюдательного совета программы ExecutiveMaster «Бизнес с Китаем», сенатором, Чрезвычайным и полномочным послом Российской Федерации в Китайской Народной Республике (2013-2022) Андреем Ивановичем Денисовым. Интервью взяла Наталия Портякова. Предлагаем Вашему вниманию фрагмент, посвященный развитию российско-китайского  направления в ВШЭ.", "Образование", "онлайн-образование", "второе высшее", "дополнительное образование", "19 сентября, 2023 г.", "«Корпоративный комплаенс обеспечивает стабильность компании в долгосрочной перспективе»", "Что такое современный комплаенс, почему компании нуждаются в специалистах по комплаенсу и как это направление связано с профессией юриста? Об этом в интервью рассказал Дмитрий Хейло — управляющий директор управления комплаенс ПАО «Сбербанк», профессор Высшей школы юриспруденции и администрирования НИУ ВШЭ, ведущий преподаватель магистерской программы «Международный корпоративный комплаенс и этика бизнеса» Института комплаенса и этики бизнеса ВШЮА НИУ ВШЭ.", "Образование", "приглашение к участию", "магистратура", "Институт комплаенса и этики бизнеса", "13 сентября, 2023 г.", "Секрет успеха или «Гуаньси, гуаньси, хайши гуаньси»", "Семенов А. А., академический руководитель программы «Executive Master in Foreign Economic Activity Management «Бизнес с Китаем: организационно-правовое и финансовое сопровождение»", "Образование", "взгляд ученого", "экспертиза", "инновации", "онлайн-образование", "второе высшее", "дополнительное образование", "международное сотрудничество", "11 сентября, 2023 г.", "В Высшей школе экономики в пятый раз прошла Летняя школа по спортивному менеджменту и праву", "В работе школы приняли участие 43 слушателя из разных регионов страны. Среди них были сотрудники различных спортивных организаций и компаний и студенты ведущих отечественных вузов. В рамках школы прошли лекции, семинары, мастер-классы ведущих экспертов спортивной индустрии, а также состоялась конференция с участием известнейших спортсменов и тренеров, таких как Юрий Семин и Владимир Габулов.", "Образование", "Институт спортивного менеджмента и права", "21 августа, 2023 г.", "Алексей Савула: «Уверен, что в спортивном маркетинге у нас впереди еще много фантастически интересных и захватывающих проектов»", "Алексей Савула - руководитель авторской программы бизнес-образования «Спортивный маркетинг и брендинг: практический курс» дал свое первое развернутое интервью порталу ВШЭ.", "Поступающим", "профессора", "онлайн-образование", "спорт", "второе высшее", "дополнительное образование", "Институт спортивного менеджмента и права", "7 августа, 2023 г.", "Коммерческие магистратуры позволяют собирать фантастические по компетенциям ансамбли преподавателей", "Ординарный профессор, директор ВШЮА НИУ ВШЭ, председатель Экспертного совета по профессиональным квалификациям Комитета Государственной Думы по науке и высшему образованию, член Совета Российской ассоциации бизнес-образования (РАБО), DBA Дмитрий Левонович Кузнецов дал развернутое интервью порталу ВШЭ.", "Поступающим", "профессора", "приглашение к участию", "магистратура", "Магистерская программа «Международный корпоративный комплаенс и этика бизнеса»", "2 августа, 2023 г.", "Представляем академического руководителя программы «Корпоративный бизнес-тренер» - Кузнецова Дмитрия Левоновича", "Поступающим", "профессора", "онлайн-образование", "второе высшее", "дополнительное образование", "29 июля, 2023 г.", "Директор ВШЮА Кузнецов Д.Л. награжден высокой государственной наградой", "Общество", "достижения", "репортаж о событии", "21 июля, 2023 г.", "Команда молодости нашей!", "В Государственном музее спорта прошли Торжества, посвященные 100-летию Министерства спорта России, 100-летию Московского спорта, 30-летию Вышки, 15-летию Высшей школы юриспруденции и администрирования и 5-летию магистерской программы «Международный спортивный менеджмент и маркетинг» ВШЮА НИУ ВШЭ. В рамках Торжеств состоялась Церемония награждения выпускников – 2023.", "Образование", "выпускники", "профессора", "студенты", "репортаж о событии", "спорт", "магистратура", "второе высшее", "18 июля, 2023 г.", "Эволюция глобального внешнеполитического дискурса Китая в 21 веке", "В издательстве Ethics Press (Великобритания, Лондон) вышла книга доктора социологических наук, члена Президиума Совета по внешней и оборонной политике, административного руководителя программы Executive Master “Бизнес с Китаем» ВШЮА НИУ ВШЭ Натальи Борисовны Помозовой «Эволюция глобального внешнеполитического дискурса Китая в 21 в.».", "Экспертиза", "профессора", "взгляд ученого", "экспертиза", "онлайн-образование", "второе высшее", "дополнительное образование", "18 июля, 2023 г.", "«Поворот на Восток» требует от бизнеса особых компетенций", "Интервью с Артемом Семеновым - профессиональным китаеведом с 27 летней практикой  сотрудничества с КНР, академическим руководителем программы НИУ «Высшая школа экономики» «Бизнес с Китаем: организационно-правовое и финансовое обеспечение»", "Поступающим", "профессора", "экспертиза", "онлайн-образование", "второе высшее", "дополнительное образование", "международное сотрудничество", "10 июля, 2023 г.", "Профессиональные стандарты в спорте и их актуализация", "Экспертиза", "идеи и опыт", "репортаж о событии", "магистратура", "дополнительное образование", "Институт спортивного менеджмента и права", "3 июля, 2023 г.", "Еще новости"]}, {"level": "2", "text": "Контакты", "response": ["Тел.:", "+7 (495) 951-06-62", "+7 (495) 772-95-90 (доб. 15816, 15818)", "+7 (916) 028-11-33 (моб.).", "E-mail:", "evalekseeva@hse.ru; mmoiseeva@hse.ru;", "Адрес:", "109028 Москва, Покровский бульвар д.11, офис Т 704"]}, {"level": "2", "text": "V Ежегодная летняя школа по спортивному менеджменту и праву", "response": ["V Ежегодная летняя школа по спортивному менеджменту и праву в новом ONLINE формате", "4-6 июля 2023 года Высшая школа юриспруденции и администрирования НИУ ВШЭ совместно третью ежегодную Летнюю школу по спортивному менеджменту.", "Портрет слушателя школы — действующие и будущие специалисты в сфере спорта с различными компетенциями от организаторов до спортивных data-аналитиков, а также всех тех, кто когда-либо мечтал связать свою профессиональную карьеру с миром спорта. Особый акцент — на бакалавриат, магистратуру, аспирантуру и молодых преподавателей."]}], "links": ["https://law.hse.ru/compliance/", "https://law.hse.ru/compliance/news/859323032.html", "https://law.hse.ru/compliance/news/873079818.html", "https://law.hse.ru/compliance/news/873085538.html", "https://law.hse.ru/dla/", "https://law.hse.ru/dls/", "https://law.hse.ru/education", "https://law.hse.ru/legal/", "https://law.hse.ru/legal/news/896262524.html", "https://law.hse.ru/news/845658788.html", "https://law.hse.ru/news/847283643.html", "https://law.hse.ru/news/847414195.html", "https://law.hse.ru/news/847838926.html", "https://law.hse.ru/news/849949135.html", "https://law.hse.ru/news/858681687.html", "https://law.hse.ru/news/860526463.html", "https://law.hse.ru/news/860814703.html", "https://law.hse.ru/news/863752902.html", "https://law.hse.ru/news/879617130.html", "https://law.hse.ru/news/879643119.html", "https://law.hse.ru/news/879649772.html", "https://law.hse.ru/news/882786140.html", "https://law.hse.ru/news/899959057.html", "https://law.hse.ru/news/910705384.html", "https://law.hse.ru/news/admission/", "https://law.hse.ru/news/community/", "https://law.hse.ru/news/edu/", "https://law.hse.ru/news/expertise/", "https://law.hse.ru/news/keywords/4470139/", "https://law.hse.ru/news/keywords/66892661/", "https://law.hse.ru/news/ou/211615079/", "https://law.hse.ru/news/ou/263117111/", "https://law.hse.ru/news/ou/312390333/", "https://law.hse.ru/news/ou/376053787/", "https://law.hse.ru/news/ou/376066199/", "https://law.hse.ru/news/ou/376068815/", "https://law.hse.ru/news/ou/376069860/", "https://law.hse.ru/news/page2.html", "https://law.hse.ru/news/science/", "https://law.hse.ru/news/tags/2grd/", "https://law.hse.ru/news/tags/achievements/", "https://law.hse.ru/news/tags/alumni/", "https://law.hse.ru/news/tags/asp/", "https://law.hse.ru/news/tags/discus/", "https://law.hse.ru/news/tags/eduaddon/", "https://law.hse.ru/news/tags/erep/", "https://law.hse.ru/news/tags/expert/", "https://law.hse.ru/news/tags/innovat/", "https://law.hse.ru/news/tags/intcoop/", "https://law.hse.ru/news/tags/inv/", "https://law.hse.ru/news/tags/mag/", "https://law.hse.ru/news/tags/newhse/", "https://law.hse.ru/news/tags/online/", "https://law.hse.ru/news/tags/practice/", "https://law.hse.ru/news/tags/prof/", "https://law.hse.ru/news/tags/resanl/", "https://law.hse.ru/news/tags/sport/", "https://law.hse.ru/news/tags/stud/", "https://law.hse.ru/news/tags/view/", "https://law.hse.ru/personnel/", "https://law.hse.ru/personnel/news/895076145.html", "https://law.hse.ru/sport/", "https://law.hse.ru/sport/news/844138924.html", "https://law.hse.ru/sport/news/854386273.html", "https://law.hse.ru/sport/news/854449387.html", "https://law.hse.ru/sport/news/862355735.html", "https://law.hse.ru/sport/news/876098016.html", "https://law.hse.ru/sport/news/904198713.html", "https://law.hse.ru/sumschool/2023/", "https://www.hse.ru/edu/dpo/821164493", "https://www.hse.ru/edu/dpo/869408730", "https://www.hse.ru/edu/dpo/883049278", "https://www.hse.ru/ma/finlaw/", "https://www.hse.ru/ma/insport/", "https://www.hse.ru/ma/insport/news/913677284.html", "https://www.hse.ru/ma/intercomp/", "https://www.hse.ru/ma/intercomp/news/850459233.html", "https://www.hse.ru/ma/sportslaw/", "https://www.hse.ru/our/news/862643730.html"], "text": ["Наши программы", "Программа Doctor", "Программы Executive Master", "Программы Master", "Программы по юриспруденции и юридическому менеджменту", "Программы по управлению персоналом", "Программы по комплаенсу и этике бизнеса", "Программы по спортивному менеджменту", "Программы по фитнес-менеджменту", "Программы магистратуры", "Все программы", "Наши институты", "Институт юридического менеджмента", "Институт кадрового администрирования", "Институт спортивного менеджмента и права", "Институт комплаенса и этики бизнеса", "Новости", "Министр спорта Российской Федерации О. В. Матыцин наградил директора ВШЮА Д. Л. Кузнецова медалью Петра Лесгафта", "Магистерская программа «Международный спортивный менеджмент, маркетинг и право»", "11 апреля", "Мы можем в рутинных функциях заменить юристов искусственным интеллектом", "Высшая школа юриспруденции и администрирования (ВШЮА) НИУ ВШЭ совместно с «Опорой России», компанией «Юридический менеджмент», ассоциацией Link и частной правовой школой «Статут» провела первый форум «Юридический менеджмент и консалтинг».", "Образование", "идеи и опыт", "профессора", "взгляд ученого", "репортаж о событии", "инновации", "онлайн-образование", "второе высшее", "дополнительное образование", "1 апреля", "Спорт после пандемии и санкций: развитие под давлением", "29 февраля в Вышке стартовала юбилейная, Х Международная научно-практическая конференция по спортивному менеджменту и праву. Эксперты, спортсмены, представители государства и индустрии обсуждают развитие национального спорта в новых условиях, вызовы и возможности, международные отношения, новые форматы соревнований.", "Наука", "дискуссии", "исследования и аналитика", "репортаж о событии", "спорт", "Институт спортивного менеджмента и права", "1 марта", "Труд, который вложили коллеги, неоценим", "Профессиональная степень «Доктор юридического администрирования» присвоена адвокатам Владимиру Зайцеву, Елизавете Селезневой и Анастасии Селивановой", "Образование", "выпускники", "онлайн-образование", "второе высшее", "дополнительное образование", "аспирантура", "Институт юридического менеджмента", "13 февраля", "Трансформация систем мотивации в условиях повышения конкуренции на рынке труда", "В Институте кадрового администрирования ВШЮА НИУ ВШЭ состоялся тринадцатый выпуск программы «Руководитель направления стимулирования и оплаты труда (менеджер по компенсациям и льготам)».", "Образование", "выпускники", "студенты", "Институт кадрового администрирования", "9 февраля", "Приоритетная поддержка бизнеса в провинциях Китая", "Артем Семенов - руководитель Программы  «Бизнес с Китаем: организационно-правовое и финансовое сопровождение» в качестве почетного гражданина провинции Цзянсу принял участие во 2-й сессии 14-го собрания Народного Парламента провинции, на которой депутатами был заслушан доклад губернатора провинции г-на Сюй Куньлиня.", "Поступающим", "инновации", "онлайн-образование", "второе высшее", "дополнительное образование", "международное сотрудничество", "23 января", "НИУ ВШЭ и ФК «Спартак-Москва» заключили соглашение о сотрудничестве в научно-образовательной сфере", "Высшая школа экономики и футбольный клуб «Спартак-Москва» договорились о сотрудничестве. Эксперты клуба примут участие в реализации магистерской программы Высшей школы юриспруденции и администрирования (ВШЮА) НИУ ВШЭ «Международный спортивный менеджмент, маркетинг и право».", "Образование", "новое в ВШЭ", "магистратура", "27 декабря, 2023 г.", "Высшая школа юриспруденции и администрирования НИУ ВШЭ отметила 15-летие", "В 2008 году в Вышке была открыта первая в России специализированная юридическая бизнес-школа. Сегодня она называется Высшей школой юриспруденции и администрирования (ВШЮА), в ее состав входят четыре института. За эти годы здесь успешно реализовано 180 программ ДПО в области юриспруденции, менеджмента и управления персоналом. Реализуются четыре магистерские программы, основанные на сплаве самых передовых юридических, управленческих и деловых технологий.", "Образование", "достижения", "репортаж о событии", "дополнительное образование", "25 декабря, 2023 г.", "Вице-президент НОСТРОЙ Антон Мороз принял участие во II Всероссийской отраслевой конференции «Строительное право и юридический менеджмент»", "28 ноября 2023 года на площадке Центра событий РБК прошла II Всероссийская отраслевая конференция «Строительное право и юридический менеджмент». Она собрала ведущих экспертов-практиков в области строительного права, представителей бизнеса и государственного сектора.Началось мероприятие с заключения Соглашения о сотрудничестве между Национальным объединением строителей (НОСТРОЙ) и Высшей школой юриспруденции и администрирования НИУ ВШЭ.", "Общество", "28 ноября, 2023 г.", "Программа профессиональной переподготовки “Спортивный директор” – гимнастика для ума", "В октябре 2023 года в Институте спортивного менеджмента и права ВШЮА  стартовал второй цикл программы профессиональной переподготовки “Спортивный директор”, единственной в нашей стране программы, ориентированной на комплексный подход к функционалу спортивного директора.", "Образование", "профессора", "студенты", "онлайн-образование", "спорт", "второе высшее", "дополнительное образование", "Институт спортивного менеджмента и права", "28 ноября, 2023 г.", "Корпорация обрела двух новых докторов юридического администрирования", "21 ноября в зале заседаний Совета Федеральной палаты адвокатов РФ состоялась защита докторантов совместной программы дополнительного профессионального образования Высшей школы юриспруденции и администрирования НИУ ВШЭ (далее – ВШЮА НИУ ВШЭ) и ФПА РФ «Доктор юридического администрирования: управление адвокатским бизнесом».", "выпускники", "репортаж о событии", "инновации", "онлайн-образование", "второе высшее", "дополнительное образование", "21 ноября, 2023 г.", "I Форум юридических инноваций ВШЮА ВШЭ – Link: намечены пути трансформации систем управления правовыми функциями компаний", "Форум приурочен сразу к нескольким датам - к 30-летию Высшей школы экономики, 15-летию Высшей школы юриспруденции и администрирования и первой годовщине запуска программы по юридическому менеджменту для лидеров юридической функции. Соорганизатором Форума выступило Сообщество Link, информационным партнером - ZAKON.RU.", "Экспертиза", "идеи и опыт", "профессора", "дискуссии", "экспертиза", "репортаж о событии", "инновации", "онлайн-образование", "второе высшее", "дополнительное образование", "21 ноября, 2023 г.", "Поздравляем коллег с окончанием обучения по программе профессиональной переподготовки: «Руководитель службы комплаенс: операционный уровень»", "Институт комплаенса и этики бизнеса ВШЮА НИУ ВШЭ завершил подготовку специалистов в сфере управления комплаенс-службой на операционном уровне II потока программы.", "Поступающим", "студенты", "онлайн-образование", "второе высшее", "дополнительное образование", "Институт комплаенса и этики бизнеса", "15 ноября, 2023 г.", "Образовательная программа по персональным данным для РУСАЛ", "Институт комплаенса и этики бизнеса ВШЮА НИУ ВШЭ провел корпоративное обучение для сотрудников РУСАЛ по теме «Основы комплаенса в области персональных данных».", "Образование", "онлайн-образование", "второе высшее", "дополнительное образование", "Институт комплаенса и этики бизнеса", "1 ноября, 2023 г.", "Китайская грамота: как наладить бизнес с Поднебесной", "Сотрудничество с китайскими партнерами во всех сферах экономики выходит на новый качественный уровень. Вместе с тем у российских предпринимателей зачастую не хватает знаний об особенностях ведения бизнеса с Китаем. Как решить эту и укрепить двустороннее партнерство шла речь на форуме в ВШЭ «Россия — Китай: бизнес в многополярном мире»", "репортаж о событии", "онлайн-образование", "дополнительное образование", "3 октября, 2023 г.", "Ушла из жизни профессор Елена Истягина-Елисеева", "Она прожила всего 46 лет, но за это время успела сделать многое", "Вышка для своих", "28 сентября, 2023 г.", "Рустам Махмутов: \"Главное - всегда иметь мотивацию\"", "Коммерческий директор ФК «Спартак», выпускник Вышки Рустам Махмутов дал развернутое интервью руководителю программы «Спортивный маркетинг и брендинг: практический курс» Алексею Савуле.", "Образование", "выпускники", "онлайн-образование", "спорт", "второе высшее", "дополнительное образование", "Институт спортивного менеджмента и права", "27 сентября, 2023 г.", "В НИУ ВШЭ пройдет первый международный форум «Россия — Китай: бизнес в многополярном мире»", "Эксперты из России и Китая обсудят новые вызовы и возможности делового сотрудничества двух стран, в том числе с использованием передовых цифровых технологий. Мероприятие пройдет 28 сентября в Центре культур НИУ ВШЭ. Форум предполагается проводить ежегодно.", "Образование", "приглашение к участию", "международное сотрудничество", "Китай", "цифровые технологии", "20 сентября, 2023 г.", "Андрей Иванович Денисов: «В ВШЭ мне не хотелось бы быть свадебным генералом»", "19 сентября на портале IZ.RU опубликовано интервью «Китайский мирный план содержит реалистические элементы» с председателем наблюдательного совета программы ExecutiveMaster «Бизнес с Китаем», сенатором, Чрезвычайным и полномочным послом Российской Федерации в Китайской Народной Республике (2013-2022) Андреем Ивановичем Денисовым. Интервью взяла Наталия Портякова. Предлагаем Вашему вниманию фрагмент, посвященный развитию российско-китайского  направления в ВШЭ.", "Образование", "онлайн-образование", "второе высшее", "дополнительное образование", "19 сентября, 2023 г.", "«Корпоративный комплаенс обеспечивает стабильность компании в долгосрочной перспективе»", "Что такое современный комплаенс, почему компании нуждаются в специалистах по комплаенсу и как это направление связано с профессией юриста? Об этом в интервью рассказал Дмитрий Хейло — управляющий директор управления комплаенс ПАО «Сбербанк», профессор Высшей школы юриспруденции и администрирования НИУ ВШЭ, ведущий преподаватель магистерской программы «Международный корпоративный комплаенс и этика бизнеса» Института комплаенса и этики бизнеса ВШЮА НИУ ВШЭ.", "Образование", "приглашение к участию", "магистратура", "Институт комплаенса и этики бизнеса", "13 сентября, 2023 г.", "Секрет успеха или «Гуаньси, гуаньси, хайши гуаньси»", "Семенов А. А., академический руководитель программы «Executive Master in Foreign Economic Activity Management «Бизнес с Китаем: организационно-правовое и финансовое сопровождение»", "Образование", "взгляд ученого", "экспертиза", "инновации", "онлайн-образование", "второе высшее", "дополнительное образование", "международное сотрудничество", "11 сентября, 2023 г.", "В Высшей школе экономики в пятый раз прошла Летняя школа по спортивному менеджменту и праву", "В работе школы приняли участие 43 слушателя из разных регионов страны. Среди них были сотрудники различных спортивных организаций и компаний и студенты ведущих отечественных вузов. В рамках школы прошли лекции, семинары, мастер-классы ведущих экспертов спортивной индустрии, а также состоялась конференция с участием известнейших спортсменов и тренеров, таких как Юрий Семин и Владимир Габулов.", "Образование", "Институт спортивного менеджмента и права", "21 августа, 2023 г.", "Алексей Савула: «Уверен, что в спортивном маркетинге у нас впереди еще много фантастически интересных и захватывающих проектов»", "Алексей Савула - руководитель авторской программы бизнес-образования «Спортивный маркетинг и брендинг: практический курс» дал свое первое развернутое интервью порталу ВШЭ.", "Поступающим", "профессора", "онлайн-образование", "спорт", "второе высшее", "дополнительное образование", "Институт спортивного менеджмента и права", "7 августа, 2023 г.", "Коммерческие магистратуры позволяют собирать фантастические по компетенциям ансамбли преподавателей", "Ординарный профессор, директор ВШЮА НИУ ВШЭ, председатель Экспертного совета по профессиональным квалификациям Комитета Государственной Думы по науке и высшему образованию, член Совета Российской ассоциации бизнес-образования (РАБО), DBA Дмитрий Левонович Кузнецов дал развернутое интервью порталу ВШЭ.", "Поступающим", "профессора", "приглашение к участию", "магистратура", "Магистерская программа «Международный корпоративный комплаенс и этика бизнеса»", "2 августа, 2023 г.", "Представляем академического руководителя программы «Корпоративный бизнес-тренер» - Кузнецова Дмитрия Левоновича", "Поступающим", "профессора", "онлайн-образование", "второе высшее", "дополнительное образование", "29 июля, 2023 г.", "Директор ВШЮА Кузнецов Д.Л. награжден высокой государственной наградой", "Общество", "достижения", "репортаж о событии", "21 июля, 2023 г.", "Команда молодости нашей!", "В Государственном музее спорта прошли Торжества, посвященные 100-летию Министерства спорта России, 100-летию Московского спорта, 30-летию Вышки, 15-летию Высшей школы юриспруденции и администрирования и 5-летию магистерской программы «Международный спортивный менеджмент и маркетинг» ВШЮА НИУ ВШЭ. В рамках Торжеств состоялась Церемония награждения выпускников – 2023.", "Образование", "выпускники", "профессора", "студенты", "репортаж о событии", "спорт", "магистратура", "второе высшее", "18 июля, 2023 г.", "Эволюция глобального внешнеполитического дискурса Китая в 21 веке", "В издательстве Ethics Press (Великобритания, Лондон) вышла книга доктора социологических наук, члена Президиума Совета по внешней и оборонной политике, административного руководителя программы Executive Master “Бизнес с Китаем» ВШЮА НИУ ВШЭ Натальи Борисовны Помозовой «Эволюция глобального внешнеполитического дискурса Китая в 21 в.».", "Экспертиза", "профессора", "взгляд ученого", "экспертиза", "онлайн-образование", "второе высшее", "дополнительное образование", "18 июля, 2023 г.", "«Поворот на Восток» требует от бизнеса особых компетенций", "Интервью с Артемом Семеновым - профессиональным китаеведом с 27 летней практикой  сотрудничества с КНР, академическим руководителем программы НИУ «Высшая школа экономики» «Бизнес с Китаем: организационно-правовое и финансовое обеспечение»", "Поступающим", "профессора", "экспертиза", "онлайн-образование", "второе высшее", "дополнительное образование", "международное сотрудничество", "10 июля, 2023 г.", "Профессиональные стандарты в спорте и их актуализация", "Экспертиза", "идеи и опыт", "репортаж о событии", "магистратура", "дополнительное образование", "Институт спортивного менеджмента и права", "3 июля, 2023 г.", "Еще новости", "Программы Executive", "Executive Master in Foreign Economic Activity Management «Бизнес с Китаем: организационно-правовое и финансовое сопровождение»", "Executive Master in Legal Management «Директор юридической службы: партнер в цифровой трансформации и развитии бизнеса»", "Российско-индийское бизнес-партнерство: организационно-правовые аспекты совместной деятельности", "Предпринимательство и стратегическое управление в юридическом бизнесе", "Прикладная магистратура", "Международный корпоративный комплаенс и этика бизнеса", "Юрист мирового финансового рынка", "Международный спортивный менеджмент, маркетинг и право", "Международный спортивный менеджмент, маркетинг и право", "Контакты", "Тел.:", "+7 (495) 951-06-62", "+7 (495) 772-95-90 (доб. 15816, 15818)", "+7 (916) 028-11-33 (моб.).", "E-mail:", "evalekseeva@hse.ru; mmoiseeva@hse.ru;", "Адрес:", "109028 Москва, Покровский бульвар д.11, офис Т 704", "V Ежегодная летняя школа по спортивному менеджменту и праву", "V Ежегодная летняя школа по спортивному менеджменту и праву в новом ONLINE формате", "4-6 июля 2023 года Высшая школа юриспруденции и администрирования НИУ ВШЭ совместно третью ежегодную Летнюю школу по спортивному менеджменту.", "Портрет слушателя школы — действующие и будущие специалисты в сфере спорта с различными компетенциями от организаторов до спортивных data-аналитиков, а также всех тех, кто когда-либо мечтал связать свою профессиональную карьеру с миром спорта. Особый акцент — на бакалавриат, магистратуру, аспирантуру и молодых преподавателей."]}