{"title": "Виды послепечатной обработки — Типография — Национальный исследовательский университет «Высшая школа экономики»", "description": "", "url": "https://print.hse.ru/postpress", "data": [{"level": "2", "text": "Типография", "response": []}, {"level": "1", "text": "Виды послепечатной обработки", "response": ["Послепечатная обработка, или постпресс, – это комплекс манипуляций, осуществляемых в ходе изготовления полиграфической продукции после ее печати. Все виды послепечатной обработки разделяются на две основных категории: к первой категории относятся технологически необходимые виды постпресса, а манипуляции второго типа осуществляются с целью придания готовым полиграфическим изделиям улучшенных декоративных и физических свойств.", "Существуют следующие основные виды послепечатной обработки:", "Резка – процесс разрезания больших рулонных отпечатанных поверхностей на отдельные страницы, листы или другие единицы тиража.", "Вырубка и высечка – декоративный аналог резки, придание необычной формы полиграфическим изделиям, изготовленным из картона или очень плотных видов бумаги.", "Фальцовка и биговка – специальная обработка полиграфических изделий, дизайн которых подразумевает наличие сгибов. Осуществляется на специализированном оборудовании.", "Нумерация – печать на полиграфических изделиях последовательно меняющихся номеров.", "Брошюровка и переплет – сборка полиграфических изделий, состоящих из большого количества страниц, в единое целое – конечный продукт. Виды переплета, изготавливаемые в типографии НИУ ВШЭ вы можете посмотреть здесь.", "Перфорация – создание на полиграфических изделиях линий отрыва", "Сверление отверстий. Ясно по смыслу.", "Кругление углов – технологический процесс удаления острых углов и придания углам полиграфических изделий округлой формы. Применяется в декоративных целях. Например, на фирменных визитках НИУ ВШЭ.", "Каширование – приклеивание к плотному и жесткому материалу (основе) более тонкого материала (лайнера). Применяется, чаще всего, при производстве упаковки – для создания одновременно и прочной, и внешне привлекательной упаковки.", "Тиснение и фольгирование – нанесение на полиграфические изделия оттиска, рельефа, припрессовывание к ним пленки или фольги. Тиснение и фольгирование придают готовой продукции очень красивый праздничный вид.", "Ламинирование – покрытие экземпляров полиграфической продукции слоем прозрачной синтетической полимерной пленки, защищающей готовые изделия от всевозможных физических повреждений.", "У нас Вы можете заказать любые виды услуг послепечатной обработки полиграфической продукции. Наша типография оснащена всем необходимым для этого оборудованием, а специалисты типографии обладают большим опытом в осуществлении всех видов послепечатной обработки."]}], "links": ["https://print.hse.ru/bindings", "https://print.hse.ru/students_product"], "text": ["Виды послепечатной обработкиПослепечатная обработка, или постпресс, – это комплекс манипуляций, осуществляемых в ходе изготовления полиграфической продукции после ее печати. Все виды послепечатной обработки разделяются на две основных категории: к первой категории относятся технологически необходимые виды постпресса, а манипуляции второго типа осуществляются с целью придания готовым полиграфическим изделиям улучшенных декоративных и физических свойств.", "Существуют следующие основные виды послепечатной обработки:", "Резка – процесс разрезания больших рулонных отпечатанных поверхностей на отдельные страницы, листы или другие единицы тиража.", "Вырубка и высечка – декоративный аналог резки, придание необычной формы полиграфическим изделиям, изготовленным из картона или очень плотных видов бумаги.", "Фальцовка и биговка – специальная обработка полиграфических изделий, дизайн которых подразумевает наличие сгибов. Осуществляется на специализированном оборудовании.", "Нумерация – печать на полиграфических изделиях последовательно меняющихся номеров.", "Брошюровка и переплет – сборка полиграфических изделий, состоящих из большого количества страниц, в единое целое – конечный продукт. Виды переплета, изготавливаемые в типографии НИУ ВШЭ вы можете посмотреть здесь.", "Перфорация – создание на полиграфических изделиях линий отрыва", "Сверление отверстий. Ясно по смыслу.", "Кругление углов – технологический процесс удаления острых углов и придания углам полиграфических изделий округлой формы. Применяется в декоративных целях. Например, на фирменных визитках НИУ ВШЭ.", "Каширование – приклеивание к плотному и жесткому материалу (основе) более тонкого материала (лайнера). Применяется, чаще всего, при производстве упаковки – для создания одновременно и прочной, и внешне привлекательной упаковки.", "Тиснение и фольгирование – нанесение на полиграфические изделия оттиска, рельефа, припрессовывание к ним пленки или фольги. Тиснение и фольгирование придают готовой продукции очень красивый праздничный вид.", "Ламинирование – покрытие экземпляров полиграфической продукции слоем прозрачной синтетической полимерной пленки, защищающей готовые изделия от всевозможных физических повреждений.", "У нас Вы можете заказать любые виды услуг послепечатной обработки полиграфической продукции. Наша типография оснащена всем необходимым для этого оборудованием, а специалисты типографии обладают большим опытом в осуществлении всех видов послепечатной обработки.", "Нашли опечатку?", "Выделите её, нажмите Ctrl+Enter и отправьте нам уведомление. Спасибо за участие!", "Сервис предназначен только для отправки сообщений об орфографических и пунктуационных ошибках."]}