{"title": "Op-ed – News – IQ: Research and Education Website – HSE University", "description": "", "url": "https://iq.hse.ru/en/news/oped/", "data": [], "links": ["https://iq.hse.ru/en/", "https://iq.hse.ru/en/news/", "https://iq.hse.ru/en/news/363065239.html", "https://iq.hse.ru/en/news/855846126.html", "https://iq.hse.ru/en/news/857059083.html", "https://iq.hse.ru/en/news/864216810.html", "https://iq.hse.ru/en/news/866445587.html", "https://iq.hse.ru/en/news/874696601.html", "https://iq.hse.ru/en/news/885863224.html", "https://iq.hse.ru/en/news/885863662.html", "https://iq.hse.ru/en/news/890807786.html", "https://iq.hse.ru/en/news/891341196.html", "https://iq.hse.ru/en/news/892990231.html", "https://iq.hse.ru/en/news/history/", "https://iq.hse.ru/en/news/oped/", "https://iq.hse.ru/news/", "https://www.hse.ru/en/", "https://www.hse.ru/en/lkuser/"], "text": ["vision", "For visually-impaired", "RU", "EN", "HSE University", "IQ: Research and Education Website", "News", "Op-ed", "RU", "EN", "Op-ed", "History", "Op-ed", "How the Telephone Conquered the World. Episode Ten: 'Number, Please?'", "How telephone communication contributed to the emancipation of women, but automation eventually took their jobs away", "February 01", "History", "Op-ed", "How the Telephone Conquered the World. Episode Nine: Big Connections", "How Pupinisation and Triodes Helped Spread Telephone Networks across the Globe", "January 26", "History", "Op-ed", "How the Telephone Conquered the World. Episode Eight: The Russian Field of Experiments", "How the first telephone arrived in the Russian Empire—mistakenly delivered instead of a crate of wine", "January 24", "History", "Op-ed", "How the Telephone Conquered the World. Episode Seven: German Efficiency", "How a public-private partnership helped create the telephone network in Germany", "January 10", "History", "Op-ed", "How the Telephone Conquered the World. Episode Six: The Telephone's Misadventures in France", "How left-wing populists in the Fifth Republic nationalised the telephone service, stalling its development for years", "January 10", "History", "Op-ed", "How the Telephone Conquered the World. Episode Five: From the US Free Market to Conservative Britain", "How the British government tried to regulate and nationalise the telegraph and telephone, and the results of their efforts", "November 22, 2023", "History", "Op-ed", "How the Telephone Conquered the World. Episode Four: David the Start-up Versus the Corporate Goliath", "How the small Bell Telephone Company battled both patent trolls and the giant Western Union corporation over patent priority", "October 16, 2023", "History", "Op-ed", "How the Telephone Conquered the World. Episode Three: Connecting People", "How the telephone gained subscribers", "October 05, 2023", "History", "Op-ed", "How the Telephone Conquered the World. Episode Two: 'Only an Electrical Speaking Tube'", "The challenging life of late 19th-century start-ups, or an MVP for the Queen", "September 04, 2023", "History", "Op-ed", "How the Telephone Conquered the World. Episode One: 'My God, It Talks!'", "What the telephone owes to Emperor Pedro II of Brazil", "August 29, 2023", "Op-ed", "Covid-19: Crash Test for 21 st -Century Economies", "Alexis Belianin speaks about how to experience the pandemic together", "May 08, 2020"]}