{"title": "Дирекция по связям с общественностью — Национальный исследовательский университет «Высшая школа экономики»", "description": "", "url": "https://pr.hse.ru/", "data": [{"level": "1", "text": "Дирекция по связям с общественностью", "response": []}, {"level": "1", "text": "Дирекция по связям с общественностью", "response": []}], "links": ["https://pr.hse.ru/memo", "https://pr.hse.ru/restruct"], "text": ["Мы работаем в новом, молодом государственном университете, одной из отличительных черт которого является его открытость, прозрачность, готовность взаимодействовать. Все это одновременно — modus operandi нашей Дирекции, всех входящих в ее структуру подразделений. Наша цель — знание, наша задача — информация, наше средство — коммуникация. Мы работаем для тех, кому важно все, что касается образования в целом и Высшей школе экономики — в частности. Мы следим за событиями, которые происходят в Вышке или вокруг Вышки. И этой информацией мы оперативно делимся с журналистами и всеми, кто к нам обращается. Мы всегда рады дать свободный доступ к научному и образовательному контенту нашего университета, который создается ведущими учеными и исследователями России и мира.       Мы оказываем содействие в подготовке информационных и аналитических материалов Мы помогаем вам получить эксклюзивные данные из первых рук, напрямую связаться с экспертами Мы даем вам возможность в числе первых познакомиться с исследованиями наших ученых и получить компетентные комментарии     Мы помогаем вам приглашать известных ученых и исследователей на ваши мероприятия Мы готовы оказать вам содействие в подготовке интервью с нашими экспертами Мы всегда рады видеть вас на всех наших мероприятиях – следите за нашими анонсами     Реструктуризация PR-блока С января 2023 года в PR-блоке произошли структурные изменения. Ознакомиться c ними можно по ссылке.  Некоторые рекомендации представителям университета по общению со средствами массовой информации Общение с прессой для кого-то в университете уже обыденность и даже своеобразная рутина, а кому-то этот опыт еще предстоит освоить. Мы надеемся, что наши рекомендации позволят опытным в общении с представителями массмедиа экспертам открыть для себя новые нюансы построения взаимоотношений со СМИ, а тем, кто еще только вступает на этот путь, узнать о некоторых особенностях журналистской работы и избавиться от неуверенности и дискомфорта, которые может нести общение с прессой."]}