{"title": "Школа дизайна НИУ ВШЭ", "description": "", "url": "https://design.hse.ru/team/join", "data": [{"level": "1", "text": "HSE ART AND. DESIGN SCHOOL. JOIN THE TEAM", "response": []}, {"level": "2", "text": "О Высшей школе экономики", "response": []}], "links": [], "text": ["Школа дизайна НИУ ВШЭ", "Москва", "Санкт-Петербург", "Нижний Новгород", "Пермь (Онлайн-бакалавриат)", "Ереван", "Казань", "Все кампусы", "Проект «Креативный город»", "По вопросам поступления:", "Бакалавриат (доб. 710)", "Магистратура (доб. 703)", "Онлайн-бакалавриат (доб. 709, 711)", "Дополнительное образование (Москва — доб. 705, 706, 712, Санкт-Петербург — доб. 701)", "Детская школа (доб. 707)", "С понедельника по пятницу", "с 10:00 до 18:00", "По общим вопросам", "Метро Павелецкая", "Метро Семёновская", "Основное образование", "Дополнительное образование", "Школа дизайна — подразделение Высшей школы экономики, ведущее образовательное учреждение в области дизайна, моды и искусства в России. Сегодня в структуру Школы входят 4 кампуса в разных городах, более 15 образовательных направлений, на наших программах бакалавриата, магистратуры, дополнительного образования и аспирантуры учатся более 5000 студентов. В Школе открыты собственные художественные мастерские и студии, кинопавильон, театральный и фэшн-кластеры, галерея современного искусства HSE ART GALLERY, проектная деятельность развивается в Лаборатории дизайна НИУ ВШЭ.", "Мы постоянно находимся в поиске классных профессионалов из разных (всех!) креативных индустрий в нашу команду. Если вы хотите развиваться вместе с нами, то, пожалуйста, представьте свое портфолио на сайте hsedesign.ru и заполните форму ниже.", "Мы предлагаем несколько траекторий профессионального развития в Школе дизайна.", "Как предложить свою кандидатуру или откликнуться на вакансию", "Сайт Школы дизайна", "Для того, чтобы узнать больше об образовательных и проектных направлениях Школы дизайна НИУ ВШЭ, разобраться в наших новостях и принципиальных особенностях — вы можете ознакомиться с разделами сайта Школы.", "Карта Креативных Компетенций", "Ознакомиться с учебными программами Школы дизайна НИУ ВШЭ можно в Карте Креативных Компетенций, где расписан каждый учебный модуль.", "Структура Школы дизайна", "Для того, чтобы представлять себе организационную систему Школы дизайна, можно посмотреть структуру Школы дизайна.", "Портфолио HSEDESIGN", "Для того, чтобы лучше понимать уровень преподавания в Школе дизайна и качество студенческих проектов Школы дизайна — можно посмотреть портфолио Школы дизайна. Там же нужно будет зарегистрироваться и представить несколько своих проектов, если вы хотели бы присоединиться к команде Школы дизайна.", "Кампусы Школы дизайна", "Кампусы Школы дизайна НИУ ВШЭ находятся в Москве, Санкт-Петербурге, Нижнем Новгороде, также открыт онлайн-бакалавриат. Принципиальная позиция Школы состоит в том, что образовательные подходы и учебные программы совершенно аналогичны и не зависят от города, отличается только набор профилей.", "Стать куратором группы", "Куратор группы — это преподаватель основной дисциплины «Креативное проектирование», мастер, который помогает студентам разрабатывать концепции проектов и реализовывать их, используя доступные им инструменты, направляет и раскрывает способности, критикует и хвалит.", "Обычно куратор — действующий профессионал из конкретной профессиональной области, который имеет внушительный опыт реальной работы и готов передать его студентам.", "Преподаватели «Технологий дизайна»", "«Технологии дизайна» — одна из дисциплин всех образовательных программ Школы дизайна, в рамках которой студенты изучают профессиональный софт, актуальный для конкретного образовательного направления.", "Обычно преподаватель «Технологий» — молодой или опытный профессионал, который великолепно разбирается в функционале конкретной (ых) компьютерной(ых) программ(ы), входящей(их) в образовательную программу, и имеет внушительный практический опыт работы с ней.", "Непреподавательские вакансии", "Школа дизайна — не только ведущая в своей области образовательная институция, но и просветительский проект, галерея современного искусства, художественные мастерские и студии, Лаборатория дизайна и развернутая внутренняя управленческая система.", "Периодически мы ищем профессионалов из совершенно разных сфер — от менеджерских позиций, маркетологов и руководителей новых проектов до специалистов технического отдела и программистов.", "Педагогическая магистратура", "Если вы хотите присоединиться к нашей команде преподавателей и кураторов, но чувствуете необходимость получить дополнительные знания и опыт в области педагогики, мы приглашаем вас на магистерскую программу «Современные технологии преподавания дизайна и искусства».", "Присоединиться к команде", "Пожалуйста, заполните форму ниже — для того, чтобы мы могли лучше узнать друг друга на первом же этапе общения. Если у вас есть вопросы к нам, то вы можете задать их там же.", "О Школе дизайна", "Школа дизайна НИУ ВШЭ — подразделение Высшей школы экономики, ведущее образовательное учреждение в области дизайна, моды и искусства в России.", "Мы преподаем современные дизайн- и арт-навыки, учим главному — не действовать по шаблону, а думать системно, создавать концепции, принимать решения, знать правила профессии для того, чтобы нарушать их лучше всех.", "Сегодня в структуру Школы входят 4 кампуса в разных городах, более 15 образовательных направлений, на наших программах бакалавриата, магистратуры, дополнительного образования и аспирантуры учатся более 5000 студентов.", "В Школе открыты собственные художественные мастерские и студии, кинопавильон, театральный и фэшн-кластеры, галерея современного искусства HSE ART GALLERY. На базе Школы работает Лаборатория дизайна НИУ ВШЭ, которая занимается внутренними и коммерческими заказами в сферах коммуникационного и цифрового дизайна, дизайна среды и интерьеров, территориального брендинга, ивент-дизайна, моды и современного искусства, медиа и саунд-дизайна.", "Более 500 преподавателей и сотрудников из числа классных, опытных профессионалов креативных индустрий в московском, питерском, нижегородском кампусах Школы дизайна. Больше всего мы ценим талант, проактивную позицию, концептуальный подход и практический опыт в профессии.", "На базе Школы дизайна работает Лаборатория дизайна НИУ ВШЭ.", "При Школе дизайна открыта галерея современного искусства HSE ART GALLERY.", "Обо всех наших проектах и достижениях можно узнать в разделе новостей Школы дизайна, а также в наших соцесетях (#hsedesign).", "Мы заинтересованы в выстраивании сообщества креативных и талантливых людей, поэтому регулярно устраиваем профессиональные и просветительские ивенты в рамках циклов открытых лекций, а также на специально созданной открытой площадке HSE CREATIVE HUB.", "Для того, чтобы развивать международное сотрудничество мы запустили международный профессиональный конкурс HSE CREATIVE OPEN на собственной цифровой площадке.", "В Школе дизайна действуют художественные мастерские и студии.", "Мы собрали пошаговую подсказку для того, чтобы нашим новым коллегам было легче сориентироваться на новом месте.", "Школа дизайна — подразделение одного из ведущих российских университетов — Высшей школы экономики, которая входит в 35 лучших молодых университетов мира и является лучшим российским вузом в категории Art & Design (QS), состоит в большинстве авторитетных международных образовательных рейтингов (QS, THE, ARWU, U.S. News Best Global Universities Subject). Вышка — это не только гигантская научная лаборатория, но и представительная экспертная площадка: сотрудники ВШЭ принимают активное участие в ключевых экспертных дискуссиях, входят в состав многих коллегиальных и совещательных органов при президенте и правительстве России, являются лидерами мнений по важнейшим вопросам в сфере образования, социальной политики, здравоохранения, демографии, рынка труда, транспорта, государственного управления, технологического развития.", "Обращения студентов", "Поблагодарить или пожаловаться", "По вопросам поступления:", "Бакалавриат (доб. 710)", "Магистратура (доб. 703)", "Онлайн-бакалавриат (доб. 709, 711)", "Дополнительное образование (Москва — доб. 705, 706, 712, Санкт-Петербург — доб. 701)", "Детская школа (доб. 707)", "С понедельника по пятницу", "с 10:00 до 18:00", "По общим вопросам", "Метро Павелецкая", "Метро Семёновская", "Основное образование", "Дополнительное образование", "Новости Школы дизайна", "Спасибо, вы успешно подписаны!", "Извините, что-то пошло не так. Попробуйте позже.", "Мы используем файлы cookies для улучшения работы сайта НИУ ВШЭ и большего удобства его использования. Более подробную информацию об использовании файлов cookies можно найти здесь, наши правила обработки персональных данных – здесь. Продолжая пользоваться сайтом, вы подтверждаете, что были проинформированы об использовании файлов cookies сайтом НИУ ВШЭ и согласны с нашими правилами обработки персональных данных. Вы можете отключить файлы cookies в настройках Вашего браузера."]}