{"title": "MICRODEGREE — курсы ускоренного получения микроКВАЛИФИКАЦИИ в Школе дизайна НИУ ВШЭ", "description": "", "url": "https://design.hse.ru/microdegree", "data": [{"level": "1", "text": "MICRODEGREE", "response": []}, {"level": "2", "text": "Квалификации", "response": []}, {"level": "2", "text": "Правила записи на курсы", "response": []}, {"level": "2", "text": "Специфика обучения", "response": []}, {"level": "2", "text": "Оплата обучения", "response": []}, {"level": "2", "text": "Документы об окончании курса", "response": []}, {"level": "2", "text": "О Высшей школе экономики", "response": []}], "links": [], "text": ["Темы", "CGI и визуальные эффекты", "Contemporary art", "Fine art", "Анимация", "Видеоарт", "Визуальные исследования", "Визуальные эффекты", "Гейм-дизайн", "Дизайн календаря", "Дизайн книги", "Дизайн медиа", "Дизайн среды", "Иллюстрация", "Инфографика", "Искусственный интеллект", "Комикс", "Коммуникационный дизайн", "Креативное предпринимательство", "Мода", "Моушн-дизайн", "Плакат", "Предметный дизайн", "Реклама", "Саунд", "Упаковка", "Фотография", "Футурология", "Формат", "Офлайн", "Онлайн", "Длительность", "2 месяца", "4 месяца"]}