{"title": "Центр развития карьеры (Санкт-Петербург) — Национальный исследовательский университет «Высшая школа экономики»", "description": "", "url": "https://spb.hse.ru/career/", "data": [{"level": "1", "text": "Центр развития карьеры (Санкт-Петербург)", "response": []}, {"level": "1", "text": "Центр развития карьеры (Санкт-Петербург)", "response": []}, {"level": "2", "text": "Pro Карьеру – профориентационный проект", "response": []}, {"level": "2", "text": "План карьерных мероприятий от Центра Карьеры", "response": []}, {"level": "2", "text": "Консультация по резюме", "response": []}], "links": ["https://spb.hse.ru/career/23/24plan", "https://spb.hse.ru/career/careeractive/", "https://spb.hse.ru/career/careercvconsultation", "https://spb.hse.ru/career/careerforstudents", "https://spb.hse.ru/career/careerprojectshsespb", "https://spb.hse.ru/career/contracts", "https://spb.hse.ru/career/hsecareerpartner", "https://spb.hse.ru/career/hsespbcareerpractice", "https://spb.hse.ru/career/intershipreview", "https://spb.hse.ru/career/jobteaser", "https://spb.hse.ru/career/partnerspb", "https://spb.hse.ru/career/partnerspb/", "https://spb.hse.ru/career/procareer/", "https://spb.hse.ru/studlife/"], "text": ["Pro Карьеру – профориентационный проектПлан карьерных мероприятий от Центра КарьерыКонсультация по резюмеСтудентамПартнеры Питерской ВышкиКарьерные мероприятияВакансии и стажировкиКонсультации по CVПрактикаРеестр договоров для практикиПартнерам Питерской ВышкиО студентах Питерской ВышкиФорматы сотрудничестваРазвиваем бренд работодателяПрактикаРазмещение вакансийPRO карьеруКарьерные проекты Центра карьеры и партнеров Питерской Вышки для студентовПлан карьерных мероприятий на 2023/2024 учебный годО карьере глазами студентовАктив Центра развития карьеры Внеучебные карьерные и не только клубы"]}