{"title": "Центр реализации третьей миссии университета – Национальный исследовательский университет «Высшая школа экономики»", "description": "", "url": "https://3mission.hse.ru/", "data": [{"level": "1", "text": "Третья миссия НИУ ВШЭ", "response": []}, {"level": "2", "text": "О третьей миссии", "response": ["Я.И. Кузьминов, Научный руководитель НИУ ВШЭ", "«Через реализацию третьей миссии Высшая школа экономики фиксирует свою роль как ответственного университета. Для нас третья миссия — это весь спектр университетской деятельности, обладающей потенциалом полезности для общества, конкретных территорий и отраслей, регионов, в которых расположены наши кампусы, и перед каждым, кто с нами взаимодействует.»", "В.А. Касамара, Директор института прикладных политических исследований НИУ ВШЭ", "«Третья миссия Высшей школы экономики — это наша политика по влиянию на развитие общества и внешней среды. Университет сегодня — это интеллектуальная корпорация, понимающая и берущая на себя ответственность за свой вклад в развитие территорий своего присутствия и страны в широком смысле этого слова — социально-экономическое, технологическое и инновационное.»"]}, {"level": "2", "text": "На кого направлена третья миссия?", "response": ["Мероприятия, которые реализуются в рамках третьей миссии, проводятся для разных целевых групп:"]}, {"level": "2", "text": "Отчет о реализации третьей миссии НИУ ВШЭ за 2020-2021 гг.", "response": ["Отчет 2020-2021", "Отчет 2019-2020"]}, {"level": "1", "text": "Проекты", "response": []}, {"level": "2", "text": "Новости", "response": ["Архитектура, туризм и металлургия Урала: студенты ФГРР ВШЭ вернулись с полевой практики", "Каждый год студенты ОП «Городское планирование» факультета городского и регионального развития (ФГРР) НИУ ВШЭ, окончившие 2-й курс, отправляются на полевую практику в разные регионы России. Они знакомятся с городами, учатся выявлять в них типичное и уникальное, применять методики сбора первичных данных. В этом июле практика ФГРР проходила в уральских городах.", "Образование", "студенты", "репортаж о событии", "Полевая практика", "19 августа, 2022 г.", "«Своим проектом мы старались хоть чуть-чуть изменить отношение к бездомности»", "Выпускницы НИУ ВШЭ совместно с благотворительной организацией «Ночлежка» запустили социальный медиапроект «Где-то рядом», посвященный волонтерской помощи бездомным людям. Он позволяет каждому человеку с разных сторон взглянуть на работу волонтеров, рассказывая личные истории, представляя экспертные мнения и интерактивные кейсы.", "Общество", "идеи и опыт", "выпускники", "волонтерство", "18 августа, 2022 г.", "Цифровые ассистенты Вышки помогли провести «Архипелаг 2022»", "Команда проекта приглашает студентов к поддержке мероприятия второй год подряд.", "Цифровой блок НИУ ВШЭ", "18 августа, 2022 г.", "Еще новости"]}, {"level": "2", "text": "Третья миссия НИУ ВШЭ в цифрах", "response": ["1 80   ПРОЕКТОВ   97   социальная  миссия   прочие  проекты   83", "Service learning в Вышке Экологические проекты Вышки Партнерство с НКО и социальная коммуникация Трансфер знаний и непрерывное образование Университетское партнерство Вклад в развитие системы образования Развитие предпринимательской культуры Ключевые мониторинговые проекты Вышки Трансфер технологий и инноваций Развитие инновационной инфраструктуры Вышка как think tank для регионов    3 15 12 5 6 9 7 6 6 6 8"]}, {"level": "2", "text": "", "response": []}, {"level": "2", "text": "Цифровая стажировка «Третья миссия университетов»", "response": ["Для руководителей образовательных учреждений, административных и научных сотрудников университетов"]}, {"level": "2", "text": "Мировой опыт", "response": ["Интерактивная база отчетов о реализации третьей миссии в зарубежных университетах"]}, {"level": "2", "text": "О Центре реализации третьей миссии университета", "response": ["Центр реализации третьей миссии НИУ ВШЭ создан в 2020 году. В задачи Центра входит:"]}, {"level": "1", "text": "Контакты", "response": ["Электронная почта: 3mission@hse.ru"]}], "links": ["https://3mission.hse.ru/catalog3m", "https://3mission.hse.ru/mirror/pubs/share/413940697.pdf", "https://3mission.hse.ru/news/community/", "https://3mission.hse.ru/news/edu/", "https://3mission.hse.ru/news/keywords/36908397/", "https://3mission.hse.ru/news/keywords/73512763/", "https://3mission.hse.ru/news/ou/134544/", "https://3mission.hse.ru/news/page2.html", "https://3mission.hse.ru/news/tags/alumni/", "https://3mission.hse.ru/news/tags/erep/", "https://3mission.hse.ru/news/tags/practice/", "https://3mission.hse.ru/news/tags/stud/", "https://3mission.hse.ru/polls/554869761.html", "https://internship.hse.ru/mission3", "https://it.hse.ru/news/731747079.html"], "text": ["Точка входа для НКО", "О третьей миссии", "Я.И. Кузьминов, Научный руководитель НИУ ВШЭ", "«Через реализацию третьей миссии Высшая школа экономики фиксирует свою роль как ответственного университета. Для нас третья миссия — это весь спектр университетской деятельности, обладающей потенциалом полезности для общества, конкретных территорий и отраслей, регионов, в которых расположены наши кампусы, и перед каждым, кто с нами взаимодействует.»", "В.А. Касамара, Директор института прикладных политических исследований НИУ ВШЭ", "«Третья миссия Высшей школы экономики — это наша политика по влиянию на развитие общества и внешней среды. Университет сегодня — это интеллектуальная корпорация, понимающая и берущая на себя ответственность за свой вклад в развитие территорий своего присутствия и страны в широком смысле этого слова — социально-экономическое, технологическое и инновационное.»", "На кого направлена третья миссия?", "Мероприятия, которые реализуются в рамках третьей миссии, проводятся для разных целевых групп:", "Школьники", "Родители", "Старшее поколение", "Профессиональные группы", "Студенты, аспиранты, выпускники", "Университеты (университетское партнерство)", "НКО", "Коммерческий сектор", "Органы власти", "‍", "Отчет о реализации третьей миссии НИУ ВШЭ за 2020-2021 гг.", "Отчет 2020-2021", "Отчет 2019-2020", "Проекты", "1. СОЦИАЛЬНАЯ МИССИЯ НИУ ВШЭ", "2. SERVICE LEARNING В ВЫШКЕ", "3. ЭКОЛОГИЧЕСКИЕ ПРОЕКТЫ ВЫШКИ", "4. ПАРТНЕРСТВО С НКО И СОЦИАЛЬНАЯ КОММУНИКАЦИЯ", "5. ТРАНСФЕР ЗНАНИЙ И НЕПРЕРЫВНОЕ ОБРАЗОВАНИЕ", "6. УНИВЕРСИТЕТСКОЕ ПАРТНЕРСТВО", "7. ВКЛАД В РАЗВИТИЕ СИСТЕМЫ ОБРАЗОВАНИЯ", "8. РАЗВИТИЕ ПРЕДПРИНИМАТЕЛЬСКОЙ КУЛЬТУРЫ", "9. КЛЮЧЕВЫЕ МОНИТОРИНГОВЫЕ ПРОЕКТЫ ВЫШКИ", "10. ТРАНСФЕР ТЕХНОЛОГИЙ И ИННОВАЦИЙ: ВНЕДРЕНИЕ СОБСТВЕННЫХ РАЗРАБОТОК ВЫШКИ", "11. РАЗВИТИЕ ИННОВАЦИОННОЙ ИНФРАСТРУКТУРЫ", "12. ВЫШКА КАК THINK TANK ДЛЯ РЕГИОНОВ", "1. СОЦИАЛЬНАЯ МИССИЯ НИУ ВШЭ", "1.1. Вышка — регионам", "1.1.1. Социальный лифт", "1.1.2. Онлайн-занятия с детьми 5–11-х классов из Москвы и регионов по школьной программе и дополнительным компетенциям", "1.1.3. Добрососедство", "1.2. Вышка — городу", "1.2.1. День Вышки", "1.2.2. «Университет, открытый городу»", "1.2.3. Лектории НИУ ВШЭ", "1.2.4. Дискуссионный научно-популярный клуб «Строгинские вторники»", "1.2.5. Дискуссионные площадки с участием экспертов, органов власти и представителей местных сообществ", "1.2.6. «Субботы с театром НИУ ВШЭ»", "1.2.7. Взгляд на социальные проблемы через призму театрального искусства", "1.2.8. Классификатор проблем, алгоритмов и инструкций", "1.2.9. Юридические консультации для граждан", "1.2.10. Развитие культурной среды Москвы: музыкальные концерты для жителей города", "1.2.11. Популяризация культурного наследия Москвы: информационные стенды об исторических местах в районах размещения центральных зданий Вышки", "1.2.12. Конкурс лучших практик и инициатив в сфере сохранения и популяризации объектов культурного наследия «Наследие Москвы»", "1.2.13. Участие университета в благоустройстве городских пространств", "1.2.14. Взаимодействие университета и территориального общественного самоуправления (ТОС)", "1.2.15. История и традиции московской благотворительности для широкой общественности", "1.3. Вышка — старшему поколению", "1.3.1. Центр поддержки старшего поколения", "1.3.2. «Московское долголетие» в НИУ ВШЭ", "1.3.3. Создание сборника рассказов слушателей курса «Мемуаристика» в рамках проекта «Московское долголетие»", "1.3.4. Подготовка и проведение окружного чемпионата по компьютерному многоборью для старшего поколения", "1.3.5. Йога онлайн", "1.3.6. Программа «Правовые знания на каждый день» для людей старшего поколения", "1.3.7. Проект «Истории Победы»", "1.3.8. Видеопроект «Чтения Победы»", "1.3.9. Онлайн-курсы для пенсионеров на платформах «Открытое образование» и Coursera", "1.3.10. Клуб любителей иностранных языков и Small talk: 15-минутные разговоры студентов-волонтеров на иностранном языке с людьми старшего возраста", "1.4. Вышка — школьникам", "1.4.1. «Вышка — детям»: всесторонняя работа студентов с детьми", "1.4.2. Университет детей", "1.4.3. Профориентационная деловая игра для школьников «Мой выбор online»", "1.4.4. Профориентационная школа «Мы вместе»", "1.4.5. «Школьникам о Вышке»", "1.4.6. «Университетские субботы НИУ ВШЭ»", "1.4.7. Инженерная школа НИУ ВШЭ", "1.4.8. Бесплатные проекты для школьников: школы, лектории, клубы", "1.5. Благотворительные проекты Вышки", "1.5.1. Благотворительный фестиваль Charity Xmas", "1.5.2. Инклюзивный благотворительный детский фестиваль «Волшебный мир»", "1.5.3. Организация совместного мероприятия со Школой инклюзивного танца «Танцующий дом»", "1.5.4. Проекты «Открой глаза»", "1.5.5. Проекты HSE Outreach", "1.5.6. Tutors for Pupils: репетиторы для воспитанников детских домов", "1.5.7. Проект SobaLove", "1.5.8. Цифровые волонтеры", "1.6. Вышка — студентам", "1.6.1. Кураторы НИУ ВШЭ: программа комплексной адаптации первокурсников", "1.6.2. Программа наставничества в НИУ ВШЭ: поддержка студентов успешными выпускниками", "1.6.3. Внеучебка онлайн", "1.6.4. Mental Health Day", "1.6.5. Mental Health Spring", "1.6.6. Мониторинг студенческой жизни в формате интерактивного отчета", "1.6.7. Инновационные форматы стажерских программ", "1.6.8. Выпускной вечер Вышки онлайн", "1.6.9. Научные бои", "1.6.10. HSE Minecraft", "1.6.11. Карьерный портал", "1.6.12. Карьерные карты: сервис для планирования карьерных треков", "1.6.13. Карьерные консультации ЦРК", "1.6.14. HSE SNOW FEST", "1.6.15. HSE RUN", "1.6.16. Фестиваль «Ночь»", "1.6.17. Межкампусный выезд студенческого актива VORONKA", "1.6.18. Фестиваль «Ночь искусств»", "1.6.19. Проект Keystone", "1.7. Вышка — выпускникам", "1.7.1. Программа менторства", "1.7.2. Карта выпускника", "1.7.3. Общий чат выпускников в Telegram", "1.8. Вышка — сотрудникам", "1.8.1. Проект «Дистанционный смотритель»", "1.8.2. Онлайн-фестиваль «Глазами системных семейных терапевтов»", "1.8.3. Психологические консультации для сотрудников и преподавателей университета", "1.9. Исследования Вышки", "1.9.1. Трансформация образовательного процесса в сфере высшего образования во время пандемии", "1.9.2. Прикладные исследования для Москвы", "2. SERVICE LEARNING В ВЫШКЕ", "2.1. «Ярмарка проектов»", "2.2. Проект студенческих экспедиций «Открываем Россию заново»", "2.3. «Посланники науки»", "3. ЭКОЛОГИЧЕСКИЕ ПРОЕКТЫ ВЫШКИ", "3.1. «РСО за баллы:» акция по сбору редких отходов от студенческой организации «Зеленая Вышка»", "3.2. Сотрудничество с операторами твердых коммунальных отходов в сфере экологической политики", "3.3. Сбор текстильных отходов", "3.4. «Проект ЭкоШкола»", "3.5. Конкурс экопроектов для школьников от НИУ ВШЭ и партнеров", "3.6. Студенческий исследовательский центр Института экологии НИУ ВШЭ", "3.7. Портал об экожизни НИУ ВШЭ «Ответственная Вышка»", "3.8. Экологический форум «Эко+номика»", "3.9. Сбор вещей на переработку и благотворительность «REодежда»", "3.10. Буккроссинг в НИУ ВШЭ", "3.11. Раздельный сбор пластика, батареек, макулатуры для переработки в корпусах НИУ ВШЭ и общежитиях", "3.12. Круглый стол «Совершенствование системы расширенной ответственности производителей и импортеров товаров и упаковки»", "3.13. Участие в экспертном совете Лиги зеленых брендов", "3.14. «Зеленая бизнес-школа»", "3.15. Этичное потребление и раздельный сбор бытовых отходов: формирование базы знаний и популяризация идей", "4. ПАРТНЕРСТВО С НКО И СОЦИАЛЬНАЯ КОММУНИКАЦИЯ", "4.1. Международный фестиваль социальной рекламы LIME", "4.2. «LIME-акселератор»", "4.3. Бесплатный образовательный курс «Прикладные исследования и работа с данными для НКО»", "4.4. Прикладные исследования в интересах НКО", "4.5. Взаимодействие социально ориентированных некоммерческих организаций и высших учебных заведений: экспертная и юридическая поддержка", "4.6. «Третья миссия» университета через социальное предпринимательство студентов и вовлечение НКО", "4.7. Проектные сессии совместных проектов НИУ ВШЭ и СО НКО", "4.8. Формирование условий развития социального предпринимательства", "4.9. Развитие профессиональных компетенций НКО на основе партнерства с НКО и бизнесом", "4.10. Развитие профессиональных компетенций в области социального предпринимательства на основе партнерства с НКО", "4.11. Гражданское образование и просвещение на основе партнерства с НКО", "4.12. Распространение идеи и ценностей волонтерства через партнерство с НКО", "5. ТРАНСФЕР ЗНАНИЙ И НЕПРЕРЫВНОЕ ОБРАЗОВАНИЕ", "5.1. «Пригласи ученого»", "5.2. Продвижение опыта и лучших практик Центра академического письма ВШЭ в региональных вузах России", "5.3. Летние школы НИУ ВШЭ для старшеклассников", "5.4. Онлайн-обучение", "5.5. Интернет-порталы Вышки", "6. УНИВЕРСИТЕТСКОЕ ПАРТНЕРСТВО", "6.1. Программа «Университетское партнерство»", "6.2. Программа привлечения российских постдоков", "6.3. Стажировки работников и аспирантов российских вузов и научных организаций в НИУ ВШЭ", "6.4. Поддержка журнальных публикаций авторов из российских образовательных и научных организаций", "6.5. Онлайн-курсы в учебных планах университетов", "6.6. Открытый конкурс проектов «Зеркальные лаборатории»", "7. ВКЛАД В РАЗВИТИЕ СИСТЕМЫ ОБРАЗОВАНИЯ", "7.1. Экспертная работа для системы образования", "7.2. Организация-партнер", "7.3. Базовая организация", "7.4. Распределенный лицей", "7.5. Повышение квалификации для учителей и методистов", "7.6. «Академия школьников»", "7.7. «Вышка — родителям»", "7.8. Дни с Вышкой в регионах", "7.9. Лаборатория проектной и исследовательской деятельности", "7.10. Форум «Стань выше с Вышкой!»", "8. РАЗВИТИЕ ПРЕДПРИНИМАТЕЛЬСКОЙ КУЛЬТУРЫ", "8.1. Курс «Предпринимательский класс»: школам и школьникам России", "8.2. «Школа предпринимательства» в Москве", "8.3. Стартап с нуля для себя и для заказчика: программы для студентов", "8.4. Академическое предпринимательство: программы для научно-педагогических работников", "8.5. Программа «Курс малого бизнеса»: для супругов военнослужащих и военных пенсионеров", "8.6. «Бизнес для всех»: программы по предпринимательству (50+)", "8.7. Социальное предпринимательство и инновации", "9. КЛЮЧЕВЫЕ МОНИТОРИНГОВЫЕ ПРОЕКТЫ ВЫШКИ", "9.1. Мониторинг глобальных технологических трендов", "9.2. Мониторинг экономики образования", "9.3. Мониторинг качества приема в вузы", "9.4. Российский мониторинг экономического положения и здоровья населения НИУ ВШЭ", "9.5. Мониторинг инновационного поведения населения", "9.6. Мониторинг состояния гражданского общества", "10. ТРАНСФЕР ТЕХНОЛОГИЙ И ИННОВАЦИЙ: ВНЕДРЕНИЕ СОБСТВЕННЫХ РАЗРАБОТОК ВЫШКИ", "10.1. Проект «Создание статистики цифровой экономики»", "10.2. Участие в программах инновационного развития компаний", "10.3. Участие в инновационных территориальных кластерах", "10.4. Взаимодействие с госкорпорациями и бизнес-сообществом", "10.5. Участие в федеральных, отраслевых и региональных целевых программах и проектах", "10.6. Объекты интеллектуальной собственности", "11. РАЗВИТИЕ ИННОВАЦИОННОЙ ИНФРАСТРУКТУРЫ", "11.1. Фонд поддержки инновационного предпринимательства НИУ ВШЭ", "11.2. Бизнес-инкубатор НИУ ВШЭ", "11.3. Акселерационная программа Бизнес-инкубатора", "11.4. Стартап-школа Бизнес-инкубатора", "11.5. iFundNavigator", "11.6. Образовательные программы по инновационному предпринимательству", "12. ВЫШКА КАК THINK TANK ДЛЯ РЕГИОНОВ", "12.1. Разработка и реализация комплексных проектов развития территорий", "12.2. Исследования в интересах развития регионов", "12.3. Формирование рейтингов регионального развития", "12.4. Развитие компетенций региональных управленческих команд для достижения национальных целей развития и реализации национальных проектов", "12.5. Тиражирование лучших практик в субъекты Российской Федерации", "12.6. Формирование консорциума ведущих университетов как think tank регионов", "12.7. Программа содействия формированию профессионального сообщества исследователей гражданского общества", "12.8. Дискуссионная площадка «Что известно о состоянии гражданского общества на основе данных опросов и статистики?»", "Новости", "Архитектура, туризм и металлургия Урала: студенты ФГРР ВШЭ вернулись с полевой практики", "Каждый год студенты ОП «Городское планирование» факультета городского и регионального развития (ФГРР) НИУ ВШЭ, окончившие 2-й курс, отправляются на полевую практику в разные регионы России. Они знакомятся с городами, учатся выявлять в них типичное и уникальное, применять методики сбора первичных данных. В этом июле практика ФГРР проходила в уральских городах.", "Образование", "студенты", "репортаж о событии", "Полевая практика", "19 августа, 2022 г.", "«Своим проектом мы старались хоть чуть-чуть изменить отношение к бездомности»", "Выпускницы НИУ ВШЭ совместно с благотворительной организацией «Ночлежка» запустили социальный медиапроект «Где-то рядом», посвященный волонтерской помощи бездомным людям. Он позволяет каждому человеку с разных сторон взглянуть на работу волонтеров, рассказывая личные истории, представляя экспертные мнения и интерактивные кейсы.", "Общество", "идеи и опыт", "выпускники", "волонтерство", "18 августа, 2022 г.", "Цифровые ассистенты Вышки помогли провести «Архипелаг 2022»", "Команда проекта приглашает студентов к поддержке мероприятия второй год подряд.", "Цифровой блок НИУ ВШЭ", "18 августа, 2022 г.", "Еще новости", "Третья миссия НИУ ВШЭ в цифрах", "1 80   ПРОЕКТОВ   97   социальная  миссия   прочие  проекты   83", "Service learning в Вышке Экологические проекты Вышки Партнерство с НКО и социальная коммуникация Трансфер знаний и непрерывное образование Университетское партнерство Вклад в развитие системы образования Развитие предпринимательской культуры Ключевые мониторинговые проекты Вышки Трансфер технологий и инноваций Развитие инновационной инфраструктуры Вышка как think tank для регионов    3 15 12 5 6 9 7 6 6 6 8", ">5 800 000", "участников проекта", "5–85", "лет – возраст аудитории проекта", "1295", "мероприятий в офлайн и онлайн-форматах", ">1200", "студентов и преподавателей были организаторами или волонтерами мероприятий", ">670 000", "просмотров трансляций и записей", "Цифровая стажировка «Третья миссия университетов»", "Для руководителей образовательных учреждений, административных и научных сотрудников университетов", "Мировой опыт", "Интерактивная база отчетов о реализации третьей миссии в зарубежных университетах", "О Центре реализации третьей миссии университета", "Центр реализации третьей миссии НИУ ВШЭ создан в 2020 году. В задачи Центра входит:", "координация подготовки отчета о реализации НИУ ВШЭ третьей миссии;", "сбор и обработка информации от структурных подразделений НИУ ВШЭ в части реализации ими проектов и мероприятий в рамках реализации НИУ ВШЭ третьей миссии;", "разработка предложений по развитию сотрудничества НИУ ВШЭ с российскими и зарубежными образовательными организациями высшего образования в части реализации проектов и инициатив по третьей миссии;", "разработка предложений по позиционированию НИУ ВШЭ в качестве ведущего российского университета, реализующего третью миссию;", "подготовка информационно-аналитических материалов, в том числе на основе анализа результатов российских и зарубежных исследований, по реализации третьей миссии;", "разработка предложений по размещению информационных материалов о реализации НИУ ВШЭ третьей миссии на корпоративном сайте (портале) НИУ ВШЭ;", "информационная и консультационная поддержка обучающихся, работников и структурных подразделений НИУ ВШЭ по вопросам реализации НИУ ВШЭ третьей миссии;", "организация и проведение мероприятий по реализации НИУ ВШЭ третьей миссии.", "Контакты", "Электронная почта: 3mission@hse.ru"]}