{"title": "Ч/б печать и копирование — Типография национального исследовательского университета «Высшая школа экономики»", "description": "", "url": "http://wtp.hse.ru/print_service/bw_print/", "data": [{"level": "1", "text": "Ч/б печать и копирование", "response": ["Это самая доступная и популярная наша услуга. Цены на печать и копирование начинаются от 3 рублей за лист (чем больше объём, тем дешевле каждый лист). Мы пользуемся надежным высокоскоростным печатным оборудованием, поэтому выполним распечатку прямо при вас (при условии, что нет очереди и оборудование свободно). Для студентов и сотрудников ВШЭ предусмотрены дополнительные скидки. Печать возможна на любом формате и любой бумаге, разной плотности и цвета (см. приложенное фото образцов цветов).", "Что заказывают чаще всего: пособия, методички, копии документов и договоров, главы из учебников, рефераты и курсовые, платежные документы и т.д.", "Вы можете заранее рассчитать стоимость вашего заказа. Если нужно копировать развороты брошюр или большие листы (формата А3), при расчете выбирайте исходный размер А3. Если у вас толстые книги или справочники, дополнительно отметьте галочкой пункт «Сканировать». Если вы авторизуетесь на сайте, при расчёте мы учтём вашу скидку. Вы можете также выбрать вид сшивки «На скобу», и ваша распечатка автоматически будет надежно скреплена скобой.", "Выбирайте любой из удобных для вас участков или оформите заказ онлайн. При заказе онлайн мы можем по договоренности привезти ваш заказ на Мясницкую, 20 (офис. 215). Вы также можете воспользоваться услугой цветной печати и копирования.", "Расчет стоимости заказа", "Оформление заказа", "Вы можете заказать продукцию на основе Вашего расчета прямо сейчас (инструкция по размещению заказа онлайн).", "Загрузите свой файл-макет, удовлетворяющий нашим требованиям к макетам.", "Если у вас несколько файлов в макете, предварительно запакуйте их в один архив.", "Типография готова помочь с версткой за дополнительную плату.", "Согласуйте это пожалуйста заранее.", "Для выкладывания макетов, размером более 10 MБ, используйте файлообменник НИУ ВШЭ http://share.hse.ru.", "Предварительно Вам необходимо авторизироваться."]}, {"level": "2", "text": "Расчет стоимости заказа", "response": []}, {"level": "2", "text": "Оформление заказа", "response": ["Вы можете заказать продукцию на основе Вашего расчета прямо сейчас (инструкция по размещению заказа онлайн).", "Загрузите свой файл-макет, удовлетворяющий нашим требованиям к макетам.", "Если у вас несколько файлов в макете, предварительно запакуйте их в один архив.", "Типография готова помочь с версткой за дополнительную плату.", "Согласуйте это пожалуйста заранее.", "Для выкладывания макетов, размером более 10 MБ, используйте файлообменник НИУ ВШЭ http://share.hse.ru.", "Предварительно Вам необходимо авторизироваться."]}], "links": [], "text": ["Это самая доступная и популярная наша услуга. Цены на печать и копирование начинаются от 3 рублей за лист (чем больше объём, тем дешевле каждый лист). Мы пользуемся надежным высокоскоростным печатным оборудованием, поэтому выполним распечатку прямо при вас (при условии, что нет очереди и оборудование свободно). Для студентов и сотрудников ВШЭ предусмотрены дополнительные скидки. Печать возможна на любом формате и любой бумаге, разной плотности и цвета (см. приложенное фото образцов цветов).", "Что заказывают чаще всего: пособия, методички, копии документов и договоров, главы из учебников, рефераты и курсовые, платежные документы и т.д.", "Вы можете заранее рассчитать стоимость вашего заказа. Если нужно копировать развороты брошюр или большие листы (формата А3), при расчете выбирайте исходный размер А3. Если у вас толстые книги или справочники, дополнительно отметьте галочкой пункт «Сканировать». Если вы авторизуетесь на сайте, при расчёте мы учтём вашу скидку. Вы можете также выбрать вид сшивки «На скобу», и ваша распечатка автоматически будет надежно скреплена скобой.", "Выбирайте любой из удобных для вас участков или оформите заказ онлайн. При заказе онлайн мы можем по договоренности привезти ваш заказ на Мясницкую, 20 (офис. 215). Вы также можете воспользоваться услугой цветной печати и копирования.", "Разработано в Print-Expert.net"]}