{"title": "Коммуникационный и цифровой дизайн: Базовый курс  — дополнительное образование в Школе дизайна НИУ ВШЭ", "description": "", "url": "https://design.hse.ru/dop/programs/111", "data": [{"level": "1", "text": "Коммуникационный и цифровой дизайн. Базовый курс", "response": []}, {"level": "2", "text": "4", "response": ["модуля"]}, {"level": "2", "text": "136", "response": ["ЗАНЯТИЙ"]}, {"level": "2", "text": "310", "response": ["тыс ₽"]}, {"level": "2", "text": "О курсе", "response": []}, {"level": "2", "text": "КОМУ ПОДХОДИТ", "response": []}, {"level": "1", "text": "", "response": []}, {"level": "2", "text": "ПРОГРАММА ОБУЧЕНИЯ", "response": []}, {"level": "2", "text": "ПО ОКОНЧАНИИ ОБУЧЕНИЯ", "response": []}, {"level": "2", "text": "Примеры работ", "response": []}, {"level": "2", "text": "Кураторы и преподаватели", "response": []}, {"level": "1", "text": "", "response": []}, {"level": "2", "text": "Часто задаваемые вопросы", "response": []}, {"level": "2", "text": "ШКОЛА В ЛИЦАХ", "response": []}], "links": [], "text": ["По вопросам поступления:", "Бакалавриат (доб. 710)", "Магистратура (доб. 703)", "Онлайн-бакалавриат (доб. 709, 711)", "Дополнительное образование (Москва — доб. 705, 706, 712, Санкт-Петербург — доб. 701)", "Детская школа (доб. 707)", "С понедельника по пятницу", "с 10:00 до 18:00", "По общим вопросам", "Метро Павелецкая", "Метро Семёновская", "Основное образование", "Дополнительное образование", "модуля", "Занятия начинаются в сентябре 2024", "ЗАНЯТИЙ", "4 раза в неделю. Можно подключиться онлайн или посмотреть запись", "тыс ₽", "Программа профессиональной переподготовки Школы дизайна НИУ ВШЭ. На курсе вы научитесь анализировать продукт, будете проектировать пользовательский опыт и добавите в портфолио лонгрид в Readymag, посадочную страницу, дизайн-макет многостраничного издания и брендинговый проект.", "Фундаментальный курс по коммуникационному и цифровому дизайну. Программа разработана дизайнерами-практиками, поможет освоить новую профессию и начать карьеру в креативной индустрии.", "Слушатели курса осваивают профессию дизайнера цифрового продукта: учатся работать с кодом и общаться с коллегами-инженерами на одном языке, осваивают основы UX- и UI-дизайна, верстают сайты на HTML и СSS, работают в графических редакторах и с инструментом вёрстки многостраничных изданий.", "На курсе нет лекций и домашних заданий — только групповые семинары с преподавателями и самостоятельная работа над проектами. Занятия проходят 4 раза в неделю в «гибридном» формате: можно учиться в кампусе Школы дизайна на Павелецкой, подключиться онлайн или посмотреть запись.", "Всем, кто хочет освоить профессию дизайнера цифрового продукта — даже если не умеете рисовать и не работали с графическими редакторами. Учиться можно с 18 лет, без высшего или среднего специального образования.", "Запись онлайн-встречи с кураторами", "Если хотите познакомиться с куратором курса и узнать больше о программе, пожалуйста, заполните форму.", "Отправим запись Дня открытых дверей на почту.", "Курс состоит из четырёх образовательных модулей:", "Модуль I. Основы визуальной коммуникации. Малый фирменный стиль и базовая аналитика продукта", "Разработаем концепцию малого фирменного стиля и его элементов для абстрактной компании или бренда.", "Начнём работать с программой векторной графики, познакомимся с интерфейсом.", "Модуль II. Основы коллажа в плакате и планирование взаимодействий в цифровой среде", "Создадим серию графических и шрифтовых плакатов визуальной коммуникации условного бренда с целевой аудиторией.", "На мастер-классах разберём работы дизайнеров, проанализируем логическую цепочку и поймём, как достичь тех или иных визуальных эффектов с помощью приёмов и эффектов графики.", "Изучим потребности микробизнеса, базовую аналитику, продуктовый подход к созданию веб-сайта. Научимся планировать взаимодействия пользователей в цифровой среде.", "Модуль III. Основы проектирования многостраничного издания и методологии дизайн-системы", "Визуализируем проект пространства в многостраничном издании. Формат свободный.", "Погрузимся в интерфейс программы, чтобы создать веб-презентацию проекта и макет многостраничного издания. Поработаем со страницами, изображениями, шаблонами и модульными сетками, со стилями и свойствами фрейма. Сделаем макет веб-презентации на мастер-классах, а потом научимся экспортировать публикацию в .PDF и готовить макет к печати.", "Изучим методы и инструменты проектирования UX — пользовательского опыта взаимодействия с цифровым продуктом. Освоим основы прототипирования и создадим дизайн-систему в Figma.", "Модуль IV. Основы брендинга. Большой фирменный стиль, HTML- и СSS-вёрстка", "Разработаем брендинговый проект: проанализируем целевую аудиторию и конкурентов, проработаем позиционирование, а потом создадим большой фирменный стиль — визуализируем айдентику и две серии объектов.", "Разберёмся в интерфейсе программы, панелях и инструментах. Настроим рабочее пространство, научимся искать и управлять импортированными файлами, редактировать видео и изображения, работать со звуком и экспортировать в мультимедийный формат.", "Изучим техническую эстетику UI или пользовательского интерфейса цифрового продукта. Освоим основы веб-вёрстки на HTML и CSS.", "Диплом", "Если заканчивали вуз или колледж, выдадим Диплом о профессиональной переподготовке НИУ ВШЭ.", "Если учились без среднего или высшего образования — сертификат.", "Проекты", "Лонгрид в Readymag, посадочная страница для продукта, дизайн-макет многостраничного издания и брендинговый проект.", "СЛЕДУЮЩИЕ КУРСЫ", "Дмитрий Гонтарь", "Занятия проводятся по будним дням в вечернее время.", "Формат обучения — проектная работа и практические воркшопы.", "Мы активно используем сервисы онлайн-общения для обмена ссылками, конспектами, заданиями и файлами, и вы всегда можете пообщаться с преподавателем для получения обратной связи по текущему проекту.", "Напишите куратору программы, опишите проблему или задайте вопрос административного порядка, куратор передаст координаторам учебной части. Также вы можете напрямую написать на почту: dop-design@hse.ru.", "Прием документов заканчивается за 5 дней до старта программы или по факту набора группы.", "Нет, отсутствие высшего образования не является препятствием для поступления.", "При наличии диплома о высшем образовании по окончании программы выдается Диплом о профессиональной переподготовке НИУ ВШЭ.", "Мы принимаем оплату от физических лиц по выставленной квитанции и от юридических лиц по номеру расчетного счета. Вы можете оплатить весь курс сразу или платить по частям: равными долями за каждый модуль. Первая оплата до зачисления на программу. Для студентов и выпускников НИУ ВШЭ скидка 10%.", "Встреча с куратором", "Если не нашли ответа на свой вопрос, можно задать его куратору программы. Куратор поможет разобраться, подойдёт ли вам курс, и расскажет о деталях, которые вас интересуют.", "Чтобы зарегистрироваться на «Встречу с куратором» по видеосвязи, заполните форму ниже. Если возможно, уточните ваш вопрос — так мы сможем подготовить ответ заранее.", "Пожалуйста, указывайте правильный адрес электронной почты. Туда отправим приглашение на онлайн-конференцию.", "«Не бойтесь меняться». Выпускницы магистратуры «Перформанс» об обучении, творчестве и карьере", "«Когда поймете, что рисуете очень много — рисуйте еще больше». Интервью с Настей Вавиловой", "Студенты и выпускники «Предметного и промышленного дизайна» поучаствовали в нескольких конкурсах в мае", "Премьера фильма Николая Коваленко «Место силы» на CoolPlay", "Новости Школы дизайна", "Обращения студентов", "Поблагодарить или пожаловаться", "По вопросам поступления:", "Бакалавриат (доб. 710)", "Магистратура (доб. 703)", "Онлайн-бакалавриат (доб. 709, 711)", "Дополнительное образование (Москва — доб. 705, 706, 712, Санкт-Петербург — доб. 701)", "Детская школа (доб. 707)", "С понедельника по пятницу", "с 10:00 до 18:00", "По общим вопросам", "Метро Павелецкая", "Метро Семёновская", "Основное образование", "Дополнительное образование", "Новости Школы дизайна", "Спасибо, вы успешно подписаны!", "Извините, что-то пошло не так. Попробуйте позже.", "Мы используем файлы cookies для улучшения работы сайта НИУ ВШЭ и большего удобства его использования. Более подробную информацию об использовании файлов cookies можно найти здесь, наши правила обработки персональных данных – здесь. Продолжая пользоваться сайтом, вы подтверждаете, что были проинформированы об использовании файлов cookies сайтом НИУ ВШЭ и согласны с нашими правилами обработки персональных данных. Вы можете отключить файлы cookies в настройках Вашего браузера."]}