{"title": "Зимняя школа – Национальный исследовательский университет «Высшая школа экономики»", "description": "", "url": "https://spb.hse.ru/winter", "data": [{"level": "1", "text": "", "response": ["3-4 февраля 2024ОНЛАЙН / ОЧНО", "РегистрацияЗадать вопрос о поступлении"]}, {"level": "2", "text": "Зимняя школа", "response": ["Зимняя школа – для тех, кто хочет развиваться и достигать новые цели. За два дня участники Школы познакомятся с ведущими преподавателями кампуса и приглашенными экспертами из компаний-партнеров, узнают все о магистерских программах: от международной мобильности до стажировок.", "Участие в Зимней школе – это не только новые знания и обмен опытом, но и дополнительные баллы при поступлении в магистратуру. Каждый участник Зимней школы получит сертификат."]}, {"level": "2", "text": "Для кого", "response": ["Для тех, кто планирует поступление в магистратуру", "В 2024/25 учебном году НИУ ВШЭ – Санкт-Петербург набирает студентов на 25 программ магистратуры: от физики до дизайна. Участники Зимней школы смогут из первых уст узнать о каждой из них и задать интересующие вопросы.", "Для тех, кто хочет сменить направление развития", "Учеба в магистратуре дает возможность изменить направление профессиональной подготовки. Каждый участник Зимней школы сможет получить консультацию с представителями программы, чтобы принять решение о смене траектории развития осмысленно.", "Для тех, кто сомневается, нужно ли поступать в магистратуру", "Зимняя школа – это отличная возможность познакомиться с образовательным процессом, преподавателями и студентами кампуса, задать вопросы, а также узнать о возможностях, которые открывает учеба в магистратуре: участие в международных исследовательских проектах, более 100 программ мобильности, 3 программы двойного диплома, стажировки в компаниях-лидерах индустрий."]}, {"level": "2", "text": "Программа", "response": ["3 февраля", "Открытые онлайн лекции от приглашенных спикеров", "Дискуссия «Экзамен VS Портфолио»", "4 февраля", "Лекция писателя Александра Цыпкина", "Мероприятия образовательных программ", "Prev", "Next", "/"]}, {"level": "2", "text": "Магистратура Высшей школы экономики в Петербурге в 2023/24 учебном году", "response": []}, {"level": "2", "text": "Партнеры Зимней школы", "response": []}, {"level": "2", "text": "Сертификат", "response": ["Для получения сертификата необходимо посетить не менее 3 мероприятий образовательных программ, которые пройдут 4 февраля. Просьба, при подключении к онлайн мероприятиям использовать своё собственное ФИО.", "Информация о посещении мероприятий предоставляется программами оргкомитету.", "Сертификаты будут направлены на электронные почты участников, указанные при регистрации, после 1 марта"]}, {"level": "2", "text": "Контакты", "response": ["Для всех участников Зимней школы будет работать чат в Telegram. В нём вы сможете задать вопросы о поступлении сотрудникам Приёмной комиссии, узнать об учёбе на интересных вам программах у представителей факультетов, а также связаться с организаторами.", "Чат будет доступен 4 февраля с 10:30 до 17:00 мск, но присоединиться к нему можно уже сейчас по ссылке."]}], "links": ["https://spb.hse.ru/winter/prog3", "https://spb.hse.ru/winter/prog4"], "text": ["Зимняя школа", "Зимняя школа – для тех, кто хочет развиваться и достигать новые цели. За два дня участники Школы познакомятся с ведущими преподавателями кампуса и приглашенными экспертами из компаний-партнеров, узнают все о магистерских программах: от международной мобильности до стажировок.", "Участие в Зимней школе – это не только новые знания и обмен опытом, но и дополнительные баллы при поступлении в магистратуру. Каждый участник Зимней школы получит сертификат.", "Участие дает возможность:", "Познакомиться с множеством образовательных программ и выбрать ту, которая подходит именно вам;", "Получить сертификат участника, который дает дополнительные баллы в портфолио при поступлении;", "Получить индивидуальную консультацию, чтобы осмысленно сменить направление обучения после бакалавриата или углубиться в своем;", "Получить приглашение на дни открытых дверей программ.", "Для кого", "Для тех, кто планирует поступление в магистратуру", "В 2024/25 учебном году НИУ ВШЭ – Санкт-Петербург набирает студентов на 25 программ магистратуры: от физики до дизайна. Участники Зимней школы смогут из первых уст узнать о каждой из них и задать интересующие вопросы.", "Для тех, кто хочет сменить направление развития", "Учеба в магистратуре дает возможность изменить направление профессиональной подготовки. Каждый участник Зимней школы сможет получить консультацию с представителями программы, чтобы принять решение о смене траектории развития осмысленно.", "Для тех, кто сомневается, нужно ли поступать в магистратуру", "Зимняя школа – это отличная возможность познакомиться с образовательным процессом, преподавателями и студентами кампуса, задать вопросы, а также узнать о возможностях, которые открывает учеба в магистратуре: участие в международных исследовательских проектах, более 100 программ мобильности, 3 программы двойного диплома, стажировки в компаниях-лидерах индустрий.", "Программа", "3 февраля", "Открытые онлайн лекции от приглашенных спикеров", "Дискуссия «Экзамен VS Портфолио»", "4 февраля", "Лекция писателя Александра Цыпкина", "Мероприятия образовательных программ", "Prev", "Next", "/", "Магистратура Высшей школы экономики в Петербурге в 2023/24 учебном году", "25", "образовательные программы", "6", "программ реализуются полностью на английском языке", "3", "программы двойного диплома с университетами Италии, Испании", "410", "бюджетных мест", "до100%", "скидки на коммерческие места", "80", "партнёров образовательных программ - компании - лидеры индустрий", "Партнеры Зимней школы", "Сертификат", "Для получения сертификата необходимо посетить не менее 3 мероприятий образовательных программ, которые пройдут 4 февраля. Просьба, при подключении к онлайн мероприятиям использовать своё собственное ФИО.", "Информация о посещении мероприятий предоставляется программами оргкомитету.", "Сертификаты будут направлены на электронные почты участников, указанные при регистрации, после 1 марта", "Контакты", "Для всех участников Зимней школы будет работать чат в Telegram. В нём вы сможете задать вопросы о поступлении сотрудникам Приёмной комиссии, узнать об учёбе на интересных вам программах у представителей факультетов, а также связаться с организаторами.", "Чат будет доступен 4 февраля с 10:30 до 17:00 мск, но присоединиться к нему можно уже сейчас по ссылке."]}