{"title": "Программы магистратуры – Национальный исследовательский университет «Высшая школа экономики»", "description": "", "url": "https://nnov.hse.ru/admissions/ma", "data": [{"level": "1", "text": "Магистратура", "response": ["Задать вопросWhatsApp +7 915 932 08 16", "Подать заявку / Войти в личный кабинет"]}, {"level": "2", "text": "Программы магистратуры", "response": []}, {"level": "2", "text": "Траектории поступления", "response": ["Для иностранных граждан существует три траектории поступления в магистратуру НИУ ВШЭ – Нижний Новгород, которые дополняют и не противоречат друг другу:"]}, {"level": "2", "text": "Как поступить", "response": []}, {"level": "2", "text": "Контакты", "response": ["ОТДЕЛ МЕЖДУНАРОДНЫХ СВЯЗЕЙ"]}, {"level": "2", "text": "Наше местоположение", "response": []}, {"level": "2", "text": "г. Нижний Новгород, ул. Львовская, д.1В, офис 113", "response": []}, {"level": "2", "text": "г. Нижний Новгород, ул. Большая Печерская, д.25/12, офис 412", "response": []}], "links": ["https://nnov.hse.ru/admissions/ma/portfolio", "https://nnov.hse.ru/admissions/ma/step1", "https://nnov.hse.ru/admissions/ma/step2", "https://nnov.hse.ru/admissions/ma/step4", "https://nnov.hse.ru/admissions/ma/step5", "https://nnov.hse.ru/ma/appling", "https://nnov.hse.ru/ma/bi/", "https://nnov.hse.ru/ma/data/", "https://nnov.hse.ru/ma/economics/", "https://nnov.hse.ru/ma/eduman/", "https://nnov.hse.ru/ma/finance/", "https://nnov.hse.ru/ma/ls/", "https://nnov.hse.ru/ma/man/", "https://nnov.hse.ru/ma/managing/", "https://nnov.hse.ru/ma/marketing/", "https://nnov.hse.ru/ma/math/", "https://nnov.hse.ru/ma/poetics", "https://nnov.hse.ru/ma/vision/", "https://olymp.hse.ru/ma/"], "text": ["Программы магистратуры", "‍ Прикладная лингвистика и текстовая аналитика", "‍ Искусственный интеллект и компьютерное зрение (онлайн)", "‍ Математика", "‍ Управление развитием компании", "‍ Финансы", "‍ Управление развитием компании", "‍ Интеллектуальный анализ данных", "‍ Бизнес-информатика", "‍ Маркетинг", "‍ Бизнес-аналитика в экономике и менеджменте", "‍ Финансы", "‍ Правовое обеспечение и защита бизнеса", "‍ Управление образованием", "‍ Управление организациями и проектами (онлайн)", "‍ Современные филологические практики: поэтика, интерпретация, комментарий", "Траектории поступления", "Для иностранных граждан существует три траектории поступления в магистратуру НИУ ВШЭ – Нижний Новгород, которые дополняют и не противоречат друг другу:", "ПОСТУПЛЕНИЕ ПО ОТДЕЛЬНОМУ КОНКУРСУ ДЛЯ ИНОСТРАННЫХ ГРАЖДАН", "Прием заявок в магистратуру открыт с 1 ноября 2023 года по 11 августа 2024 года.", "Для поступления необходимо загрузить портфолио в Личный кабинет абитуриента и пройти собеседование.", "Все абитуриенты имеют возможность быть зачисленными на бюджетные или коммерческие (платные) места с возможностью получения скидки (до 50%).", "УЧАСТИЕ В ОЛИМПИАДАХ", "Абитуриенты программ магистратуры могут принять участие в следующих олимпиадах:", "Международная олимпиада Open Doors;", "Олимпиада для студентов и выпускников;", "ПОСТУПЛЕНИЕ ПО ОБЩЕМУ КОНКУРСУ (ТОЛЬКО ДЛЯ ОТДЕЛЬНЫХ КАТЕГОРИЙ)", "Отдельные категории иностранных граждан имеют право претендовать на поступление в магистратуру на бюджетные и платные места наравне с российскими абитуриентами:", "Граждане Беларуси, Казахстана, Таджикистана и Кыргызстана.", "Граждане Азербайджана, Армении, Грузии, Молдовы, Туркменистана, Узбекистана и Украины, постоянно проживающие в России (необходимо иметь вид на жительство в России).", "Соотечественники, проживающие за рубежом (подтверждение статуса соотечественника должно быть предоставлено в соответствии с Федеральным законом N99 от 24.05.1999).", "Абитуриенты сдают вступительный экзамен по английскому языку и собеседование в рамках общей приемной кампании наряду с российскими гражданами.", "Как поступить", "Шаг 1:", "Выбор программы", "Шаг 2:", "Регистрация в личном кабинете", "Шаг 3:", "Рассмотрение заявки и оценка портфолио", "Шаг 4:", "Подготовка документов", "Шаг 5:", "Процедура зачисления", "Контакты", "ОТДЕЛ МЕЖДУНАРОДНЫХ СВЯЗЕЙ", "E-mail", "admissionsnn@hse.ru", "Телефон", "+7 831 436-74-09 (доб. 6513 / 6306)", "WhatsApp", "+7 915 932 08 16", "Telegram", "+7 915 932 08 16", "Балашов Георгий Романович", "Отдел международных связей (Нижний Новгород): Ведущий эксперт", "Шиловская Анна Анатольевна", "Отдел международных связей (Нижний Новгород): Начальник отдела", "Наше местоположение", "г. Нижний Новгород, ул. Львовская, д.1В, офис 113", "г. Нижний Новгород, ул. Большая Печерская, д.25/12, офис 412"]}