{"title": "Crash курсы —  Короткие курсы дополнительного образования в Школе дизайна НИУ ВШЭ ", "description": "", "url": "https://design.hse.ru/dop/crash", "data": [{"level": "1", "text": "Сrash courses", "response": []}, {"level": "2", "text": "70+", "response": ["курсов"]}, {"level": "2", "text": "Занятия", "response": ["по будням"]}, {"level": "2", "text": "30", "response": ["тысяч ₽"]}], "links": [], "text": ["Темы", "CGI и визуальные эффекты", "Contemporary art", "Fine art", "Анимация", "Видеоарт", "Визуальные исследования", "Визуальные эффекты", "Гейм-дизайн", "Дизайн календаря", "Дизайн книги", "Дизайн медиа", "Дизайн среды", "Иллюстрация", "Инфографика", "Искусственный интеллект", "Комикс", "Коммуникационный дизайн", "Креативное предпринимательство", "Мода", "Моушн-дизайн", "Плакат", "Предметный дизайн", "Реклама", "Саунд", "Упаковка", "Фотография", "Футурология", "Формат", "Офлайн", "Онлайн", "Длительность", "2 месяца", "4 месяца"]}