{"title": "Справочник сотрудника — Справочник сотрудника — Национальный исследовательский университет «Высшая школа экономики»", "description": "", "url": "https://handbook.hse.ru/adm_srv", "data": [{"level": "2", "text": "Справочник сотрудника", "response": []}, {"level": "1", "text": "Справочник сотрудника", "response": []}], "links": ["http://handbook.hse.ru/car", "http://hr.hse.ru/holiday", "http://portal.hse.ru", "http://ruz.hse.ru/RUZViewWeb/Default.aspx", "http://www.hse.ru/aukr/", "http://www.hse.ru/cpc/", "http://www.hse.ru/org/hse/aup/hr/rewards", "https://acmobility.hse.ru/", "https://benefits.hse.ru/finsupport", "https://benefits.hse.ru/med_kabinet", "https://bpm.hse.ru/Runtime/Form/ATM__F__New__Request/", "https://bpm.hse.ru/Runtime/Form/REG__f__SI__Register/", "https://bpm.hse.ru/Runtime/Runtime/Form.aspx", "https://bpm.hse.ru/Runtime/Runtime/Form/AHO__f__NewRequest/", "https://bpm.hse.ru/Runtime/Runtime/Form/PS__f__RequstPaySheet/", "https://bpm.hse.ru/Runtime/Runtime/Form/PS__f__SubscribeForMailing/", "https://bpm.hse.ru/Runtime/Runtime/Form/RIA__f__NewRequest/", "https://bpm.hse.ru/Runtime/Runtime/Form/UDSP__f__NewRequest/", "https://bpm.hse.ru/Runtime/Runtime/Form/UDVZK__f__NewRequest/", "https://bpm.hse.ru/Runtime/Runtime/Form/UMTO__f__newrequest", "https://bpm.hse.ru/Runtime/Runtime/Form/ZPU__f__NewRequest/", "https://bpm.hse.ru/Runtime/Runtime/Form/ZPU__f__newUrl/", "https://eduexchange.hse.ru/", "https://event.hse.ru/eventonline", "https://event.hse.ru/how", "https://fd.hse.ru/servisy/materialno_otvetstvennym/oformlenie_materialnoy_otvetstvennosti", "https://handbook.hse.ru/adm_srv/card/166753159", "https://handbook.hse.ru/adm_srv/card/166894742", "https://handbook.hse.ru/adm_srv/card/167718034", "https://handbook.hse.ru/adm_srv/card/168717132", "https://handbook.hse.ru/adm_srv/card/184855452", "https://handbook.hse.ru/adm_srv/card/184862033", "https://handbook.hse.ru/reference", "https://handbook.hse.ru/responsibilities/fresponsible", "https://handbook.hse.ru/responsibilities/managers", "https://hr.hse.ru/business_trip", "https://hr.hse.ru/gph", "https://hrd.hse.ru/podboraupuxpaho", "https://ico.hse.ru/add", "https://ico.hse.ru/coop", "https://ico.hse.ru/forms_and_guidelines", "https://ico.hse.ru/partners", "https://ico.hse.ru/visits", "https://ifhandbook.hse.ru/handbook", "https://legal.hse.ru/", "https://lk.hse.ru/service-it-detail/28", "https://lk.hse.ru/service/ELK_Telework-Line_AllUsers", "https://lk.hse.ru/service/ELK_Telework-Line_AllUsers/BPM", "https://lk.hse.ru/service/ELK_Telework-Line_AllUsers/ELK", "https://lk.hse.ru/service/ELK_Telework-Line_AllUsers/ELK_TSM_AllUsers", "https://mspo.hse.ru/interassociations/", "https://pmo.hse.ru/servicedesk/customer/portal/65/create/538", "https://pmo.hse.ru/servicedesk/customer/portal/81/create/1815", "https://print.hse.ru/", "https://sed.hse.ru/", "https://translate.hse.ru/", "https://ud.hse.ru/prikaz", "https://visa.hse.ru/", "https://visitingscholar.hse.ru/", "https://www.hse.ru/cpk/", "https://www.hse.ru/data/2017/11/20/1161014579/Consolidation.pptx", "https://www.hse.ru/docs/421999770.html", "https://www.hse.ru/info/brandbook/", "https://www.hse.ru/intpartners/erasmus", "https://www.hse.ru/medical/", "https://www.hse.ru/mircard", "https://www.hse.ru/org/hse/aup/realestate/conaud/", "https://www.hse.ru/org/hse/aup/security/propusk-staff", "https://www.hse.ru/org/hse/thesaurus/", "https://www.hse.ru/procurement/", "https://www.hse.ru/procurement/grafik"], "text": ["Кадровое обеспечениеПодбор персоналаПоддержка иностранных работниковОформление больничного листаОформление справок с места работыНаграждение сотрудниковОтпускКомандировкаПолучение электронного пропускаСоциальные вопросыМатериальная помощьПсихологическая помощьМедицинское обслуживаниеДоврачебная медицинская помощьОформление документовСистема электронного документооборотаОформление приказаОформление служебной запискиДоговоры ГПХПолучение заверенных копий документовЗакупкиМероприятия, стажировки, визиты, питание  Закупки для научного блокаЗакупки товаров, работ, услугКонсолидация мелких закупокГрафик движения документовПравовая поддержкаКонсультацияЭкспертиза ЛНАСогласование договораОформление доверенностиЗаверение копий документовРегистрация РИДПодача искового заявленияПрочие сервисыМатериально-техническое обеспечениеЗаказ канцелярских принадлежностейМелкий ремонт в помещенииЗаказ автотранспортаВыделение помещения для подразделенияОнлайн заказ в типографииПамятка для материально ответственного лицаОрганизационная поддержкаОрганизация научных мероприятийО проведении онлайн-мероприятийЗаказ аудиторииЗаказ визитокПроверка загруженности аудиторииИТ-услугиГорячая линия НИУ ВШЭСвязь и электронная почтаВыдача и аренда офисного (компьютерного) оборудованияПодключение к информационным системамПрограммное обеспечениеСерверы и хранение данныхТехническая поддержка на рабочем местеОбращение к руководству ИТЗаказ расходных материалов для оргтехникиИнформация о полномочиях и структуре НИУ ВШЭТехническая поддержка мероприятийИнформационная безопасностьОбращение по любым IT-вопросамИнформационная поддержкаРабота с порталомPR-кампания подразделения или образовательной программыПодготовка презентацииОтветственные за персональные страницыОтветственные за сайты подразделенийРусско-английский глоссарий терминовФинансовые вопросыОформление банковской картыПолучение расчетного листкаЕжемесячная рассылка расчетных листковПрофессиональное развитиеАдминистративный кадровый резервПовышение квалификацииПоддержка международной деятельностиПриём и поддержка специалистов (международный рекрутинг)Заключение договоров о мобильностиВизово-миграционная поддержкаПриглашение гостевых профессоров и исследователейПеревод нормативных документовПоддержка студенческой мобильностиПоддержка международных партнерствМеждународные партнеры НИУ ВШЭМеждународные договоры: рекомендации, формы, памяткиМеждународные договоры о сотрудничестве: подготовка и заключениеПрограмма Erasmus+Членство в международных ассоциацияхПрием иностранных официальных лиц и делегацийДополнительная информация для международных координаторов"]}