{"title": "Факультет биологии и биотехнологии – Национальный исследовательский университет «Высшая школа экономики»", "description": "", "url": "https://biology.hse.ru/", "data": [{"level": "1", "text": "Факультет биологии и биотехнологии НИУ ВШЭ", "response": []}, {"level": "2", "text": "О факультете", "response": []}, {"level": "2", "text": "Мы — факультет о жизни и для жизни", "response": ["Факультет биологии и биотехнологии НИУ ВШЭ готовит высококвалифицированных специалистов в области биологии, биотехнологий и молекулярной нейробиологии, востребованных в сфере науки (научно-исследовательские центры, академические институты, технопарки) и различных отраслях экономики (фармацевтической, медицинской, индустрии биотехнологий). Научная деятельность является обязательным элементом образовательного процесса на факультете. Среди преподавателей факультета — академики и члены-корреспонденты РАН, профессора, ведущие ученые и специалисты-практики.", "О факультете"]}, {"level": "2", "text": "Мероприятия", "response": ["16", "мая", "16:00", "День открытых дверей программ бакалавриата факультета биологии и биотехнологии", "23", "мая", "16:00", "День открытых дверей магистерской программы \"Клеточная и молекулярная биотехнология\"", "Все мероприятия"]}, {"level": "2", "text": "Новости", "response": ["Все новости"]}, {"level": "2", "text": "Публикации", "response": ["Все публикации"]}, {"level": "2", "text": "Напишите нам или задайте свой вопрос", "response": []}], "links": ["https://aspirantura.hse.ru/biology/", "https://biology.hse.ru/about", "https://biology.hse.ru/announcements/917438178.html", "https://biology.hse.ru/announcements/917438831.html", "https://biology.hse.ru/ibch/", "https://biology.hse.ru/ilms/", "https://biology.hse.ru/lmp/", "https://biology.hse.ru/longevity/", "https://biology.hse.ru/news/", "https://biology.hse.ru/news/914802449.html", "https://biology.hse.ru/news/918394040.html", "https://biology.hse.ru/news/admission/", "https://biology.hse.ru/news/announcements/", "https://biology.hse.ru/news/community/", "https://biology.hse.ru/news/edu/", "https://biology.hse.ru/news/keywords/1243190/", "https://biology.hse.ru/news/keywords/13007709/", "https://biology.hse.ru/news/keywords/191859392/", "https://biology.hse.ru/news/keywords/410134806/", "https://biology.hse.ru/news/keywords/83186153/", "https://biology.hse.ru/news/keywords/914801693/", "https://biology.hse.ru/news/keywords/917163632/", "https://biology.hse.ru/news/keywords/917163675/", "https://biology.hse.ru/news/keywords/918394009/", "https://biology.hse.ru/news/ou/177637215/", "https://biology.hse.ru/news/ou/463548741/", "https://biology.hse.ru/news/ou/527963569/", "https://biology.hse.ru/news/science/", "https://biology.hse.ru/polls/530407065.html", "https://biology.hse.ru/polls/859373759.html", "https://biology.hse.ru/publications/", "https://iq.hse.ru/news/915376131.html", "https://publications.hse.ru/view/797767331", "https://publications.hse.ru/view/816624242", "https://publications.hse.ru/view/849032088", "https://publications.hse.ru/view/854635105", "https://www.hse.ru/ba/cmb/", "https://www.hse.ru/ba/neuroscience/", "https://www.hse.ru/ba/neuroscience/news/917163729.html", "https://www.hse.ru/ma/bioeconomics/", "https://www.hse.ru/ma/bioeconomics/news/915120938.html"], "text": ["О факультете", "Мы — факультет о жизни и для жизни", "Факультет биологии и биотехнологии НИУ ВШЭ готовит высококвалифицированных специалистов в области биологии, биотехнологий и молекулярной нейробиологии, востребованных в сфере науки (научно-исследовательские центры, академические институты, технопарки) и различных отраслях экономики (фармацевтической, медицинской, индустрии биотехнологий). Научная деятельность является обязательным элементом образовательного процесса на факультете. Среди преподавателей факультета — академики и члены-корреспонденты РАН, профессора, ведущие ученые и специалисты-практики.", "О факультете", "Мероприятия", "16", "мая", "16:00", "День открытых дверей программ бакалавриата факультета биологии и биотехнологии", "23", "мая", "16:00", "День открытых дверей магистерской программы \"Клеточная и молекулярная биотехнология\"", "Все мероприятия", "Новости", "Все новости", "27 апреля", "Поздравляем с днем биолога!", "Общество", "день биолога", "праздник", "23 апреля", "На образовательной программе «Когнитивная нейробиология» начинается распределение по специализациям", "Образование", "нейрофизиология", "Системная нейробиология", "специализации ОП Когнитивная нейробиология", "Образовательная программа «Когнитивная нейробиология»", "17 апреля", "Между древним и современным населением Кавказа обнаружили генетический мост", "Научно-образовательный портал IQ", "16 апреля", "Новая траектория обучения открывается в магистратуре факультета биологии и биотехнологии с сентября 2024 г", "Поступающим", "биотехнология растений", "магистратура", "траектория обучения", "Магистерская программа «Клеточная и молекулярная биотехнология»", "15 апреля", "Сразу три проекта студентов факультета биологии и биотехнологии стали победителями конкурса \"Научная инициатива\"", "Наука", "конкурс \"Научная инициатива\"", "Все новости", "Подписаться на новости", "Программы", "Бакалавриат", "Программа «Когнитивная нейробиология»", "Подробнее", "Бакалавриат", "Программа «Клеточная и молекулярная биотехнология»", "Подробнее", "Магистратура", "Программа «Клеточная и молекулярная биотехнология»", "Подробнее", "Аспирантура", "Аспирантская школа по биологии", "Подробнее", "Подразделения", "Mеждународная лаборатория микрофизиологических систем", "Лаборатория занимается разработкой нового метода персонализированной лекарственной терапии для больных раком, включающего в себя создание трехмерной культуры опухолевых органоидов в лабораторных условиях с последующим проведением персонифицированного теста химиотерапев­тических и таргетных препаратов для определения наиболее эффективной терапии для каждого конкретного пациента.", "Подробнее", "Лаборатория молекулярной физиологии", "Лаборатория занимается изучением роли изоформ микроРНК в патогенезе кишечных заболеваний и разработкой новых подходов к терапевтическому воздействию с использованием изоформ микроРНК при нарушении функций кишечника.", "Подробнее", "Базовая кафедра Института биоорганической химии им. академиков М. М. Шемякина и Ю. А. Овчинникова РАН", "Целью создания кафедры является использование научного и преподавательского потенциала ведущих научных сотрудников ИБХ РАН для организации на факультете биологии и биотехнологии научно-образовательного центра мирового уровня.", "Подробнее", "Лаборатория исследований молекулярных механизмов долголетия", "Лаборатория осуществляет научно-исследовательскую деятельность в области исследований молекулярных механизмов долголетия.", "Подробнее", "Публикации", "Статья", "Staroverov V., Nersisyan S., Galatenko A. V. et al.", "Development of a novel mathematical model that explains SARS-CoV-2 infection dynamics in Caco-2 cells", "PeerJ. 2023. Vol. 11.", "Статья", "Nikulin S., Razumovskaya A., Poloznikov A. et al.", "ELOVL5 and IGFBP6 genes modulate sensitivity of breast cancer cells to ferroptosis", "Frontiers in Molecular Biosciences. 2023. Vol. 10.", "Статья", "Shkurnikov M., Nersisyan S., Averinskaya D. et al.", "HLA-A*01:01 allele diminishing in COVID-19 patients population associated with non-structural epitope abundance in CD8+ T-cell repertoire", "PeerJ. 2023. Vol. 11.", "Статья", "Guzal Khayrullina, Martynova O., Elizaveta P.", "Increased error rate and delayed response to negative emotional stimuli in antisaccade task in obsessive-compulsive disorder", "International Journal of Psychophysiology. 2023. No. 192. P. 62-71.", "Все публикации", "Напишите нам или задайте свой вопрос"]}