{"title": "Противодействие коррупции — Национальный исследовательский университет «Высшая школа экономики»", "description": "", "url": "https://www.hse.ru/anticorruption/", "data": [{"level": "1", "text": "Противодействие коррупции", "response": []}], "links": ["http://www.hse.ru/anticorruption/anticor_expertise", "http://www.hse.ru/anticorruption/documents", "http://www.hse.ru/anticorruption/information", "http://www.hse.ru/anticorruption/methodical_material", "http://www.hse.ru/anticorruption/regulation", "http://www.hse.ru/org/hse/us/academic_ethics", "https://www.hse.ru/data/2019/02/16/1193269084/"], "text": ["Нормативные правовые и иные акты в сфере противодействия коррупции", "Антикоррупционная экспертиза", "Методические материалы", "Сведения о доходах, расходах, об имуществе и обязательствах имущественного характера", "Комиссия по академической этике", "Материалы на сайте НИУ ВШЭ размещены в соответствии с требованиями Приказа Министерства труда и социальной защиты РФ №530н от 7 октября 2013 г.", "«О требованиях к размещению и наполнению подразделов, посвященных вопросам противодействия коррупции, официальных сайтов федеральных государственных органов, Центрального банка Российской Федерации, Пенсионного фонда Российской Федерации, Фонда социального страхования Российской Федерации, Федерального фонда обязательного медицинского страхования, государственных корпораций (компаний), иных организаций, созданных на основании федеральных законов, и требованиях к должностям, замещение которых влечет за собой размещение сведений о доходах, расходах, об имуществе и обязательствах имущественного характера» (PDF, 10.65 Мб)", "Приложение № 1 Требования к размещению и наполнению подразделов, посвященных вопросам противодействия коррупции, официальных сайтов федеральных государственных органов, Центрального банка Российской Федерации, Пенсионного фонда Российской Федерации, Фонда социального страхования Российской Федерации, Федерального фонда обязательного медицинского страхования, государственных корпораций (компаний), иных организаций, созданных на основании федеральных законов (PDF, 165 Кб)", "Приложение № 2 Требования к должностям, замещение которых влечет за собой размещение сведений о доходах, расходах, об имуществе и обязательствах имущественного характера (PDF, 98 Кб)", "Приказ Министерства труда и социальной защиты РФ №490н от 26 июля 2018 г. «О внесении изменений в приказ Министерства труда и социальной защиты Российской Федерации от 7 октября 2013 г. № 530н «О требованиях к размещению и наполнению подразделов, посвященных вопросам противодействия коррупции, официальных сайтов федеральных государственных органов, Центрального банка Российской Федерации, Пенсионного фонда Российской Федерации, Фонда социального страхования Российской Федерации, Федерального фонда обязательного медицинского страхования, государственных корпораций (компаний), иных организаций, созданных на основании федеральных законов, и требованиях к должностям, замещение которых влечет за собой размещение сведений о доходах, расходах, об имуществе и обязательствах имущественного характера» (PDF, 138 Кб)"]}