{"title": "Программа подготовки к сдаче экзамена CFA Level 2 – Банковский институт – Национальный исследовательский университет «Высшая школа экономики»", "description": "", "url": "https://binst.hse.ru/cfa2", "data": [{"level": "1", "text": "Программа подготовки к сдаче экзамена CFA Level 2", "response": []}, {"level": "2", "text": "Структура программы", "response": ["Учебный план CFA Lvl2 2021-2022"]}, {"level": "2", "text": "Как поступить", "response": ["Необходимые документы", "Оригинал и копия паспорта или документа, заменяющего его", "Оригинал и копия документа об образовании и квалификации или справка об обучении для лиц, получающих высшее образование", "Оригинал и копия документа об изменении фамилии, имени, отчества (при необходимости)", "Для информации пример заключаемого договора:  Договор", "Требования к слушателям", "Программа предназначена для лиц, успешно сдавших CFA Level I и желающих подготовиться к CFA Level II.", "Программа предназначена для лиц, имеющих или получающих высшее образование - бакалавры (последний год обучения); магистры; аспиранты.", "Для поступления необходимо иметь базовые знания английского языка, математики и владеть базовыми понятиями о финансовой отчетности.", "Обучение на программе проходит на русском языке, однако все презентации, раздаточные материалы, а также учебные пособия предоставляются на английском языке."]}, {"level": "2", "text": "Контакты", "response": ["Щепочкина Наталья Сергеевна", "Менеджер программы", "email: nschepochkina@hse.ru; тел.: +7 (495) 772-95-90 доб. 22484"]}], "links": [], "text": ["Мы используем файлы cookies для улучшения работы сайта НИУ ВШЭ и большего удобства его использования. Более подробную информацию об использовании файлов cookies можно найти здесь, наши правила обработки персональных данных – здесь. Продолжая пользоваться сайтом, вы подтверждаете, что были проинформированы об использовании файлов cookies сайтом НИУ ВШЭ и согласны с нашими правилами обработки персональных данных. Вы можете отключить файлы cookies в настройках Вашего браузера.", "101000, г. Москва, ул. Мясницкая, д. 20, кабинет М20-541. Проезд: м. Лубянка, м. Китай-город.", "+7 (495) 772 95 90 доб. 22463/ 22484/ 22454", "e-mail: bank@hse.ru", "Мы в Telegram и Вконтакте", "Программа рассчитана на профессионалов в области инвестиций и финансовых рынков, успешно сдавших первый уровень экзамена CFA и желающих повысить свою квалификацию до уровня CFA  Level 2. Программа позволит получить необходимые знания для прохождения второго этапа из трех на пути к званию Chartered Financial Analyst (CFA).", "Стоимость обучения:", "160 000 руб. НДС не облагается.", "ВЫШКА+:", "данная программа участвует в проекте", "Учебный план CFA Lvl2 2021-2022", "Для информации пример заключаемого договора:  Договор", "Менеджер программы", "Справочно: Звание Chartered Financial Analyst получают финансовые специалисты, последовательно сдавшие три уровня экзаменов, а также имеющие не менее чем четырехлетний опыт работы в сфере инвестиций и финансов. Кроме того, для получения степени CFA требуется принять этический кодекс и стандарты профессионального поведения CFA Institute, а также стать зарегистрированным членом CFA Institute и одного из местных обществ, входящих в эту организацию. По оценкам специалистов сертификат CFA - один из наиболее авторитетнейших в мире в области финансов и инвестиций. Сертификат CFA выдается CFA Institute (USA) - международной организацией, к настоящему времени объединяющей более 100 тысяч финансовых специалистов из более чем 130 стран мира. Более подробная информация представлена на сайте Института CFA.", "CFA Institute does not endorse, promote, review, or warrant the accuracy of the preparatory sources offered by National Research University Higher School of Economics or verify or endorse the pass rates claimed by National Research University Higher School of Economics. CFA®, and Chartered Financial Analyst® are trademarks owned by CFA Institute."]}