{"title": "Защита кандидатской диссертации Кодряна Максима Станиславовича – Диссертационные советы – Национальный исследовательский университет «Высшая школа экономики»", "description": "", "url": "https://www.hse.ru/science/disscoun/announcements/879981809.html", "data": [{"level": "1", "text": "Защита кандидатской диссертации Кодряна Максима Станиславовича", "response": []}], "links": ["https://www.hse.ru/sci/diss/858128128", "https://www.hse.ru/science/disscoun/", "https://www.hse.ru/science/disscoun/news/announcements/keywords/224743916/", "https://www.hse.ru/staff/dvetrov"], "text": ["Защита кандидатской диссертации Кодряна Максима Станиславовича", "Мероприятие завершено", "23 января 2024 года состоится защита диссертации Кодряна Максима Станиславовича на тему \"Динамика обучения и ландшафт функции потерь нейронных сетей с масштабно-инвариантными параметрами\", представленной на соискание ученой степени кандидата компьютерныхх наук.Научный руководитель: к.ф.-м.н. Ветров Дмитрий ПетровичНачало: 17:00Защита диссертации будет проходить в дистанционном формате. Для получения доступа к онлайн-трансляции защиты обратитесь к менеджеру диссертационного совета.С текстом диссертации, резюме и материалами по защите можно ознакомиться по ссылке.", "Дата", "23 января 17:00", "Темы", "Совет по компьютерным наукам", "В статье упомянуты", "Диссертационные советы"]}