{"title": "Обучение онлайн Бренд-менеджменту в Москве — Дистанционные курсы по брендингу от ВШЭ", "description": "", "url": "https://marketing.hse.ru/bm-dot/", "data": [{"level": "1", "text": "Бренд-менеджмент: практический курс", "response": ["Управление брендом –в новых реалиях", "Дистанционное обучение на бренд-менеджера: комплексная программа-интенсив по разработке и управлению брендом в условиях меняющейся среды", "Забронировать место", "Программа повышения квалификации", "Дистанционные образовательные технологии", "на платформе iSpring"]}, {"level": "2", "text": "О программе", "response": ["Профессия \"Бренд-менеджер\": программа обучает методологии бренд-ориентированного маркетинга и предлагает пошаговый алгоритм работы с брендом – разработка и вывод на рынок нового бренда, правовая охрана, позиционирование и идентичность, коммуникационная стратегия на базе современных и эффективных медиа- и онлайн-каналов"]}, {"level": "2", "text": "Результат", "response": []}, {"level": "2", "text": "Для кого", "response": []}, {"level": "2", "text": "Программаобучения", "response": []}, {"level": "2", "text": "Преподавательский состав", "response": []}, {"level": "2", "text": "Документоб окончании", "response": []}, {"level": "2", "text": "Формат обучения", "response": ["Формат занятий", "Online (удаленно)", "График занятий", "самостоятельная работа на образовательной платформе iSpring(в том числе - видеолекции, лонгриды, тесты)", "вебинары 1-2 раза в модуль с 20.00 - 21.30 (мск)", "Менторство", "Онлайн-консультации преподавателей и экспертов школы", "Состав занятий", "15% видео-лекции ведущих лидеров рынка", "35% вебинары по разбору тем модулей и кейсов", "20% групповая работа с кейсами рынка, выполнение практических заданий, изучение дополнительных материалов", "30% подготовка итоговой работы", "Состав группы", "Количество мест ограничено", "Итоговая работа", "Маркетинговая стратегия бренда, разработанная с учетом вызовов на момент обучения (групповой проект)"]}, {"level": "2", "text": "Стоимость и условия", "response": []}, {"level": "2", "text": "Отзывы выпускников курса", "response": []}, {"level": "2", "text": "Сообщество", "response": []}, {"level": "2", "text": "Интересует корпоративное обучение для решения бизнес-задач компании?", "response": []}, {"level": "2", "text": "О Центре", "response": []}], "links": [], "text": ["Центр развития компетенцийв маркетинге", "Профессия \"Бренд-менеджер\": программа обучает методологии бренд-ориентированного маркетинга и предлагает пошаговый алгоритм работы с брендом – разработка и вывод на рынок нового бренда, правовая охрана, позиционирование и идентичность, коммуникационная стратегия на базе современных и эффективных медиа- и онлайн-каналов", "Стать частью комьюнити Школы - значит войти в сообщество тех, кто хочет бытьв авангарде маркетинга в России."]}