{"title": "Комплекс маркетинга в компании в Москве, курс по разработке комплекса маркетинговых мероприятий — Программа повышения квалификации от ВШЭ", "description": "", "url": "https://marketing.hse.ru/complexpage/", "data": [{"level": "1", "text": "Комплекс маркетингав компании", "response": ["Функция маркетинга в новых реалиях", "Дистанционная программа-интенсив для разработки эффективного продвижения в условиях постоянно меняющейся среды, ограниченного рынка и высокой конкуренции", "Забронировать место", "Программа повышения квалификации", "Дистанционные образовательные технологии", "на образовательной платформе iSpring"]}, {"level": "2", "text": "О программе", "response": ["Разработка маркетингового комплекса, отвечающего вызовам новой реальности, для своей компании/продукта"]}, {"level": "2", "text": "Результат", "response": ["После успешной защиты выпускной работы вы разработаете готовый ко внедрению маркетинговый план, который включает:"]}, {"level": "2", "text": "Для кого", "response": []}, {"level": "2", "text": "Программаобучения", "response": []}, {"level": "2", "text": "Преподавательский состав", "response": []}, {"level": "2", "text": "Документоб окончании", "response": []}, {"level": "2", "text": "Формат обучения", "response": ["Форматзанятий", "Онлайн", "Графикзанятий", "вебинары 1 раз в 2 недели с 20.00 - 21.30 (мск)самостоятельная работа на образовательной платформе iSpring", "Менторство", "Постоянная поддержка куратора", "Составгруппы", "Количество мест ограничено, в группе не более 30 человек", "Составзанятий", "25% видеолекции от ведущих экспертов рынка и тесты самопроверки15% вебинары – обсуждение вопросов слушателей, разбор кейсов", "30% выполнение домашних заданий,  изучение дополнительных материалов  30% подготовка итоговой работы", "Итоговаяработа", "Маркетинговый план, который можно сразу внедрить в своей компании"]}, {"level": "2", "text": "Стоимость и условия", "response": []}, {"level": "2", "text": "Отзывы выпускников курса", "response": []}, {"level": "2", "text": "Сообщество", "response": []}, {"level": "2", "text": "Интересует корпоративное обучение для решения бизнес-задач компании?", "response": []}, {"level": "2", "text": "О Центре", "response": []}], "links": [], "text": ["Центр развития компетенцийв маркетинге", "Разработка маркетингового комплекса, отвечающего вызовам новой реальности, для своей компании/продукта", "После успешной защиты выпускной работы вы разработаете готовый ко внедрению маркетинговый план, который включает:", "Стать частью комьюнити Школы - значит войти в сообщество тех, кто хочет бытьв авангарде маркетинга в России."]}