{"title": "Турецкий язык — Центр языковой и методической подготовки — Национальный исследовательский университет «Высшая школа экономики»", "description": "", "url": "https://clt.hse.ru/pk_tur", "data": [{"level": "2", "text": "Центр языковой и методической подготовки", "response": []}, {"level": "1", "text": "Турецкий язык", "response": ["Турецкий язык (уровни А1 и А2)            ПРИГЛАШАЕМ ВСЕХ ЖЕЛАЮЩИХ ИЗУЧАТЬ ТУРЕЦКИЙ ЯЗЫК Выучить турецкий язык с нуля? Это возможно!!! Турецкий язык  не так прост, и не так сложен  в изучении. Но на базовом уровне его можно освоить и за короткий срок- было бы желание!  К тому же он логичен и мелодичен - говорить на нем  одно удовольствие! Несколько фактов, подтверждающих это: - слова пишутся так же, как и слышатся; - нет деления на мужской, женский  и средний род, нет склонений; -четкая структура предложения: - звуки не образуют сложных последовательностей из мягких и твердых согласных.   НО И ЭТО ЕЩЕ НЕ ВСЕ! Довольно много слов в турецком нам знакомы, а значит запоминать их не прийдется. Их 43. А  вот небольшой список одинаковых слов:  Limon - лимон Avokado - авокадо Kabak - кабак (тыква), кабачок Şapka - шапка. В турецком варианте относится именно к шляпам, а вязаная зимняя шапка - bere Vagon - вагон Benzin - бензин Paket - пакет Ambar - амбар Koridor - коридор Adres - адрес Doktor - доктор Pilot - пилот Plaj - пляж Kefir - кефир                                                           И ТАК ВЫБОР ЗА ВАМИ! Присоединяйтесь к сотням людей, изучающих и с успехом использующих турецкий язык в ходе стажировок в зарубежных университетах, а также для дружеских и деловых контактов с турецкими сверстниками и коллегами!"]}], "links": ["https://www.hse.ru/edu/dpo/795955345"], "text": ["Турецкий язык             Турецкий язык (уровни А1 и А2)            ПРИГЛАШАЕМ ВСЕХ ЖЕЛАЮЩИХ ИЗУЧАТЬ ТУРЕЦКИЙ ЯЗЫК Выучить турецкий язык с нуля? Это возможно!!! Турецкий язык  не так прост, и не так сложен  в изучении. Но на базовом уровне его можно освоить и за короткий срок- было бы желание!  К тому же он логичен и мелодичен - говорить на нем  одно удовольствие! Несколько фактов, подтверждающих это: - слова пишутся так же, как и слышатся; - нет деления на мужской, женский  и средний род, нет склонений; -четкая структура предложения: - звуки не образуют сложных последовательностей из мягких и твердых согласных.   НО И ЭТО ЕЩЕ НЕ ВСЕ! Довольно много слов в турецком нам знакомы, а значит запоминать их не прийдется. Их 43. А  вот небольшой список одинаковых слов:  Limon - лимон Avokado - авокадо Kabak - кабак (тыква), кабачок Şapka - шапка. В турецком варианте относится именно к шляпам, а вязаная зимняя шапка - bere Vagon - вагон Benzin - бензин Paket - пакет Ambar - амбар Koridor - коридор Adres - адрес Doktor - доктор Pilot - пилот Plaj - пляж Kefir - кефир                                                           И ТАК ВЫБОР ЗА ВАМИ! Присоединяйтесь к сотням людей, изучающих и с успехом использующих турецкий язык в ходе стажировок в зарубежных университетах, а также для дружеских и деловых контактов с турецкими сверстниками и коллегами!", "Нашли опечатку?", "Выделите её, нажмите Ctrl+Enter и отправьте нам уведомление. Спасибо за участие!", "Сервис предназначен только для отправки сообщений об орфографических и пунктуационных ошибках."]}