{"title": "Национальный исследовательский университет «Высшая школа экономики»", "description": "", "url": "https://www.hse.ru/edu/dpo/480089844", "data": [{"level": "1", "text": "Высшая школа экономики", "response": ["Национальный исследовательский университет"]}, {"level": "1", "text": "Страница не найдена", "response": ["Возможно, она никогда не существовала или была удалена.", "Вернитесь назад, перейдите на главную страницу сайта или воспользуйтесь поиском.", "Найти", "Если вы уверены, что ошибка возникла по нашей вине, и хотите сообщить об этом, напишите нам."]}, {"level": "2", "text": "Контакты", "response": []}], "links": ["http://design.hse.ru", "https://admissions.hse.ru/", "https://ba.hse.ru/", "https://pr.hse.ru/news", "https://social.hse.ru/psy/", "https://www.hse.ru/", "https://www.hse.ru/buildinghse", "https://www.hse.ru/contacts.html", "https://www.hse.ru/copyright", "https://www.hse.ru/dormitory/", "https://www.hse.ru/education/faculty/", "https://www.hse.ru/my-hse-house/", "https://www.hse.ru/org/hse/buildinghse/track", "https://www.hse.ru/org/persons/", "https://www.hse.ru/pr/press", "https://www.hse.ru/sho"], "text": ["Страница не найдена", "Возможно, она никогда не существовала или была удалена.", "Вернитесь назад, перейдите на главную страницу сайта или воспользуйтесь поиском.", "Найти", "Если вы уверены, что ошибка возникла по нашей вине, и хотите сообщить об этом, напишите нам.", "Факультеты и институты НИУ ВШЭ", "«Департамент психологии»", "Иллюстрация студента", "Школы дизайна НИУ ВШЭ", "Анастасии Лебедевой", "Контакты", "Главный корпус", "109028, г. Москва, Покровский бульвар, д. 11", "Справочная:", "+ 7 495 771-32-32", "Для соединения с внутренним номером подразделения/сотрудника:", "+7 495 531-00-00", "+ 7 495 772-95-90", "Узнать телефонный номер сотрудника", "Факс: + 7 495 628-79-31", "hse@hse.ru", "Приемная комиссия", "Москва, ул. Мясницкая, д. 20", "+ 7 495 771 32 42", "+ 7 495 916 88 44", "abitur@hse.ru", "MyHSEhouse - твои возможности для жизни в большом городе", "Общежития", "Управление размещения студентов", "+ 7 495 531 00 67", "sho@hse.ru", "Приемная комиссия", "для иностранных граждан", "+ 7 495 531 00 59", "inter@hse.ru", "WhatsApp + 7 916 311 85 21", "Управление международного партнёрства", "inter_coop@hse.ru", "Карта зданий", "Проложить маршрут", "Пресс-служба ВШЭ", "+ 7 495 772-95-67", "+ 7 495 916-88-67", "press@hse.ru", "Пресс-релизы", "Условия использования материалов", "Профилактика Covid-19", "«Горячая линия» Ситуационного центра Минобрнауки", "+7 (495) 198-00-00"]}