{"title": "Terms and conditions for using the website — HSE University", "description": "", "url": "http://www.hse.ru/en/copyright", "data": [{"level": "2", "text": "", "response": []}, {"level": "1", "text": "Terms and conditions for using the website", "response": ["Materials on the website of the National Research University Higher School of Economics (www.hse.ru) posted in the ‘News’ and ‘Announcements’ are available under licenses CC BY-ND-NC 4.0. The use of such materials shall be deemed as acceptance of the terms of such licenses.", "Materials posted in other sections of the website can be used for the purposes of review provided that a specific reference to other terms and conditions of use is not placed on that same page. Active links to materials in other information sources are permitted without the direct copying of content.", "Website materials, with the exception of materials whose copyright holder is not the university, can be used to add to the free encyclopaedia Wikipedia (wikipedia.org) in any way, including through preparation of an accurate translation, with the exception of their reworking, with mandatory indication of the authors of such materials if information about them is available on the university’s website.", "Any use of materials requires an active link to the source located at www.hse.ru.", "Use of materials outside the abovementioned methods, including copying, reproducing, processing and any commercial use, is prohibited.", "HSE logos are displayed on the website and are registered as trademarks.", "For all matters related to intellectual property rights that are posted on the www.hse.ru website, you can contact the department of legal support for research activities and intellectual property issues at the Legal Department.", "HSE website uses images from iStock collection."]}], "links": ["http://www.hse.ru/", "http://www.hse.ru/en/"], "text": ["Terms and conditions for using the websiteMaterials on the website of the National Research University Higher School of Economics (www.hse.ru) posted in the ‘News’ and ‘Announcements’ are available under licenses CC BY-ND-NC 4.0. The use of such materials shall be deemed as acceptance of the terms of such licenses.", "Materials posted in other sections of the website can be used for the purposes of review provided that a specific reference to other terms and conditions of use is not placed on that same page. Active links to materials in other information sources are permitted without the direct copying of content.", "Website materials, with the exception of materials whose copyright holder is not the university, can be used to add to the free encyclopaedia Wikipedia (wikipedia.org) in any way, including through preparation of an accurate translation, with the exception of their reworking, with mandatory indication of the authors of such materials if information about them is available on the university’s website.", "Any use of materials requires an active link to the source located at www.hse.ru.", "Use of materials outside the abovementioned methods, including copying, reproducing, processing and any commercial use, is prohibited.", "HSE logos are displayed on the website and are registered as trademarks.", "For all matters related to intellectual property rights that are posted on the www.hse.ru website, you can contact the department of legal support for research activities and intellectual property issues at the Legal Department.", "HSE website uses images from iStock collection."]}