{"title": "Research at HSE University – HSE University", "description": "", "url": "http://www.hse.ru/en/science/", "data": [{"level": "2", "text": "Tell us about your research projects", "response": ["For HSE University researchers"]}, {"level": "2", "text": "HSE Library and e-resources", "response": []}, {"level": "2", "text": "HSE Publications", "response": ["Books, articles, chapters of books, working papers"]}, {"level": "2", "text": "Research", "response": []}, {"level": "2", "text": "Events", "response": ["All events"]}, {"level": "2", "text": "Resources", "response": []}, {"level": "2", "text": "News", "response": []}], "links": ["https://hpc.hse.ru/en/", "https://iq.hse.ru/en/news/915646543.html", "https://iq.hse.ru/en/news/917707313.html", "https://iq.hse.ru/en/news/917709311.html", "https://library.hse.ru/en/e-resources/", "https://publications.hse.ru/en/", "https://www.hse.ru/en/figures/", "https://www.hse.ru/en/news/announcements/894346472.html", "https://www.hse.ru/en/news/research", "https://www.hse.ru/en/science/conferences", "https://www.hse.ru/en/science/news/announcements/", "https://www.hse.ru/en/science/news/keywords/145901895/", "https://www.hse.ru/en/science/news/keywords/204230554/", "https://www.hse.ru/en/science/news/keywords/46561453/", "https://www.hse.ru/en/science/news/keywords/580906266/", "https://www.hse.ru/en/science/news/keywords/61742883/", "https://www.hse.ru/en/science/news/keywords/62457841/", "https://www.hse.ru/en/science/news/keywords/62495942/", "https://www.hse.ru/en/science/news/research/", "https://www.hse.ru/en/science/news/tags/cooperation/", "https://www.hse.ru/en/science/news/tags/iq/", "https://www.hse.ru/en/science/news/tags/publications/", "https://www.hse.ru/en/science/news/tags/report/", "https://www.hse.ru/en/science/news/tags/research/", "https://www.hse.ru/en/science/our/science/our/", "https://www.hse.ru/en/science/review", "https://www.hse.ru/en/science/scifund/", "https://www.hse.ru/news/announcements/915634911.html", "https://www.hse.ru/science/en/news"], "text": ["HSE University is quite a young university but it has already become one of the largest Russian universities specializing in social sciences and economics, humanities, exact and computer sciences, which makes it one of the national leaders in higher education. The university’s participation in social and economic reforms has helped to shape it as a project university, which successfully blends together education, research, development and consulting to work on large-scale projects of economic and social development.", "140+", "research institutes and centres", "52", "centres of excellence", "58", "research journals", "16", "journals on Scopus and WoS databases", ">500", "fundamental research projects annually", ">230", "applied research projects annually", ">3,300", "publications in leading academic journals", "70%", "of teachers are researchers with globally acknowledged publications", "More facts & figures", "Research", "Publications", "Research & Expertise", "HSE Library e-resources", "Conferences", "Events", "All events", "30.04", "18:00", "Book Presentation 'The Spanish Anarchists and the Russian Revolution, 1917–24: Anguish and Enthusiasm' by Dr. Arturo Zoffmann Rodriguez", "31.05 - 2.06", "Interdisciplinary Conference 'Researching the Deaf Community'", "All events", "Resources", "Information for HSE Researchers", "HSE Academic Fund Programme", "cHARISMa Supercomputer", "HSE University Review", "News", "HSE ‘Mirror Laboratories’ Project Marks Five Years since Start", "April 27", "Research & Expertise", "research projects", "mirror laboratories", "Commitment to a Healthy Lifestyle Varies across Russian Regions", "April 25", "Research & Expertise", "IQ", "publications", "research projects", "health studies", "Russian Chemists Develop Luminous Pseudosandwich Composed of Rare Earth Metals", "April 25", "Research & Expertise", "IQ", "publications", "research projects", "chemistry", "HSE Strengthens Cooperation with India and Creates Opportunities for Dialogue between Experts", "April 25", "Research & Expertise", "international cooperation", "BRICS", "India", "Immortal Cells and Mathematics Reveal Mechanism behind Coronavirus Infection", "April 19", "Research & Expertise", "IQ", "publications", "research projects", "mathematics", "HSE Hosts Round Table ‘Africa and BRICS: Reflections and Prospects’", "April 18", "Research & Expertise", "Reporting an event", "international cooperation", "Africa", "BRICS", "All News"]}