{"title": "Управление социальной сферы — Национальный исследовательский университет «Высшая школа экономики»", "description": "", "url": "https://benefits.hse.ru/", "data": [{"level": "1", "text": "Управление социальной сферы", "response": []}, {"level": "1", "text": "Управление социальной сферы", "response": []}], "links": ["https://benefits.hse.ru/allowance", "https://benefits.hse.ru/detskie_komnaty", "https://benefits.hse.ru/finsupport", "https://benefits.hse.ru/finsupport_staff", "https://benefits.hse.ru/fit", "https://benefits.hse.ru/fit_stud", "https://benefits.hse.ru/invalidy", "https://benefits.hse.ru/med_kabinet", "https://benefits.hse.ru/opo", "https://benefits.hse.ru/orphans", "https://benefits.hse.ru/polls/581685989.html", "https://benefits.hse.ru/pregnancy", "https://benefits.hse.ru/rzd_bonus", "https://benefits.hse.ru/select", "https://benefits.hse.ru/stud_apos", "https://benefits.hse.ru/stud_finsupport", "https://benefits.hse.ru/stud_tour", "https://benefits.hse.ru/theatre_students", "https://benefits.hse.ru/theatre_stuff", "https://benefits.hse.ru/transport", "https://cafe.hse.ru", "https://gzhs.hse.ru", "https://www.hse.ru/buildinghse/dining", "https://www.hse.ru/medical/", "https://www.hse.ru/medical/medosmotr", "https://www.hse.ru/medical/prohealth/"], "text": ["Социальный пакет                      PRO-здоровье                      Медицинские пункты                      Медицинское обслуживание сотрудников и обучающихся                     Сотрудники                      Студенты                      Предварительные и периодические медицинские осмотры                      Обязательное психиатрическое освидетельствование (ОПО)                             Матпомощь сотрудникам                        Оказание материальной помощи работникам                      Помощь семьям умерших/погибших работников                         Социальная поддержка работников НИУ ВШЭ с инвалидностью                          Питание                        Столовые и буфеты                      Заявка на организацию питания на мероприятии НИУ ВШЭ                      Отбор поставщика на предоставление услуг питания в зданиях НИУ ВШЭ                         Комбинат общественного питания НИУ ВШЭ                          Социальная поддержка обучающихся                        Материальная помощь                      Матподдержка остронуждающимся студентам                      Социальное обеспечение детей-сирот                      Пособие по беременности и родам                      Программа «РЖД Бонус»                         Карта москвича для студента/ординатора/аспиранта (КМ)                      Детские комнаты                      Путевки для студентов на время каникул                          Спорт и фитнес                        Обучающимся                      Сотрудникам                             Театры                        Обучающимся                      Сотрудникам                         Государственные жилищные сертификаты — молодым ученым"]}