{"title": "Мероприятия — Диссертационные советы — Национальный исследовательский университет «Высшая школа экономики»", "description": "", "url": "https://www.hse.ru/science/disscoun/announcements/", "data": [{"level": "1", "text": "Мероприятия14", "response": []}], "links": ["https://www.hse.ru/science/disscoun/announcements/907347363.html", "https://www.hse.ru/science/disscoun/announcements/908919966.html", "https://www.hse.ru/science/disscoun/announcements/910702456.html", "https://www.hse.ru/science/disscoun/announcements/911146250.html", "https://www.hse.ru/science/disscoun/announcements/915693068.html", "https://www.hse.ru/science/disscoun/announcements/915899689.html", "https://www.hse.ru/science/disscoun/announcements/916796627.html", "https://www.hse.ru/science/disscoun/announcements/916805719.html", "https://www.hse.ru/science/disscoun/announcements/917144435.html", "https://www.hse.ru/science/disscoun/announcements/917696433.html", "https://www.hse.ru/science/disscoun/announcements/917757590.html", "https://www.hse.ru/science/disscoun/announcements/917988053.html", "https://www.hse.ru/science/disscoun/announcements/918383912.html", "https://www.hse.ru/science/disscoun/council_math/announcements/914761615.html", "https://www.hse.ru/science/disscoun/news/announcements/diss/", "https://www.hse.ru/science/disscoun/news/announcements/scientific_actions/"], "text": ["21 мая, вторник11:00Защита кандидатской дисертации Поплавской Аниты АндреевныЗащиты диссертацийСовет по социологии28 мая, вторник18:00Защита диссертации Попова Евгения ВладимировичаЗащиты диссертацийСовет по социологии29 мая, среда16:00Защита кандидатской диссертации Шмелевой Светланы АндреевныНаучные мероприятияЗащиты диссертацийСовет по политологии30 мая, четверг17:00Защита кандидатской диссертации Юсуповой Элен МагомедовныПотаповский переулок, 16с10, Россия, МоскваЗащиты диссертацийСовет по образованиюИюнь, 20245 июня, среда13:20Защита кандидатской диссертации Капуза Анастасии ВасильевныПотаповский переулок, 16с10, Россия, МоскваЗащиты диссертацийСовет по образованию7 июня, пятница15:00Защита докторской диссертации Зевахиной Натальи АлександровныСтарая Басманная улица, 21/4с1, Россия, МоскваНаучные мероприятияЗащиты диссертацийСовет по филологии и лингвистике10 июня, понедельник17:00ОнлайнЗащита кандидатской диссертации Матоса Франко Райнер МарииНаучные мероприятияЗащиты диссертацийСовет по истории14 июня, пятница14:00Защита докторской диссертации Иткина Ильи БорисовичаСтарая Басманная улица, 21/4с1, Россия, МоскваНаучные мероприятияЗащиты диссертацийСовет по филологии и лингвистике17 июня, понедельник14:00Защита кандидатской диссертации Чиварзиной Александры ИгоревныСтарая Басманная улица, 21/4с1, Россия, МоскваНаучные мероприятияЗащиты диссертацийСовет по филологии и лингвистике18 июня, вторник18:00Защита кандидатской диссертации Пирожкова Дмитрия ВладимировичаУсачёва улица, 6, Россия, МоскваЗащиты диссертаций19 июня, среда10:00Защита кандидатской диссертации Кулецкой Лады ЕвгеньевныПокровский бульвар, д. 11, корп. S Россия, МоскваЗащиты диссертацийСовет по экономике14:00Защита кандидатской диссертации Серикова Олега АлексеевичаСтарая Басманная улица, 21/4с1, Россия, МоскваНаучные мероприятияЗащиты диссертацийСовет по филологии и лингвистике25 июня, вторник12:00ОнлайнЗащита кандидатской диссертации Османа Омара Мохамеда СайедаЗащиты диссертацийСовет по экономике26 июня, среда13:00Защита кандидатской диссертации Пащенко Тараса ВалерьевичаПотаповский переулок, 16с10, Россия, МоскваЗащиты диссертацийСовет по образованию"]}