{"title": "Формы документов, связанных с противодействием коррупции, для заполнения — Противодействие коррупции — Национальный исследовательский университет «Высшая школа экономики»", "description": "", "url": "http://www.hse.ru/anticorruption/documents", "data": [{"level": "2", "text": "Противодействие коррупции", "response": []}, {"level": "1", "text": "Формы документов, связанных с противодействием коррупции, для заполнения", "response": ["Бланки:", "Обращение гражданина, юридического лица по фактам коррупционных правонарушений", "Обращение бывшего служащего о даче согласия на замещение должности в коммерческой (некоммерческой) организации или выполнение работ на условиях гражданско-правового договора", "Уведомление представителя нанимателя (работодателя) о намерении выполнять иную оплачиваемую работу", "Уведомление представителя нанимателя о фактах обращения в целях склонения федерального государственного служащего к совершению коррупционных правонарушений", "Уведомление работодателя о фактах обращения в целях склонения работников организаций, созданных для выполнения задач, поставленных перед Минтрудом России, к совершению коррупционных правонарушений", "Уведомление представителя нанимателя (работодателя) и своего непосредственного начальника о возникшем конфликте интересов или о возможности его возникновения", "Заявление служащего (работника) о невозможности по объективным причинам представить сведения о доходах, об имуществе и обязательствах имущественного характера своих супруги (супруга) и несовершеннолетних детей", "Уведомление о получении подарков, полученных гражданским служащим Минтруда России в связи с протокольными мероприятиями, служебными командировками и другими официальными мероприятиями", "Справки:", "справка о доходах, об имуществе и обязательствах имущественного характера гражданина, претендующего на замещение государственной должности Российской Федерации, должности федеральной государственной службы, должности в Банке России, фонде, корпорации, организации", "справка о доходах, об имуществе и обязательствах имущественного характера супруги (супруга) и несовершеннолетних детей гражданина, претендующего на замещение государственной должности Российской Федерации, должности федеральной государственной службы, должности в Банке России, фонде, корпорации, организации", "справка о доходах, об имуществе и обязательствах имущественного характера супруги (супруга) и несовершеннолетних детей лица, замещающего государственную должность Российской Федерации, должность федеральной государственной службы, должность в Банке России, фонде, корпорации, организации", "справка о расходах лица, замещающего государственную должность Российской Федерации, иного лица по каждой сделке по приобретению земельного участка, другого объекта недвижимости, транспортного средства, ценных бумаг, акций (долей участия, паев в уставных (складочных) капиталах организаций) и об источниках получения средств, за счет которых совершена указанная сделка", "справка о доходах, об имуществе и обязательствах имущественного характера лица, замещающего государственную должность Российской Федерации, должность федеральной государственной службы, должность в Банке России, фонде, корпорации, организации"]}], "links": [], "text": ["Формы документов, связанных с противодействием коррупции, для заполненияБланки:", "Обращение гражданина, юридического лица по фактам коррупционных правонарушений", "Обращение бывшего служащего о даче согласия на замещение должности в коммерческой (некоммерческой) организации или выполнение работ на условиях гражданско-правового договора", "Уведомление представителя нанимателя (работодателя) о намерении выполнять иную оплачиваемую работу", "Уведомление представителя нанимателя о фактах обращения в целях склонения федерального государственного служащего к совершению коррупционных правонарушений", "Уведомление работодателя о фактах обращения в целях склонения работников организаций, созданных для выполнения задач, поставленных перед Минтрудом России, к совершению коррупционных правонарушений", "Уведомление представителя нанимателя (работодателя) и своего непосредственного начальника о возникшем конфликте интересов или о возможности его возникновения", "Заявление служащего (работника) о невозможности по объективным причинам представить сведения о доходах, об имуществе и обязательствах имущественного характера своих супруги (супруга) и несовершеннолетних детей", "Уведомление о получении подарков, полученных гражданским служащим Минтруда России в связи с протокольными мероприятиями, служебными командировками и другими официальными мероприятиями", "Справки:", "справка о доходах, об имуществе и обязательствах имущественного характера гражданина, претендующего на замещение государственной должности Российской Федерации, должности федеральной государственной службы, должности в Банке России, фонде, корпорации, организации", "справка о доходах, об имуществе и обязательствах имущественного характера супруги (супруга) и несовершеннолетних детей гражданина, претендующего на замещение государственной должности Российской Федерации, должности федеральной государственной службы, должности в Банке России, фонде, корпорации, организации", "справка о доходах, об имуществе и обязательствах имущественного характера супруги (супруга) и несовершеннолетних детей лица, замещающего государственную должность Российской Федерации, должность федеральной государственной службы, должность в Банке России, фонде, корпорации, организации", "справка о расходах лица, замещающего государственную должность Российской Федерации, иного лица по каждой сделке по приобретению земельного участка, другого объекта недвижимости, транспортного средства, ценных бумаг, акций (долей участия, паев в уставных (складочных) капиталах организаций) и об источниках получения средств, за счет которых совершена указанная сделка", "справка о доходах, об имуществе и обязательствах имущественного характера лица, замещающего государственную должность Российской Федерации, должность федеральной государственной службы, должность в Банке России, фонде, корпорации, организации"]}