{"title": "Тиснение на материалах заказчика — Типография национального исследовательского университета «Высшая школа экономики»", "description": "", "url": "http://wtp.hse.ru/print_service/tisn/", "data": [{"level": "1", "text": "Тиснение на материалах заказчика", "response": ["Тиснением называют создание изображения на бумаге, коже, пластике и других материалах давлением нагретым клише, с использованием фольги или без (блинтовое тиснение). Тиснение применяется для брэндирования сувенирной продукции: ежедневники, еженедельники, планнинги, визитницы, портмоне и другие изделия из кожи и кожзама. Мы например, можем сделать тиснение символики НИУ ВШЭ графическим клише или фамилию автора и название работы наборным текстовым клише. в случае если готовое клише уже есть в типографии, то его стоимость не входит в стоимость заказа.", "На складе типографии есть готовые твердые переплеты Metalbind из кожзама разных цветов для изготовления книг А5 и А4 форматов и металлизированная фольга для горячего тиснения золотого, серебряного, красного, синего и зеленого цветов. Мы можем оперативно сделать тиснение стандартной надписи (напримет «Дипломная работа, «Диссертация», логотипа ВШЭ и т.п.) или сделать набрать заданное текстовые клише (например с Вашей фамилией) на ваших блокнотах, ежедневниках, диссертации, курсовой работе или т.п. Расчет заказа лучше произвести через менеджера нашего основного участка.", "Расчет стоимости заказа", "Оформление заказа", "Вы можете заказать продукцию на основе Вашего расчета прямо сейчас (инструкция по размещению заказа онлайн).", "Загрузите свой файл-макет, удовлетворяющий нашим требованиям к макетам.", "Если у вас несколько файлов в макете, предварительно запакуйте их в один архив.", "Типография готова помочь с версткой за дополнительную плату.", "Согласуйте это пожалуйста заранее.", "Для выкладывания макетов, размером более 10 MБ, используйте файлообменник НИУ ВШЭ http://share.hse.ru.", "Предварительно Вам необходимо авторизироваться."]}, {"level": "2", "text": "Расчет стоимости заказа", "response": []}, {"level": "2", "text": "Оформление заказа", "response": ["Вы можете заказать продукцию на основе Вашего расчета прямо сейчас (инструкция по размещению заказа онлайн).", "Загрузите свой файл-макет, удовлетворяющий нашим требованиям к макетам.", "Если у вас несколько файлов в макете, предварительно запакуйте их в один архив.", "Типография готова помочь с версткой за дополнительную плату.", "Согласуйте это пожалуйста заранее.", "Для выкладывания макетов, размером более 10 MБ, используйте файлообменник НИУ ВШЭ http://share.hse.ru.", "Предварительно Вам необходимо авторизироваться."]}], "links": [], "text": ["Тиснением называют создание изображения на бумаге, коже, пластике и других материалах давлением нагретым клише, с использованием фольги или без (блинтовое тиснение). Тиснение применяется для брэндирования сувенирной продукции: ежедневники, еженедельники, планнинги, визитницы, портмоне и другие изделия из кожи и кожзама. Мы например, можем сделать тиснение символики НИУ ВШЭ графическим клише или фамилию автора и название работы наборным текстовым клише. в случае если готовое клише уже есть в типографии, то его стоимость не входит в стоимость заказа.", "На складе типографии есть готовые твердые переплеты Metalbind из кожзама разных цветов для изготовления книг А5 и А4 форматов и металлизированная фольга для горячего тиснения золотого, серебряного, красного, синего и зеленого цветов. Мы можем оперативно сделать тиснение стандартной надписи (напримет «Дипломная работа, «Диссертация», логотипа ВШЭ и т.п.) или сделать набрать заданное текстовые клише (например с Вашей фамилией) на ваших блокнотах, ежедневниках, диссертации, курсовой работе или т.п. Расчет заказа лучше произвести через менеджера нашего основного участка.", "Разработано в Print-Expert.net"]}