{"title": "HSE Publishing House – Higher School of Economics National Research University", "description": "", "url": "http://id.hse.ru/en/", "data": [{"level": "1", "text": "HSE Publishing House", "response": []}, {"level": "2", "text": "About HSE University Publishing House", "response": []}, {"level": "2", "text": "New arrivals", "response": ["prevnext"]}, {"level": "2", "text": "On sale soon", "response": ["prevnext"]}, {"level": "2", "text": "News", "response": ["prevnext"]}], "links": [], "text": ["Soviet Everyday Life: Historical and Sociological Aspects of Its Formation. Second edition", "Metropolitans, Sages, Translators in Medieval Europe", "City and operators: the history of transport reforms", "The life and cares of Major Aleksei Rzhevsky: A Notebook (1755–1759). Third edition", "Fill up the plate: writers’ cuisine recipes", "Waiting Room: collection of stories", "Internet and Sities of Russia", "HSE Publishing House Books for Sale in London", "HSE, 1993–2024"]}