{"title": "Центр стипендиальных и благотворительных программ (ЦСиБП) — Национальный исследовательский университет «Высшая школа экономики»", "description": "", "url": "https://www.hse.ru/scholarships/", "data": [{"level": "1", "text": "Центр стипендиальных и благотворительных программ (ЦСиБП)", "response": []}, {"level": "1", "text": "Центр стипендиальных и благотворительных программ (ЦСиБП)", "response": []}, {"level": "2", "text": "Новости", "response": ["22 апреля 2024Подведены итоги конкурса на получение во 2 семестре 2023/2024 учебного года повышенных стипендий за особые достижения в учебной, научно-исследовательской, общественной, спортивной, культурно-творческой деятельностиПоздравляем 248 победителей конкурса!1 августа 2023«Узнав о новой волне подачи заявок на конкурс, поняла: буду жалеть, если не попытаюсь»В июле объявили итоги конкурса на повышенную государственную академическую стипендию (ПГАС), который организовал Центр стипендиальных и благотворительных программ ВШЭ. На прошлой неделе новостная служба «Вышка.Главное» начала рассказ о его победителях, выигравших сразу по двум направлениям. Продолжение темы — в новом материале.19 июля 2023Как я получил повышенную стипендию: истории студентов ВышкиВ Высшей школе экономики действует Центр стипендиальных и благотворительных программ Дирекции по развитию студенческого потенциала. Студенты всех кампусов университета могут принять участие в конкурсе на самые разные стипендии и гранты, как вышкинские, так и партнеров ВШЭ. Недавно состоялся конкурс на назначение повышенных государственных академических стипендий (ПГАС) и повышенных стипендий НИУ ВШЭ за особые достижения. По итогам объявлены имена 126 победителей, 9 из которых выиграли сразу по двум направлениям."]}, {"level": "2", "text": "Подведены итоги конкурса на получение во 2 семестре 2023/2024 учебного года повышенных стипендий за особые достижения в учебной, научно-исследовательской, общественной, спортивной, культурно-творческой деятельности", "response": ["Поздравляем 248 победителей конкурса!"]}, {"level": "2", "text": "«Узнав о новой волне подачи заявок на конкурс, поняла: буду жалеть, если не попытаюсь»", "response": ["В июле объявили итоги конкурса на повышенную государственную академическую стипендию (ПГАС), который организовал Центр стипендиальных и благотворительных программ ВШЭ. На прошлой неделе новостная служба «Вышка.Главное» начала рассказ о его победителях, выигравших сразу по двум направлениям. Продолжение темы — в новом материале."]}, {"level": "2", "text": "Как я получил повышенную стипендию: истории студентов Вышки", "response": ["В Высшей школе экономики действует Центр стипендиальных и благотворительных программ Дирекции по развитию студенческого потенциала. Студенты всех кампусов университета могут принять участие в конкурсе на самые разные стипендии и гранты, как вышкинские, так и партнеров ВШЭ. Недавно состоялся конкурс на назначение повышенных государственных академических стипендий (ПГАС) и повышенных стипендий НИУ ВШЭ за особые достижения. По итогам объявлены имена 126 победителей, 9 из которых выиграли сразу по двум направлениям."]}], "links": ["https://aspirantura.hse.ru/stip", "https://benefits.hse.ru/stud_finsupport", "https://fd.hse.ru/servisy/studentam/vyplata_stipendii", "https://www.hse.ru/scholarships/academic", "https://www.hse.ru/scholarships/academic_raised", "https://www.hse.ru/scholarships/alfa", "https://www.hse.ru/scholarships/name_mon", "https://www.hse.ru/scholarships/name_new", "https://www.hse.ru/scholarships/need", "https://www.hse.ru/scholarships/president_prioritet", "https://www.hse.ru/scholarships/silver", "https://www.hse.ru/scholarships/social_scholarship_new"], "text": ["Академические стипендииГосударственная академическая стипендияПовышенная государственная академическая стипендияСтипендии и гранты Президента и ПравительстваСтипендии фондов и партнеровСоциальные стипендииГосударственная социальная стипендияПовышенная социальная стипендияИменные стипендииСтипендии выдающихся ученых НИУ ВШЭСтипендии  Минобрнауки РоссииСтипендия НИУ ВШЭ «Серебряный птенец»Материальная помощьСтипендии аспирантамВыплата стипендии"]}