{"title": "Медицинское обслуживание — Национальный исследовательский университет «Высшая школа экономики»", "description": "", "url": "https://www.hse.ru/medical/", "data": [{"level": "1", "text": "Медицинское обслуживание", "response": []}, {"level": "1", "text": "Медицинское обслуживание", "response": []}, {"level": "2", "text": "Сотрудникам", "response": []}, {"level": "2", "text": "Обучающимся", "response": []}], "links": ["http://www.hse.ru/medical/disp", "http://www.hse.ru/medical/p", "http://www.hse.ru/medical/sem", "https://benefits.hse.ru/opo", "https://www.hse.ru/en/medical/ins/", "https://www.hse.ru/en/medical/me_vks", "https://www.hse.ru/en/medical/opo_vks", "https://www.hse.ru/medical/dms", "https://www.hse.ru/medical/dms2023", "https://www.hse.ru/medical/ins", "https://www.hse.ru/medical/medosmotr", "https://www.hse.ru/medical/mi_vks", "https://www.hse.ru/medical/ob", "https://www.hse.ru/medical/profcorvir", "https://www.hse.ru/medical/prohealth/", "https://www.hse.ru/medical/vac_diphtheria", "https://www.hse.ru/medical/vac_flu", "https://www.hse.ru/medical/vac_measles"], "text": ["Сотрудникам  Программа медицинского обслуживания в 2024 году Программа медицинского обслуживания в 2023 году Порядок предоставления медуслуг, условия софинансирования Медицинское обслуживание членов семьи Предварительные и периодические медицинские осмотры  Обязательное психиатрическое освидетельствование Медицинское освидетельствование – иностранным гражданам  (RUS) Medical examination – for foreign employee  (ENG) PRO здоровье (полезная информация о здоровом образе жизни)    Обучающимся  Диспансеризация Медицинская помощь студентам – гражданам РФ ДМС и медицинская помощь студентам – иностранцам  (RUS)  VHI & Medical care for foreign students (ENG)", "Национальный календарь профилактических прививок и календарь профилактических прививок по эпидемическим показаниям", "Федеральный закон об иммунопрофилактике инфекционных болезней", "Календарь профилактических прививок", "Вакцинопрофилактика против кори", "Важная информация о вакцинации против кори населения РФ и иностранных специалистов в 2023 году", "Корь — острая болезнь вирусной природы с воздушно-капельным путем передачи. Департамент здравоохранения города Москвы и Управление Роспотребнадзора по г. Москве обращает внимание жителей Москвы на ситуацию по заболеваемости корью. Самый надежный способ защиты от кори — это прививка.", "Вакцинопрофилактика против дифтерии", "Дифтерия – это острое инфекционное заболевание. Поражает дыха­тельную систему, нервы, мышцы, сердце. Инфекция передаётся воздушно-капельным и контактно-бытовым путем.", "Вакцинопрофилактика против гриппа", "Грипп — острое инфекционное заболевание дыхательных путей, вызываемое вирусом гриппа. Источником распространения инфекции гриппа является заболевший человек. Согласно позиции Всемирной организации здравоохранения, наиболее эффективным средством против гриппа является вакцинация. Защитить себя от гриппа и его последствий — в силах каждого!", "Профилактика коронавируса", "Коронавирусы — это семейство вирусов, которые преимущественно поражают животных, но в некоторых случаях могут передаваться человеку. Обычно заболевания, вызванные коронавирусами, протекают в лёгкой форме, не вызывая тяжёлой симптоматики. Однако, бывают и тяжёлые формы, такие как ближневосточный респираторный синдром (Mers) и тяжёлый острый респираторный синдром (Sars)."]}