{"title": "Нижний Новгород – Здания НИУ ВШЭ – Национальный исследовательский университет «Высшая школа экономики»", "description": "", "url": "http://www.hse.ru/buildinghse/nnov", "data": [{"level": "1", "text": "Нижний Новгород", "response": ["Подразделения и учебные офисы образовательных программ НИУ ВШЭБольшая Печерская ул., 25/12Костина ул., 2Львовская ул., 1вРодионова ул., 136Сормовское ш., 30Большая Печерская ул., 25/12      Вернуться к картеКак добратьсяАвтобус 4, 19, 24, 40, 45, 52, 58, 90Маршрутное такси 2, 40, 45, 60, 90, 97, 98до остановки «Технический университет»Трамвай 2Троллейбус 1до остановки «ул. Семашко»Подразделения:Аналитический отдел НИУ ВШЭ – Нижний НовгородАспирантура (Нижний Новгород)Базовая кафедра KeptБазовая кафедра Волго-Вятского банка ПАО «Сбербанк России» (Нижний Новгород)Библиотека (Нижний Новгород)Бухгалтерия (Нижний Новгород)Департамент литературы и межкультурной коммуникацииКафедра банковского дела (Нижний Новгород)Кафедра бухгалтерского учета, анализа и аудита (Нижний Новгород)Кафедра математической экономики (Нижний Новгород)Кафедра финансового менеджмента (Нижний Новгород)Кафедра экономической теории и эконометрики (Нижний Новгород)Лаборатория теории и практики систем поддержки принятия решений (Нижний Новгород)Лаборатория топологических методов в динамикеМеждународная лаборатория динамических систем и приложенийМетодический отдел (Нижний Новгород)НИУ ВШЭ в Нижнем НовгородеОбщий отдел (Нижний Новгород)Отдел адаптации и развития персоналаОтдел академического развития (Нижний Новгород)Отделение дизайнаОтдел информатизации (Нижний Новгород)Отдел кадров (Нижний Новгород)Отдел координации научных исследований (Нижний Новгород)Отдел международных связей (Нижний Новгород)Отдел по организации приема студентов в бакалавриат и магистратуруОтдел по связям с общественностью и маркетингуОтдел профориентации, олимпиад и конкурсовОтдел строительства и капитального ремонтаОтдел управления закупками (Нижний Новгород)Планово-финансовый отдел (Нижний Новгород)Региональный центр подготовки кадров для системы государственных закупок (Нижний Новгород)Секретариат директора (Нижний Новгород)Учебный отдел (Нижний Новгород)Факультет гуманитарных наук (Нижний Новгород)Факультет экономики НИУ ВШЭ (Нижний Новгород)Центр довузовской подготовки, содействия занятости выпускников и студентовЮридический отдел (Нижний Новгород)Учебные офисы образовательных программ:Образовательная программа «Дизайн»Образовательная программа «Фундаментальная и прикладная лингвистика»Образовательная программа «Экономика»Магистерская программа «Бизнес-аналитика в экономике и менеджменте» (Нижний Новгород)Магистерская программа «Правовое обеспечение и защита бизнеса» (Нижний Новгород)Магистерская программа «Прикладная лингвистика и текстовая аналитика / Applied Linguistics and Text Analytics»Магистерская программа «Финансы» (Нижний Новгород)Костина ул., 2      Вернуться к картеКак добратьсяМетро: до станции «Горьковская» (Автозаводская линия) выход на ул. Новая + 3 минуты пешком от станции до корпусаАвтобусы:до остановки «ул. Большая Покровская»: А58, А1, А26, А30, А40, А43, А64, А68 + 5 минут пешком от остановки до корпусадо остановки «Метро Горьковская»: А58, А68, А1, А64, А40, А41, А16 + 3 минуты пешком от станции до корпусаМаршрутные такси:до остановки «ул. Большая Покровская»: Т18, Т97 + 5 минут пешком от остановки до корпусадо остановки «Метро Горьковская»: Т74, Т97, Т34, Т57 + 3 минуты пешком от станции до корпусаТроллейбусы:до остановки «ул. Большая Покровская»: 31 + 5 минут пешком от остановки до корпусадо остановки «Метро Горьковская»: 9, 31 + 3 минуты пешком от станции до корпусаДоступность здания для людей с ограниченными возможностями здоровья и инвалидностью:", "Кнопка вызова для инвалидов (колясочников) на крыльце учебного блока, кнопка вызова для инвалидов (колясочников) на первом этаже учебного блока; туалет, приспособленный для инвалидов.Подразделения:Имущественно-правовой отдел (Нижний Новгород)Кафедра гражданского права и гражданского процесса (Нижний Новгород)Кафедра конституционного и административного права (Нижний Новгород)Кафедра теории и истории права и государства (Нижний Новгород)Кафедра уголовного права и уголовного процесса (Нижний Новгород)Отдел по организации и сопровождению мероприятийОтдел развития карьеры (Нижний Новгород)Факультет права (Нижний Новгород)Центр предпринимательства (Нижний Новгород)Центр русского языка как иностранногоЦентр языковой и методической подготовки (Нижний Новгород)Львовская ул., 1в         Вернуться к картеКак добратьсяАвтобус 11, 32, 58, 85Маршрутное такси 13, 15, 23, 25, 29, 38, 49, 63, 83, 98до остановок «ул. Дружаева» или «ул. Пермякова», «ул. Дьяконова»Автобусы:Автобус 11 (интервал движения: 11 - 28 мин)Автобус 32 (интервал движения: 13 - 36 минут)Автобус 58 (интервал движения: 14 - 40 минут)Автобус 85 (интервал движения: 10 - 32 мин )Маршрутное такси:МТ 13 (интервал движения: 15-25 минут)МТ 15 (интервал движения: 15-25 минут)МТ 23 (интервал движения: 15-25 минут)МТ 25 (интервал движения: 15-25 минут)МТ 29 (интервал движения: 15-25 минут)МТ 38 (интервал движения: 15-25 минут)МТ 49 (интервал движения: 15-25 минут)МТ 63 (интервал движения: 20-40 минут)МТ 83 (интервал движения: 15-25 минут)МТ 98 (интервал движения: 15-25 минут)Подразделения:Библиотека (Нижний Новгород)Департамент иностранных языковКафедра производственного менеджмента и логистики (Нижний Новгород)Кафедра физического воспитания (Нижний Новгород)Отдел по безопасности и режимуОтдел по внеучебной работе со студентами (Нижний Новгород)Учебный отдел (Нижний Новгород)Учебные офисы образовательных программ:Образовательная программа «Филология»Родионова ул., 136      Вернуться к картеКак добратьсяАвтобус 2, 4, 16, 24, 40, 45, 52, 58, 90, 204, 22Маршрутное такси 2, 17, 45, 46, 57, 63, 78, 83, 90Троллейбус 1до остановок «Микрорайон Медвежья Долина» или «Учебный комбинат ЗАО Маяк»Подразделения:Базовая кафедра группы компаний MERA (Нижний Новгород)Бизнес-школа (Нижний Новгород)Кафедра венчурного менеджмента (Нижний Новгород)Кафедра государственного и муниципального управленияКафедра информационных систем и технологий (Нижний Новгород)Кафедра маркетинга (Нижний Новгород)Кафедра математики (Нижний Новгород)Кафедра общего и стратегического менеджмента (Нижний Новгород)Кафедра организационной психологии (Нижний Новгород)Кафедра прикладной математики и информатики (Нижний Новгород)Кафедра фундаментальной математикиЛаборатория алгоритмов и технологий анализа сетевых структур (Нижний Новгород)Факультет информатики, математики и компьютерных наук (Нижний Новгород)Факультет менеджмента (Нижний Новгород)Учебные офисы образовательных программ:Образовательная программа «Бизнес-информатика» (Нижний Новгород)Образовательная программа «Математика»Образовательная программа «Прикладная математика и информатика»Образовательная программа «Программная инженерия»Образовательная программа «Управление бизнесом»Магистерская программа «Бизнес-информатика» (Нижний Новгород)Магистерская программа «Интеллектуальный анализ данных» (Нижний Новгород)Магистерская программа «Искусственный интеллект и компьютерное зрение»Магистерская программа «Маркетинг»Магистерская программа «Математика»Магистерская программа «Управление бизнесом в глобальных условиях» (Нижний Новгород)Магистерская программа «Управление образованием» (Нижний Новгород)Магистерская программа «Управление развитием компании» (Нижний Новгород)Сормовское ш., 30   Вернуться к картеКак добратьсяАвтобус 51, 56, 90, 95Маршрутное такси 6, 9, 19, 41, 52, 57, 59, 71, 72, 90, 319до остановок «Станция Варя» или «ст.метро Буревестник»Трамвай 6, 7до остановки «50 лет Победы»Метродо остановки «Буревестник» Подразделения:Военный учебный центр (Нижний Новгород)Факультет права (Нижний Новгород)Центр сопровождения программ дополнительного образованияУчебные офисы образовательных программ:Образовательная программа «Юриспруденция»", "Icons made by", "Freepik", "from", "www.flaticon.com", "is licensed by", "CC 3.0 BY"]}, {"level": "2", "text": "Подразделения и учебные офисы образовательных программ НИУ ВШЭ", "response": ["Большая Печерская ул., 25/12Костина ул., 2Львовская ул., 1вРодионова ул., 136Сормовское ш., 30", "Большая Печерская ул., 25/12      Вернуться к карте", "Как добраться", "Автобус 4, 19, 24, 40, 45, 52, 58, 90Маршрутное такси 2, 40, 45, 60, 90, 97, 98до остановки «Технический университет»Трамвай 2Троллейбус 1до остановки «ул. Семашко»", "Подразделения:Аналитический отдел НИУ ВШЭ – Нижний НовгородАспирантура (Нижний Новгород)Базовая кафедра KeptБазовая кафедра Волго-Вятского банка ПАО «Сбербанк России» (Нижний Новгород)Библиотека (Нижний Новгород)Бухгалтерия (Нижний Новгород)Департамент литературы и межкультурной коммуникацииКафедра банковского дела (Нижний Новгород)Кафедра бухгалтерского учета, анализа и аудита (Нижний Новгород)Кафедра математической экономики (Нижний Новгород)Кафедра финансового менеджмента (Нижний Новгород)Кафедра экономической теории и эконометрики (Нижний Новгород)Лаборатория теории и практики систем поддержки принятия решений (Нижний Новгород)Лаборатория топологических методов в динамикеМеждународная лаборатория динамических систем и приложенийМетодический отдел (Нижний Новгород)НИУ ВШЭ в Нижнем НовгородеОбщий отдел (Нижний Новгород)Отдел адаптации и развития персоналаОтдел академического развития (Нижний Новгород)Отделение дизайнаОтдел информатизации (Нижний Новгород)Отдел кадров (Нижний Новгород)Отдел координации научных исследований (Нижний Новгород)Отдел международных связей (Нижний Новгород)Отдел по организации приема студентов в бакалавриат и магистратуруОтдел по связям с общественностью и маркетингуОтдел профориентации, олимпиад и конкурсовОтдел строительства и капитального ремонтаОтдел управления закупками (Нижний Новгород)Планово-финансовый отдел (Нижний Новгород)Региональный центр подготовки кадров для системы государственных закупок (Нижний Новгород)Секретариат директора (Нижний Новгород)Учебный отдел (Нижний Новгород)Факультет гуманитарных наук (Нижний Новгород)Факультет экономики НИУ ВШЭ (Нижний Новгород)Центр довузовской подготовки, содействия занятости выпускников и студентовЮридический отдел (Нижний Новгород)Учебные офисы образовательных программ:Образовательная программа «Дизайн»Образовательная программа «Фундаментальная и прикладная лингвистика»Образовательная программа «Экономика»Магистерская программа «Бизнес-аналитика в экономике и менеджменте» (Нижний Новгород)Магистерская программа «Правовое обеспечение и защита бизнеса» (Нижний Новгород)Магистерская программа «Прикладная лингвистика и текстовая аналитика / Applied Linguistics and Text Analytics»Магистерская программа «Финансы» (Нижний Новгород)", "Костина ул., 2      Вернуться к карте", "Как добраться", "Метро: до станции «Горьковская» (Автозаводская линия) выход на ул. Новая + 3 минуты пешком от станции до корпусаАвтобусы:до остановки «ул. Большая Покровская»: А58, А1, А26, А30, А40, А43, А64, А68 + 5 минут пешком от остановки до корпусадо остановки «Метро Горьковская»: А58, А68, А1, А64, А40, А41, А16 + 3 минуты пешком от станции до корпусаМаршрутные такси:до остановки «ул. Большая Покровская»: Т18, Т97 + 5 минут пешком от остановки до корпусадо остановки «Метро Горьковская»: Т74, Т97, Т34, Т57 + 3 минуты пешком от станции до корпусаТроллейбусы:до остановки «ул. Большая Покровская»: 31 + 5 минут пешком от остановки до корпусадо остановки «Метро Горьковская»: 9, 31 + 3 минуты пешком от станции до корпуса", "Доступность здания для людей с ограниченными возможностями здоровья и инвалидностью:", "Кнопка вызова для инвалидов (колясочников) на крыльце учебного блока, кнопка вызова для инвалидов (колясочников) на первом этаже учебного блока; туалет, приспособленный для инвалидов.", "Подразделения:Имущественно-правовой отдел (Нижний Новгород)Кафедра гражданского права и гражданского процесса (Нижний Новгород)Кафедра конституционного и административного права (Нижний Новгород)Кафедра теории и истории права и государства (Нижний Новгород)Кафедра уголовного права и уголовного процесса (Нижний Новгород)Отдел по организации и сопровождению мероприятийОтдел развития карьеры (Нижний Новгород)Факультет права (Нижний Новгород)Центр предпринимательства (Нижний Новгород)Центр русского языка как иностранногоЦентр языковой и методической подготовки (Нижний Новгород)", "Львовская ул., 1в         Вернуться к карте", "Как добраться", "Автобус 11, 32, 58, 85Маршрутное такси 13, 15, 23, 25, 29, 38, 49, 63, 83, 98до остановок «ул. Дружаева» или «ул. Пермякова», «ул. Дьяконова»Автобусы:Автобус 11 (интервал движения: 11 - 28 мин)Автобус 32 (интервал движения: 13 - 36 минут)Автобус 58 (интервал движения: 14 - 40 минут)Автобус 85 (интервал движения: 10 - 32 мин )Маршрутное такси:МТ 13 (интервал движения: 15-25 минут)МТ 15 (интервал движения: 15-25 минут)МТ 23 (интервал движения: 15-25 минут)МТ 25 (интервал движения: 15-25 минут)МТ 29 (интервал движения: 15-25 минут)МТ 38 (интервал движения: 15-25 минут)МТ 49 (интервал движения: 15-25 минут)МТ 63 (интервал движения: 20-40 минут)МТ 83 (интервал движения: 15-25 минут)МТ 98 (интервал движения: 15-25 минут)", "Подразделения:Библиотека (Нижний Новгород)Департамент иностранных языковКафедра производственного менеджмента и логистики (Нижний Новгород)Кафедра физического воспитания (Нижний Новгород)Отдел по безопасности и режимуОтдел по внеучебной работе со студентами (Нижний Новгород)Учебный отдел (Нижний Новгород)Учебные офисы образовательных программ:Образовательная программа «Филология»", "Родионова ул., 136      Вернуться к карте", "Как добраться", "Автобус 2, 4, 16, 24, 40, 45, 52, 58, 90, 204, 22Маршрутное такси 2, 17, 45, 46, 57, 63, 78, 83, 90Троллейбус 1до остановок «Микрорайон Медвежья Долина» или «Учебный комбинат ЗАО Маяк»", "Подразделения:Базовая кафедра группы компаний MERA (Нижний Новгород)Бизнес-школа (Нижний Новгород)Кафедра венчурного менеджмента (Нижний Новгород)Кафедра государственного и муниципального управленияКафедра информационных систем и технологий (Нижний Новгород)Кафедра маркетинга (Нижний Новгород)Кафедра математики (Нижний Новгород)Кафедра общего и стратегического менеджмента (Нижний Новгород)Кафедра организационной психологии (Нижний Новгород)Кафедра прикладной математики и информатики (Нижний Новгород)Кафедра фундаментальной математикиЛаборатория алгоритмов и технологий анализа сетевых структур (Нижний Новгород)Факультет информатики, математики и компьютерных наук (Нижний Новгород)Факультет менеджмента (Нижний Новгород)Учебные офисы образовательных программ:Образовательная программа «Бизнес-информатика» (Нижний Новгород)Образовательная программа «Математика»Образовательная программа «Прикладная математика и информатика»Образовательная программа «Программная инженерия»Образовательная программа «Управление бизнесом»Магистерская программа «Бизнес-информатика» (Нижний Новгород)Магистерская программа «Интеллектуальный анализ данных» (Нижний Новгород)Магистерская программа «Искусственный интеллект и компьютерное зрение»Магистерская программа «Маркетинг»Магистерская программа «Математика»Магистерская программа «Управление бизнесом в глобальных условиях» (Нижний Новгород)Магистерская программа «Управление образованием» (Нижний Новгород)Магистерская программа «Управление развитием компании» (Нижний Новгород)", "Сормовское ш., 30   Вернуться к карте", "Как добраться", "Автобус 51, 56, 90, 95Маршрутное такси 6, 9, 19, 41, 52, 57, 59, 71, 72, 90, 319до остановок «Станция Варя» или «ст.метро Буревестник»Трамвай 6, 7до остановки «50 лет Победы»Метродо остановки «Буревестник»", "Подразделения:Военный учебный центр (Нижний Новгород)Факультет права (Нижний Новгород)Центр сопровождения программ дополнительного образованияУчебные офисы образовательных программ:Образовательная программа «Юриспруденция»"]}], "links": ["http://mbann.hse.ru", "https://nnov.hse.ru/", "https://nnov.hse.ru/abit/", "https://nnov.hse.ru/accounting/", "https://nnov.hse.ru/admdep/", "https://nnov.hse.ru/analytics/", "https://nnov.hse.ru/asp/", "https://nnov.hse.ru/aup/event_office/", "https://nnov.hse.ru/aup/podu/", "https://nnov.hse.ru/aup/security/", "https://nnov.hse.ru/aup/ucr/", "https://nnov.hse.ru/ba/ami/", "https://nnov.hse.ru/ba/bi/", "https://nnov.hse.ru/ba/business/", "https://nnov.hse.ru/ba/design/", "https://nnov.hse.ru/ba/economics/", "https://nnov.hse.ru/ba/law/", "https://nnov.hse.ru/ba/ling/", "https://nnov.hse.ru/ba/math/", "https://nnov.hse.ru/ba/philology/", "https://nnov.hse.ru/ba/se/", "https://nnov.hse.ru/bipm/", "https://nnov.hse.ru/bipm/dsa/", "https://nnov.hse.ru/bipm/fm/", "https://nnov.hse.ru/bipm/inform/", "https://nnov.hse.ru/bipm/infosystem/", "https://nnov.hse.ru/bipm/mat/", "https://nnov.hse.ru/bipm/mera/", "https://nnov.hse.ru/bipm/tapradess/", "https://nnov.hse.ru/bipm/tmd/", "https://nnov.hse.ru/busnn/", "https://nnov.hse.ru/career/", "https://nnov.hse.ru/cdp/", "https://nnov.hse.ru/coor/", "https://nnov.hse.ru/cpppk/", "https://nnov.hse.ru/custom/", "https://nnov.hse.ru/deplaw/", "https://nnov.hse.ru/economics/", "https://nnov.hse.ru/economics/audit/", "https://nnov.hse.ru/economics/bank/", "https://nnov.hse.ru/economics/ete/", "https://nnov.hse.ru/economics/finman/", "https://nnov.hse.ru/economics/kept/", "https://nnov.hse.ru/economics/matec/", "https://nnov.hse.ru/economics/vvbsber/", "https://nnov.hse.ru/hrd/", "https://nnov.hse.ru/human/", "https://nnov.hse.ru/human/design/", "https://nnov.hse.ru/human/language/", "https://nnov.hse.ru/human/lcc/", "https://nnov.hse.ru/human/linguistics/", "https://nnov.hse.ru/human/rlc/", "https://nnov.hse.ru/intnn/", "https://nnov.hse.ru/it/", "https://nnov.hse.ru/latna/", "https://nnov.hse.ru/library/", "https://nnov.hse.ru/ma/appling/", "https://nnov.hse.ru/ma/bi/", "https://nnov.hse.ru/ma/data/", "https://nnov.hse.ru/ma/economics/", "https://nnov.hse.ru/ma/eduman/", "https://nnov.hse.ru/ma/finance/", "https://nnov.hse.ru/ma/global/", "https://nnov.hse.ru/ma/ls/", "https://nnov.hse.ru/ma/man/", "https://nnov.hse.ru/ma/marketing/", "https://nnov.hse.ru/ma/math/", "https://nnov.hse.ru/ma/vision/", "https://nnov.hse.ru/management/", "https://nnov.hse.ru/management/manage/", "https://nnov.hse.ru/management/market/", "https://nnov.hse.ru/management/orgp/", "https://nnov.hse.ru/management/pml/", "https://nnov.hse.ru/management/state/", "https://nnov.hse.ru/management/venture/", "https://nnov.hse.ru/method/", "https://nnov.hse.ru/milit/", "https://nnov.hse.ru/nnfv/", "https://nnov.hse.ru/nnlaw/", "https://nnov.hse.ru/nnlaw/civillaw/", "https://nnov.hse.ru/nnlaw/const/", "https://nnov.hse.ru/nnlaw/criminal/", "https://nnov.hse.ru/nnlaw/goszak/", "https://nnov.hse.ru/nnlaw/tsl/", "https://nnov.hse.ru/nnovstudents/", "https://nnov.hse.ru/oar/", "https://nnov.hse.ru/oro/", "https://nnov.hse.ru/pfo/", "https://nnov.hse.ru/prmarketing/", "https://nnov.hse.ru/property/", "https://nnov.hse.ru/secr/", "https://nnov.hse.ru/uch/"], "text": ["Нижний НовгородПодразделения и учебные офисы образовательных программ НИУ ВШЭБольшая Печерская ул., 25/12Костина ул., 2Львовская ул., 1вРодионова ул., 136Сормовское ш., 30Большая Печерская ул., 25/12      Вернуться к картеКак добратьсяАвтобус 4, 19, 24, 40, 45, 52, 58, 90Маршрутное такси 2, 40, 45, 60, 90, 97, 98до остановки «Технический университет»Трамвай 2Троллейбус 1до остановки «ул. Семашко»Подразделения:Аналитический отдел НИУ ВШЭ – Нижний НовгородАспирантура (Нижний Новгород)Базовая кафедра KeptБазовая кафедра Волго-Вятского банка ПАО «Сбербанк России» (Нижний Новгород)Библиотека (Нижний Новгород)Бухгалтерия (Нижний Новгород)Департамент литературы и межкультурной коммуникацииКафедра банковского дела (Нижний Новгород)Кафедра бухгалтерского учета, анализа и аудита (Нижний Новгород)Кафедра математической экономики (Нижний Новгород)Кафедра финансового менеджмента (Нижний Новгород)Кафедра экономической теории и эконометрики (Нижний Новгород)Лаборатория теории и практики систем поддержки принятия решений (Нижний Новгород)Лаборатория топологических методов в динамикеМеждународная лаборатория динамических систем и приложенийМетодический отдел (Нижний Новгород)НИУ ВШЭ в Нижнем НовгородеОбщий отдел (Нижний Новгород)Отдел адаптации и развития персоналаОтдел академического развития (Нижний Новгород)Отделение дизайнаОтдел информатизации (Нижний Новгород)Отдел кадров (Нижний Новгород)Отдел координации научных исследований (Нижний Новгород)Отдел международных связей (Нижний Новгород)Отдел по организации приема студентов в бакалавриат и магистратуруОтдел по связям с общественностью и маркетингуОтдел профориентации, олимпиад и конкурсовОтдел строительства и капитального ремонтаОтдел управления закупками (Нижний Новгород)Планово-финансовый отдел (Нижний Новгород)Региональный центр подготовки кадров для системы государственных закупок (Нижний Новгород)Секретариат директора (Нижний Новгород)Учебный отдел (Нижний Новгород)Факультет гуманитарных наук (Нижний Новгород)Факультет экономики НИУ ВШЭ (Нижний Новгород)Центр довузовской подготовки, содействия занятости выпускников и студентовЮридический отдел (Нижний Новгород)Учебные офисы образовательных программ:Образовательная программа «Дизайн»Образовательная программа «Фундаментальная и прикладная лингвистика»Образовательная программа «Экономика»Магистерская программа «Бизнес-аналитика в экономике и менеджменте» (Нижний Новгород)Магистерская программа «Правовое обеспечение и защита бизнеса» (Нижний Новгород)Магистерская программа «Прикладная лингвистика и текстовая аналитика / Applied Linguistics and Text Analytics»Магистерская программа «Финансы» (Нижний Новгород)Костина ул., 2      Вернуться к картеКак добратьсяМетро: до станции «Горьковская» (Автозаводская линия) выход на ул. Новая + 3 минуты пешком от станции до корпусаАвтобусы:до остановки «ул. Большая Покровская»: А58, А1, А26, А30, А40, А43, А64, А68 + 5 минут пешком от остановки до корпусадо остановки «Метро Горьковская»: А58, А68, А1, А64, А40, А41, А16 + 3 минуты пешком от станции до корпусаМаршрутные такси:до остановки «ул. Большая Покровская»: Т18, Т97 + 5 минут пешком от остановки до корпусадо остановки «Метро Горьковская»: Т74, Т97, Т34, Т57 + 3 минуты пешком от станции до корпусаТроллейбусы:до остановки «ул. Большая Покровская»: 31 + 5 минут пешком от остановки до корпусадо остановки «Метро Горьковская»: 9, 31 + 3 минуты пешком от станции до корпусаДоступность здания для людей с ограниченными возможностями здоровья и инвалидностью:", "Кнопка вызова для инвалидов (колясочников) на крыльце учебного блока, кнопка вызова для инвалидов (колясочников) на первом этаже учебного блока; туалет, приспособленный для инвалидов.Подразделения:Имущественно-правовой отдел (Нижний Новгород)Кафедра гражданского права и гражданского процесса (Нижний Новгород)Кафедра конституционного и административного права (Нижний Новгород)Кафедра теории и истории права и государства (Нижний Новгород)Кафедра уголовного права и уголовного процесса (Нижний Новгород)Отдел по организации и сопровождению мероприятийОтдел развития карьеры (Нижний Новгород)Факультет права (Нижний Новгород)Центр предпринимательства (Нижний Новгород)Центр русского языка как иностранногоЦентр языковой и методической подготовки (Нижний Новгород)Львовская ул., 1в         Вернуться к картеКак добратьсяАвтобус 11, 32, 58, 85Маршрутное такси 13, 15, 23, 25, 29, 38, 49, 63, 83, 98до остановок «ул. Дружаева» или «ул. Пермякова», «ул. Дьяконова»Автобусы:Автобус 11 (интервал движения: 11 - 28 мин)Автобус 32 (интервал движения: 13 - 36 минут)Автобус 58 (интервал движения: 14 - 40 минут)Автобус 85 (интервал движения: 10 - 32 мин )Маршрутное такси:МТ 13 (интервал движения: 15-25 минут)МТ 15 (интервал движения: 15-25 минут)МТ 23 (интервал движения: 15-25 минут)МТ 25 (интервал движения: 15-25 минут)МТ 29 (интервал движения: 15-25 минут)МТ 38 (интервал движения: 15-25 минут)МТ 49 (интервал движения: 15-25 минут)МТ 63 (интервал движения: 20-40 минут)МТ 83 (интервал движения: 15-25 минут)МТ 98 (интервал движения: 15-25 минут)Подразделения:Библиотека (Нижний Новгород)Департамент иностранных языковКафедра производственного менеджмента и логистики (Нижний Новгород)Кафедра физического воспитания (Нижний Новгород)Отдел по безопасности и режимуОтдел по внеучебной работе со студентами (Нижний Новгород)Учебный отдел (Нижний Новгород)Учебные офисы образовательных программ:Образовательная программа «Филология»Родионова ул., 136      Вернуться к картеКак добратьсяАвтобус 2, 4, 16, 24, 40, 45, 52, 58, 90, 204, 22Маршрутное такси 2, 17, 45, 46, 57, 63, 78, 83, 90Троллейбус 1до остановок «Микрорайон Медвежья Долина» или «Учебный комбинат ЗАО Маяк»Подразделения:Базовая кафедра группы компаний MERA (Нижний Новгород)Бизнес-школа (Нижний Новгород)Кафедра венчурного менеджмента (Нижний Новгород)Кафедра государственного и муниципального управленияКафедра информационных систем и технологий (Нижний Новгород)Кафедра маркетинга (Нижний Новгород)Кафедра математики (Нижний Новгород)Кафедра общего и стратегического менеджмента (Нижний Новгород)Кафедра организационной психологии (Нижний Новгород)Кафедра прикладной математики и информатики (Нижний Новгород)Кафедра фундаментальной математикиЛаборатория алгоритмов и технологий анализа сетевых структур (Нижний Новгород)Факультет информатики, математики и компьютерных наук (Нижний Новгород)Факультет менеджмента (Нижний Новгород)Учебные офисы образовательных программ:Образовательная программа «Бизнес-информатика» (Нижний Новгород)Образовательная программа «Математика»Образовательная программа «Прикладная математика и информатика»Образовательная программа «Программная инженерия»Образовательная программа «Управление бизнесом»Магистерская программа «Бизнес-информатика» (Нижний Новгород)Магистерская программа «Интеллектуальный анализ данных» (Нижний Новгород)Магистерская программа «Искусственный интеллект и компьютерное зрение»Магистерская программа «Маркетинг»Магистерская программа «Математика»Магистерская программа «Управление бизнесом в глобальных условиях» (Нижний Новгород)Магистерская программа «Управление образованием» (Нижний Новгород)Магистерская программа «Управление развитием компании» (Нижний Новгород)Сормовское ш., 30   Вернуться к картеКак добратьсяАвтобус 51, 56, 90, 95Маршрутное такси 6, 9, 19, 41, 52, 57, 59, 71, 72, 90, 319до остановок «Станция Варя» или «ст.метро Буревестник»Трамвай 6, 7до остановки «50 лет Победы»Метродо остановки «Буревестник» Подразделения:Военный учебный центр (Нижний Новгород)Факультет права (Нижний Новгород)Центр сопровождения программ дополнительного образованияУчебные офисы образовательных программ:Образовательная программа «Юриспруденция»Icons made by", "Freepik", "from", "www.flaticon.com", "is licensed by", "CC 3.0 BY"]}