{"title": "Мандельштамовский центр — Национальный исследовательский университет «Высшая школа экономики»", "description": "", "url": "https://mandelstam.hse.ru/", "data": [{"level": "1", "text": "Мандельштамовский центр", "response": []}, {"level": "1", "text": "Мандельштамовский центр", "response": []}, {"level": "2", "text": "О центре", "response": ["Основной целью Центра является организация и поддержка исследовательской, публикаторской и просветительской работы, связанной с творчеством О.Э. Мандельштама"]}, {"level": "2", "text": "Мандельштамовская конференция", "response": ["С 17 по 21 января 2022 года в трех российских городах – Москве, Твери и Санкт-Петербурге – в смешанном формате прошла конференция «“Страх и муза”: Ахматова, Мандельштам и их время» (Ахматовско-мандельштамовские чтения).", "Наукарепортаж о событии", "23 января", "2022"]}, {"level": "2", "text": "Книги О. Мандельштама и о нем на non/fiction-2021", "response": ["На ежегодной книжной ярмарке, которая пройдет в Гостином дворе (ул. Ильинка, 4) с 24 по 28 марта, П. Нерлер представит новое издание прозы поэта", "Обществорепортаж о событии", "22 марта", "2021"]}], "links": ["https://mandelstam.hse.ru/about", "https://mandelstam.hse.ru/news/454146097.html", "https://mandelstam.hse.ru/news/561391510.html", "https://mandelstam.hse.ru/news/community/", "https://mandelstam.hse.ru/news/page2.html", "https://mandelstam.hse.ru/news/science/", "https://mandelstam.hse.ru/news/tags/erep/"], "text": ["О центреОсновной целью Центра является организация и поддержка исследовательской, публикаторской и просветительской работы, связанной с творчеством О.Э. Мандельштама 23янв2022Мандельштамовская конференцияС 17 по 21 января 2022 года в трех российских городах – Москве, Твери и Санкт-Петербурге – в смешанном формате прошла конференция «“Страх и муза”: Ахматова, Мандельштам и их время» (Ахматовско-мандельштамовские чтения).Наукарепортаж о событии23 января", "202222мар2021Книги О. Мандельштама и о нем на non/fiction-2021На ежегодной книжной ярмарке, которая пройдет в Гостином дворе (ул. Ильинка, 4) с 24 по 28 марта, П. Нерлер представит новое издание прозы поэтаОбществорепортаж о событии22 марта", "2021Показать еще…"]}