{"title": "Кафедра ЮНЕСКО по исследованиям будущего – Национальный исследовательский университет «Высшая школа экономики»", "description": "", "url": "https://unescofutures.hse.ru/", "data": [{"level": "1", "text": "Кафедра ЮНЕСКО по исследованиям будущего", "response": []}, {"level": "2", "text": "Какой будет наука будущего", "response": []}], "links": [], "text": ["Мы используем файлы cookies для улучшения работы сайта НИУ ВШЭ и большего удобства его использования. Более подробную информацию об использовании файлов cookies можно найти здесь, наши правила обработки персональных данных – здесь. Продолжая пользоваться сайтом, вы подтверждаете, что были проинформированы об использовании файлов cookies сайтом НИУ ВШЭ и согласны с нашими правилами обработки персональных данных. Вы можете отключить файлы cookies в настройках Вашего браузера.", "Москва, Мясницкая 11,", "+7 (495) 621-28-73,", "issek@hse.ru", "Гохберг Л. М., Веселитская Н. Н., Вишневский К. О. и др.", "Национальный исследовательский университет \"Высшая школа экономики\", 2023.", "Miles I., Saritas O., Sokolov A.", "Rio de Janeiro: EDITORA FIOCRUZ, 2021.", "Sokolova A., Vishnevskiy K.", "Foresight. 2023. Vol. 25. No. 3. P. 305-319.", "Sokolova A.", "Futures. 2022. Vol. 135.", "Кафедра ЮНЕСКО по исследованиям будущего создана в 2021 г. на базе Международного научно-образовательного Форсайт-центра Института статистических исследований и экономики знаний НИУ ВШЭ. Кафедра ведет передовые научные исследования в области выявления и изучения будущих и возникающих тенденций развития экономики и общества с применением инновационных научных и технологических достижений для поиска решений социально-экономических проблем как национального, так и глобального масштаба. В рамках UNESCO Global Futures Literacy Network в сотрудничестве с ведущими форсайт-центрами мира кафедра продвигает культуру исследований будущего."]}