{"title": "Аспирантура (Нижний Новгород) – Национальный исследовательский университет «Высшая школа экономики»", "description": "", "url": "https://nnov.hse.ru/asp/", "data": [{"level": "1", "text": "Аспирантура – Нижний Новгород", "response": []}, {"level": "2", "text": "Почему Вышка?", "response": ["6 аспирантских школ НИУ ВШЭ", "15 научных специальностей", "Программа «Академическая аспирантура»"]}, {"level": "2", "text": "Образовательные программы", "response": ["Математика и механика", "Компьютерные науки (Информатика и вычислительная техника)", "Менеджмент", "Экономика", "Юриспруденция", "Лингвистика и литературоведение"]}, {"level": "2", "text": "Можно ли подать документы в аспирантуру дистанционно?", "response": ["Да. Сделать это можно здесь.", "Другие вопросы"]}, {"level": "2", "text": "Аспирантские школы", "response": ["Компьютерные науки", "Математика", "Филологические науки", "Экономика", "Менеджмент", "Юриспруденция"]}, {"level": "2", "text": "Новости", "response": ["Весенняя аттестация аспирантов по итогам первого полугодия", "14 мая начинается весенняя аттестация аспирантов НИУ ВШЭ по итогам первого полугодия 2023/2024 учебного года.", "Образование", "официально", "аспирантура", "27 апреля", "Состоялась защита кандидатской диссертации Елены Талановой", "23 апреля состоялась защита диссертации на соискаие ученой степени кандидата математический наук Елены Анатольевны Талановой.", "Наука", "достижения", "аспирантура", "27 апреля", "«Цифровые технологии в современной молодежной науке»: в НИУ ВШЭ – Нижний Новгород прошла VIII Всероссийская научная студенческая конференция", "Молодые российские ученые представили в Нижнем Новгороде доклады о применении искусственного интеллекта и современных методов обработки данных в широком спектре научных исследований. Аспиранты, студенты бакалавриата и магистратуры, преподаватели НИУ ВШЭ и эксперты обсудили, насколько применимы цифровые инструменты для решения научных задач и способны ли они обеспечить значимый прорыв в интересующей их области знаний.", "Наука", "репортаж о событии", "НИУ ВШЭ в Нижнем Новгороде", "22 апреля", "Еще новости"]}, {"level": "2", "text": "Контакты", "response": ["Перевезенцева Анна Юрьевна", "Аспирантура (Нижний Новгород): Начальник отдела", "Адрес: г. Нижний Новгород, Б. Печерская ул., д. 25/12, каб. 222Время работы: 8.30 - 17.30Телефон:8 (831) 419-55-82Электронная почта:aperevezentseva@hse.ru", "Бояринова Любовь Александровна", "Аспирантура (Нижний Новгород): Специалист по учебно-методической работе 1 категории", "Адрес: г. Нижний Новгород, Б. Печерская ул., д. 25/12, каб. 222Время работы: 8.30 - 17.30Телефон:8 (831) 419-55-82", "Фоменков Денис Александрович", "НИУ ВШЭ в Нижнем Новгороде: Заместитель директора филиала"]}], "links": ["http://aspirantura.hse.ru/economics/", "http://aspirantura.hse.ru/management/", "http://aspirantura.hse.ru/math/", "http://gsl.hse.ru/", "https://aspirantura.hse.ru/FAQ", "https://aspirantura.hse.ru/acad_asp/", "https://aspirantura.hse.ru/cs/", "https://enrol.hse.ru/", "https://nnov.hse.ru/asp/diffur", "https://nnov.hse.ru/asp/econ", "https://nnov.hse.ru/asp/inform", "https://nnov.hse.ru/asp/law", "https://nnov.hse.ru/asp/lingui", "https://nnov.hse.ru/asp/manag", "https://nnov.hse.ru/asp/news/918383471.html", "https://nnov.hse.ru/asp/news/918391522.html", "https://nnov.hse.ru/asp/news/edu/", "https://nnov.hse.ru/asp/news/ou/135288/", "https://nnov.hse.ru/asp/news/page2.html", "https://nnov.hse.ru/asp/news/science/", "https://nnov.hse.ru/asp/news/tags/achievements/", "https://nnov.hse.ru/asp/news/tags/asp/", "https://nnov.hse.ru/asp/news/tags/erep/", "https://nnov.hse.ru/asp/news/tags/official/", "https://nnov.hse.ru/news/916838177.html", "https://phs.hse.ru/"], "text": ["Почему Вышка?", "6 аспирантских школ НИУ ВШЭ", "15 научных специальностей", "Программа «Академическая аспирантура»", "Образовательные программы", "Математика и механика", "Компьютерные науки (Информатика и вычислительная техника)", "Менеджмент", "Экономика", "Юриспруденция", "Лингвистика и литературоведение", "Часто задаваемые вопросы", "Можно ли подать документы в аспирантуру дистанционно?", "Да. Сделать это можно здесь.", "Другие вопросы", "При дистанционной подаче документов абитуриенту необходимо уведомить отдел аспирантуры НИУ ВШЭ - Нижний Новгород о создании заявки электронным письмом на адрес aspiranturann@hse.ru", "Аспирантские школы", "Компьютерные науки", "Математика", "Филологические науки", "Экономика", "Менеджмент", "Юриспруденция", "Новости", "Весенняя аттестация аспирантов по итогам первого полугодия", "14 мая начинается весенняя аттестация аспирантов НИУ ВШЭ по итогам первого полугодия 2023/2024 учебного года.", "Образование", "официально", "аспирантура", "27 апреля", "Состоялась защита кандидатской диссертации Елены Талановой", "23 апреля состоялась защита диссертации на соискаие ученой степени кандидата математический наук Елены Анатольевны Талановой.", "Наука", "достижения", "аспирантура", "27 апреля", "«Цифровые технологии в современной молодежной науке»: в НИУ ВШЭ – Нижний Новгород прошла VIII Всероссийская научная студенческая конференция", "Молодые российские ученые представили в Нижнем Новгороде доклады о применении искусственного интеллекта и современных методов обработки данных в широком спектре научных исследований. Аспиранты, студенты бакалавриата и магистратуры, преподаватели НИУ ВШЭ и эксперты обсудили, насколько применимы цифровые инструменты для решения научных задач и способны ли они обеспечить значимый прорыв в интересующей их области знаний.", "Наука", "репортаж о событии", "НИУ ВШЭ в Нижнем Новгороде", "22 апреля", "Еще новости", "Контакты", "Перевезенцева Анна Юрьевна", "Аспирантура (Нижний Новгород): Начальник отдела", "Адрес: г. Нижний Новгород, Б. Печерская ул., д. 25/12, каб. 222Время работы: 8.30 - 17.30Телефон:8 (831) 419-55-82Электронная почта:aperevezentseva@hse.ru", "Бояринова Любовь Александровна", "Аспирантура (Нижний Новгород): Специалист по учебно-методической работе 1 категории", "Адрес: г. Нижний Новгород, Б. Печерская ул., д. 25/12, каб. 222Время работы: 8.30 - 17.30Телефон:8 (831) 419-55-82", "Фоменков Денис Александрович", "НИУ ВШЭ в Нижнем Новгороде: Заместитель директора филиала"]}