{"title": "Институт образования – Национальный исследовательский университет «Высшая школа экономики»", "description": "", "url": "http://ioe.hse.ru/", "data": [{"level": "1", "text": "Институт образования", "response": ["Содействовать доказательному улучшению сферы образования и человеческого развития"]}, {"level": "2", "text": "Программы магистратуры", "response": ["Поможем начать и развить карьеру в образовании"]}, {"level": "2", "text": "Образование в условиях пандемии", "response": ["Новости, инструменты, методики внедрения дистанционных технологий в образовании и работе"]}, {"level": "2", "text": "Экспертные и консалтинговые услуги", "response": []}, {"level": "2", "text": "Мероприятия", "response": ["22", "мая", "17:30", "Исследования в EdTech: как и зачем? — Воркшоп", "Все мероприятия"]}, {"level": "2", "text": "Наши открытые онлайн-курсы (MOOC)", "response": []}, {"level": "2", "text": "Новости", "response": ["Голосу студентов добавили силы: Исследователи изучили отзывы студентов и выпускников на сайтах и в соцсетях", "Большинство выпускников российских вузов довольны качеством полученного образования. Однако бывшие студенты ведущих вузов страны чаще оценивают свой образовательный опыт в более негативной тональности, чем выпускники других университетов.", "Экспертиза", "экспертиза", "27 апреля", "В саду хорошо, но дома не хуже: ученые проверили, как связаны дошкольный опыт и успехи в начальных классах", "Если ребенок ходит в детский сад, это еще не гарантирует успеха в начальной школе. Ученые проанализировали данные более 2000 первоклассников и четвероклассников и выяснили, что что успеваемость никак не связана с тем, посещали они садик или нет. Кроме того, многие отличники в четвертом классе оказались теми, кто не имел такого опыта.", "Экспертиза", "публикации", "экспертиза", "24 апреля", "Лонгитюд спешит на помощь: эксперты Инобра создают «дорожную карту» для преодоления школьной неуспешности", "Успешность ребенка складывается из калейдоскопа факторов — особенностей личности, семьи и школы, а не только социально-экономического статуса. Это показало лонгитюдное исследование школьной неуспешности, результаты которого обсудили на открытом семинаре.", "Экспертиза", "экспертиза", "23 апреля", "Еще новости"]}, {"level": "2", "text": "Проекты прямого действия", "response": ["Проект социального воздействия в сфере образования в Камчатском крае", "Всероссийский конкурс инноваций в образовании", "Ключевые компетенции и новая грамотность. Доклад по результатам проекта", "Улучшение качества обучения в школах Хангаласского улуса Республика Саха (Якутия)"]}, {"level": "2", "text": "Профессиональные сообщества", "response": ["Ассоциация исследователей образования", "Обеспечивает постоянную профессиональную и публичную коммуникацию исследователей образования", "Международный консорциум «Студенческий опыт в исследовательском университете»", "Содействует улучшению образовательной среды через опросы студентов по единой методологии", "Prev", "Next", "/"]}, {"level": "2", "text": "Издания и публикации", "response": ["Регулярные издания", "Журнал «Вопросы образования»", "Серия «Современная аналитика образования»", "Серия «Факты образования»", "Серия «Подготовка профессионалов для нового образования»", "Мониторинг экономики образования"]}, {"level": "2", "text": "Научные публикации", "response": ["Все публикации"]}, {"level": "2", "text": "Контакты", "response": []}], "links": ["http://ioe.hse.ru/podrazd", "http://kivo.hse.ru/", "https://aspirantura.hse.ru/ed/", "https://educonf.hse.ru/2022/", "https://ioe.hse.ru/Uncommon_schools", "https://ioe.hse.ru/announcements/917807501.html", "https://ioe.hse.ru/aspmag", "https://ioe.hse.ru/consult", "https://ioe.hse.ru/factobr", "https://ioe.hse.ru/kamchatkapsv/", "https://ioe.hse.ru/keycomp", "https://ioe.hse.ru/masters", "https://ioe.hse.ru/news/917266564.html", "https://ioe.hse.ru/news/917272064.html", "https://ioe.hse.ru/news/918411603.html", "https://ioe.hse.ru/news/announcements/", "https://ioe.hse.ru/news/expertise/", "https://ioe.hse.ru/news/page2.html", "https://ioe.hse.ru/news/tags/expert/", "https://ioe.hse.ru/news/tags/publicat/", "https://ioe.hse.ru/p_index", "https://ioe.hse.ru/podgprof", "https://ioe.hse.ru/podrazd", "https://ioe.hse.ru/postsovet", "https://ioe.hse.ru/proeducation", "https://ioe.hse.ru/publications/", "https://ioe.hse.ru/sakha/", "https://ioe.hse.ru/seminar", "https://ioe.hse.ru/seminar/polls/440857414.html", "https://ioe.hse.ru/seru/", "https://ioe.hse.ru/sovaobr", "https://ioe.hse.ru/sumschool", "https://ioe.hse.ru/white_papers", "https://memo.hse.ru/", "https://online.hse.ru/enrol/index.php", "https://publications.hse.ru/view/852323400", "https://publications.hse.ru/view/916351213", "https://publications.hse.ru/view/918374514", "https://publications.hse.ru/view/918381052", "https://uni.hse.ru/data/2018/02/27/1165218991/25", "https://vo.hse.ru/", "https://www.hse.ru/data/2020/07/06/1595281277/003_", "https://www.hse.ru/polls/440857414.html", "https://www.hse.ru/twelve"], "text": ["Магистерские программы", "Аспирантура", "Дополнительное образование", "Экспертные и консалтинговые услуги", "Приоритетные направления исследований", "Подразделения Института", "Институт входит в состав Национального исследовательского университета «Высшая школа экономики» — российского лидера рейтинга QS по образованию. Через исследования, через развитие междисциплинарного знания и подготовку современных ученых, действуя совместно с профессиональным сообществом, мы помогаем сформировать новый взгляд на образование, который не ограничен педагогикой. В глобальном обмене знанием стремимся дать нашей стране передовые идеи и концепции, способствовать развитию системы образования для успеха каждого.", "Подписаться на рассылку мероприятий", "Посмотреть брошюру", "Мероприятия", "22", "мая", "17:30", "Исследования в EdTech: как и зачем? — Воркшоп", "Все мероприятия", "Подписаться на рассылку мероприятий", "Наши регулярные мероприятия", "Открытый семинар ВШЭ по образованию", "Еженедельно", "Тематика семинаров отражает актуальные вопросы современной ситуации в образовании и результаты современных исследований в области образования.", "Наши регулярные мероприятия", "Летние школы", "Май-август", "Помогаем развить навыки исследователя, научной коммуникации и войти в международное профессиональное сообщество.", "Наши регулярные мероприятия", "Международная российская конференция исследователей высшего образования (конференция ИВО)", "Октябрь", "Организаторы конференции приглашают исследователей и практиков со всего мира принять участие в обсуждении роли высшего образования в развитии общества и экономики", "Наши регулярные мероприятия", "Конкурс инноваций в образовании", "Октябрь", "В финале авторы лучших работ представят свои проекты перед инвесторами и широкой публикой.", "Наши открытые онлайн-курсы (MOOC)", "Умная аналитика в управлении образованием", "Как выбирать инструменты аналитики под задачи организации, муниципалитета, региона и воплощать в управленческие решения", "11 недель", "Организационные практики и инструменты в работе лидера образовательной организации", "Как управлять школой в сложных социальных условия, чтобы получить поддержку коллектива и семей учеников", "5 недель", "Индивидуальный образовательный маршрут. Проектирование учебной программы", "Как построить индивидуальную траекторию каждого ученика внутри класса", "6 недель", "Авторские школы", "Как внедрить инновации в школу — кейсы легендарных директоров", "6 недель", "Практическая педагогика", "Как развивать мотивацию школьников для самостоятельной учебы", "9 недель, Вышка Онлайн", "Подробнее...", "Возрастная психология образования", "Как проектировать педагогическую деятельность с различными возрастными группами учащихся", "10 недель, Открытое образование", "Подробнее...", "Новости", "Голосу студентов добавили силы: Исследователи изучили отзывы студентов и выпускников на сайтах и в соцсетях", "Большинство выпускников российских вузов довольны качеством полученного образования. Однако бывшие студенты ведущих вузов страны чаще оценивают свой образовательный опыт в более негативной тональности, чем выпускники других университетов.", "Экспертиза", "экспертиза", "27 апреля", "В саду хорошо, но дома не хуже: ученые проверили, как связаны дошкольный опыт и успехи в начальных классах", "Если ребенок ходит в детский сад, это еще не гарантирует успеха в начальной школе. Ученые проанализировали данные более 2000 первоклассников и четвероклассников и выяснили, что что успеваемость никак не связана с тем, посещали они садик или нет. Кроме того, многие отличники в четвертом классе оказались теми, кто не имел такого опыта.", "Экспертиза", "публикации", "экспертиза", "24 апреля", "Лонгитюд спешит на помощь: эксперты Инобра создают «дорожную карту» для преодоления школьной неуспешности", "Успешность ребенка складывается из калейдоскопа факторов — особенностей личности, семьи и школы, а не только социально-экономического статуса. Это показало лонгитюдное исследование школьной неуспешности, результаты которого обсудили на открытом семинаре.", "Экспертиза", "экспертиза", "23 апреля", "Еще новости", "Проекты прямого действия", "Проект социального воздействия в сфере образования в Камчатском крае", "Всероссийский конкурс инноваций в образовании", "Ключевые компетенции и новая грамотность. Доклад по результатам проекта", "Улучшение качества обучения в школах Хангаласского улуса Республика Саха (Якутия)", "Профессиональные сообщества", "Ассоциация исследователей образования", "Обеспечивает постоянную профессиональную и публичную коммуникацию исследователей образования", "Международный консорциум «Студенческий опыт в исследовательском университете»", "Содействует улучшению образовательной среды через опросы студентов по единой методологии", "Prev", "Next", "/", "Издания и публикации", "Регулярные издания", "Журнал «Вопросы образования»", "Серия «Современная аналитика образования»", "Серия «Факты образования»", "Серия «Подготовка профессионалов для нового образования»", "Мониторинг экономики образования", "Большая аналитика", "«Белые книги»", "по всем уровням образования", "12 решений для нового образования", "Трансформация образования", "в постсоветских странах", "Индекс образовательной", "инфраструктуры российских регионов", "Книги о школах", "Уроки «стресс-теста».", "Вузы в условиях пандемии", "и после нее", "Серия «Постсоветское внешкольное образование»", "Дошкольное образование: инфраструктура будущего", "Научные публикации", "Книга", "Под науч. редакцией: Т. Канонир, А. И. Савенков", "Благополучие в образовании: современные исследования: сборник научных статей", "Благополучие становится «новой успешностью»: индикаторы благополучия учащихся все чаще приходят на смену привычным показателям академической успеваемости. Гармоничное развитие личности школьника или студента возможно только в том случае, когда оно сопровождается переживанием субъективного благополучия, связанного с вовлеченностью в учебный процесс, продуктивными коммуникациями со сверстниками и учителями, верой в собственные силы и умением справляться со сложностями. Сборник включает в себя ряд современных исследований, посвященных практикам обеспечения благополучия на разных ступенях образования и в дополнительном образовании, а также научному инструментарию оценки показателей благополучия. Сборник будет интересен как практикам — преподавателям учебных заведений, педагогам-психологам, членам административных команд, так и исследователям сферы образования и психологии.", "М.: НИУ ВШЭ, Институт образования, 2024.", "Статья", "Поливанова К. Н., Бочавер А. А.", "Детство: парадоксы самостоятельности", "В статье проблематизируется возможность развития агентности в детстве. Показано, что обычно не дифференцируемые конструкты «агентность» и «автономия» психологически представляют собой принципиально разные действия. Основанием их различения является характер взаимодействия индивида с социальной структурой. Автономия представляет собой встраивание в наличную структуру, приобретение навыков независимого функционирования в ней. Агентность же предполагает трансформацию структуры и «переход через границу семантических полей», по Ю.М. Лотману. В исследованиях детства за последние десятилетия произошло несколько важных «поворотов». Исходно детство рассматривалось как подготовка к взрослой жизни, которая реализовывалась в принципиально иерархических формах обучения. Примерно", "c 1970-х годов о детях начинают говорить как о потенциальных акторах в социальном мире. А с начала XXI", "в. набирает силу обсуждение самостоятельности (автономии), в составе которой выделяют способность действовать независимо от других и действия в соответствии со своими целями и убеждениями. Авторы проводят разделение агентности как преодоления границ, характеризующих структуру, и автономии как действия внутри исходно заданных границ. Механизмом агентности они считают продуктивное действие (событие) как меняющее ситуацию действования, а способом «обучения» агентности — пробу,", "в том числе игровую. Приведены примеры высказываний подростков и молодых людей, которые можно квалифицировать как специфичные для агентности, независимости и волевого действия.", "Вопросы образования. 2024. № 1. С. 214-235.", "Глава в книге", "Terentev E., Kuznetsov P.", "Russia", "The Russian doctoral education system experienced dramatic transformations in the last 30 years, which aimed to increase the completion rates and improve the quality of dissertations. However, these changes did not touch upon the supervision practices, which remain the same as in Soviet times. There is a legally approved opportunity to implement team supervision, but most universities and research organisations do not use it. The main barriers to the implementation of team supervision practices are related to the (1) uncertainty of the permissible reasons for team supervision, (2) lack of rewards for team supervision, (3) lack of sustainable requests for team supervision from doctoral students, (4) resistance to team supervision by supervisors, (5) distrust toward team supervision on the institutional and federal levels. Systematic transformations are required to shift towards real integration of team supervision practices into the Russian doctoral education system.", "In bk.: Global Perspectives on Enhancing Doctoral Co-Supervision. Springer, 2024. P. 75-86.", "Препринт", "Валединский П. И., Ivaniushina V. A., Alexandrov D. A. et al.", "Factors Influencing Adolescent Alcohol Consumption: Parents And Depression", "Sociology. SOC. Высшая школа экономики, 2023. No. 101.", "Все публикации", "Контакты", "Россия, 101000, г. Москва, Потаповский переулок, д. 16, стр. 10", "e-mail: ioe@hse.ru", "Проезд до станций метро: Китай-город; Тургеневская/Чистые пруды/Сретенский бульвар.", "Внимание!", "В здании действует пропускная система. Пропуск выписывает сотрудник, к которому приходит гость.", "Для проезда на автомобиле на внутреннюю парковку сообщите, пожалуйста, марку и номер автомобиля сотруднику, к которому вы направляетесь. Перед въездом со стороны Потаповского переулка установлен шлагбаум — необходимо нажать кнопку «вызов» (на оранжевом столбе рядом с логотипом Института образования) и сообщить охране номер автомобиля и фамилию выписавшего пропуск сотрудника.", "Приемная директора Института образования Е. А. Терентьева:", "+7 (495) 623-52-49.", "Департамент образовательных программ:", "+7 (916) 335-15-58 — по вопросам магистратуры.", "+7 (916) 833-33-06 — по вопросам дополнительного профессионального образования.", "Пресс-служба:", "Альберт Истомин", "+ 7 (495) 772-95-90 (вн. 22 839)", "e-mail: aistomin@hse.ru", "Контакты подразделений Института образования НИУ ВШЭ вы можете найти по ссылке."]}