{"title": "Exchange Studies – International Admissions – HSE University", "description": "", "url": "http://www.hse.ru/admissions/exchange-apply", "data": [{"level": "1", "text": "Exchange Studies", "response": ["If you are currently enrolled at one of HSE’s partner universities and your programme requirements allow, you can spend up to two semesters at HSE as part of your studies. Exchange students can take Russian and English-taught courses (a full list is available here).", "How it works", "Please check the International Students Support website for more information or email your nomination to international.study@hse.ru and include the following information: your name, email address, sex, field of study, study level (Bachelor’s, Master’s, or PhD), and the desired length of study at HSE."]}, {"level": "2", "text": "How it works", "response": ["Please check the International Students Support website for more information or email your nomination to international.study@hse.ru and include the following information: your name, email address, sex, field of study, study level (Bachelor’s, Master’s, or PhD), and the desired length of study at HSE."]}], "links": ["http://istudents.hse.ru/en/course", "http://www.hse.ru/intpartners/part", "https://istudents.hse.ru/en/"], "text": ["Exchange Studies", "If you are currently enrolled at one of HSE’s partner universities and your programme requirements allow, you can spend up to two semesters at HSE as part of your studies. Exchange students can take Russian and English-taught courses (a full list is available here).", "How it works", "Please check the International Students Support website for more information or email your nomination to international.study@hse.ru and include the following information: your name, email address, sex, field of study, study level (Bachelor’s, Master’s, or PhD), and the desired length of study at HSE."]}