{"title": "Подготовительные курсы к ОГЭ. 9 класс – Факультет довузовского образования (Санкт-Петербург) – Национальный исследовательский университет «Высшая школа экономики»", "description": "", "url": "https://spb.hse.ru/preuni/pre-university/class9", "data": [{"level": "1", "text": "Подготовительные курсы к ОГЭ. 9 класс", "response": ["Подготовка школьников 9 класса осуществляется в абитур-классах первого года обучения. Занятия по каждому из предметов проходят один раз в неделю, в вечернее время (с 17:00). Подготовительные курсы факультета довузовского образования - это обучение и профориентация школьников.", "Подготовительные курсы представляют собой две первые (базовые) ступени 3-ступенчатой системы довузовского образования. Они помогают 9-ти классникам определиться с выбором направления их будущего обучения в вузе.", "Подать заявку на 2023-2024 уч. год", "Стоимость платных образовательных услуг", "Группа АК-1 (9 класс)", "Начало занятий - октябрь 2024 года", "Предмет", "Количество академических часов", "Стоимость", "Математика (пятница)", "48", "16 800 рублей", "Обществознание (пятница)", "48", "16 800 рублей", "Информатика (вторник)", "48", "16 800 рублей", "Русский язык (четверг)", "48", "16 800 рублей", "Английский язык (четверг)", "48", "16 800 рублей", "Продолжительность - 24 недели", "При оформлении договора на 4 предмета скидка 15%", "Расписание, календарный график, списки групп", "Расписание", "Расписание 2023-2024", "Календарный график", "Календарь 2023-2024 (лист \"АК-1\")", "Необходимые документы", "Паспорт поступающего на курсы;", "Паспорт одного из родителей;", "Для заключения договора может подойти кто-то из родителей, присутствие поступающего на курсы необязательно.", "Скидки обучающимся", "Обучающимся ФДО при условии заключения договора в текущем учебном году на второго обучающегося из одной семьи предоставляются следующие скидки:", "скидка 15% при заключении договора на 1-3 предмета;", "скидка 20% при заключении договора на 4 предмета.", "Вопросы и ответы", "Когда проходят занятия на курсах?", "Занятия на курсах проходят по будням в вечернее время. Занятия по каждому предмету проходят один раз в неделю (в разные дни, кроме русского и английского языков). читать далее", "Контакты", "Пшеничный Николай Гурьевич", "Факультет довузовского образования (Санкт-Петербург): Декан"]}, {"level": "2", "text": "Стоимость платных образовательных услуг", "response": ["Группа АК-1 (9 класс)", "Начало занятий - октябрь 2024 года", "Продолжительность - 24 недели", "При оформлении договора на 4 предмета скидка 15%"]}, {"level": "2", "text": "Расписание, календарный график, списки групп", "response": ["Расписание", "Расписание 2023-2024", "Календарный график", "Календарь 2023-2024 (лист \"АК-1\")"]}, {"level": "2", "text": "Необходимые документы", "response": ["Для заключения договора может подойти кто-то из родителей, присутствие поступающего на курсы необязательно."]}, {"level": "2", "text": "Скидки обучающимся", "response": ["Обучающимся ФДО при условии заключения договора в текущем учебном году на второго обучающегося из одной семьи предоставляются следующие скидки:"]}, {"level": "2", "text": "Вопросы и ответы", "response": ["Когда проходят занятия на курсах?", "Занятия на курсах проходят по будням в вечернее время. Занятия по каждому предмету проходят один раз в неделю (в разные дни, кроме русского и английского языков). читать далее"]}, {"level": "2", "text": "Контакты", "response": []}], "links": ["https://spb.hse.ru/preuni/pre-university/fdo_faq", "https://spb.hse.ru/preuni/pre-university/polls/859145932.html"], "text": ["Подготовительные курсы к ОГЭ. 9 класс", "Подготовка школьников 9 класса осуществляется в абитур-классах первого года обучения. Занятия по каждому из предметов проходят один раз в неделю, в вечернее время (с 17:00). Подготовительные курсы факультета довузовского образования - это обучение и профориентация школьников.", "Подготовительные курсы представляют собой две первые (базовые) ступени 3-ступенчатой системы довузовского образования. Они помогают 9-ти классникам определиться с выбором направления их будущего обучения в вузе.", "Подать заявку на 2023-2024 уч. год", "Стоимость платных образовательных услуг", "Группа АК-1 (9 класс)", "Начало занятий - октябрь 2024 года", "Предмет", "Количество академических часов", "Стоимость", "Математика (пятница)", "48", "16 800 рублей", "Обществознание (пятница)", "48", "16 800 рублей", "Информатика (вторник)", "48", "16 800 рублей", "Русский язык (четверг)", "48", "16 800 рублей", "Английский язык (четверг)", "48", "16 800 рублей", "Продолжительность - 24 недели", "При оформлении договора на 4 предмета скидка 15%", "Расписание, календарный график, списки групп", "Расписание", "Расписание 2023-2024", "Календарный график", "Календарь 2023-2024 (лист \"АК-1\")", "Необходимые документы", "Паспорт поступающего на курсы;", "Паспорт одного из родителей;", "Для заключения договора может подойти кто-то из родителей, присутствие поступающего на курсы необязательно.", "Скидки обучающимся", "Обучающимся ФДО при условии заключения договора в текущем учебном году на второго обучающегося из одной семьи предоставляются следующие скидки:", "скидка 15% при заключении договора на 1-3 предмета;", "скидка 20% при заключении договора на 4 предмета.", "Вопросы и ответы", "Когда проходят занятия на курсах?", "Занятия на курсах проходят по будням в вечернее время. Занятия по каждому предмету проходят один раз в неделю (в разные дни, кроме русского и английского языков). читать далее", "Контакты", "Пшеничный Николай Гурьевич", "Факультет довузовского образования (Санкт-Петербург): Декан"]}