{"title": "Тема «достижения» – Новости – Пятый кампус: Вышка онлайн – Национальный исследовательский университет «Высшая школа экономики»", "description": "", "url": "http://online.hse.ru/news/tags/achievements/", "data": [{"level": "1", "text": "Тема «достижения»", "response": ["Онлайн-кампус НИУ ВШЭ запускает портал, посвященный искусственному интеллекту", "Портал объединяет все проекты «Вышки Онлайн» в области искусственного интеллекта — от подкастов и видеолекций до курсов и программ, которые могут не только стать первым знакомством с современными достижениями в области ИИ, но и погружать в AI-профессию уже искушенных слушателей. Проект обучает навыкам будущего в настоящем: работе с нейросетью, взаимодействию с генеративным ИИ, промпт-инжинирингу, управлению ML/AI-проектами и другим значимым в индустрии компетенциям.", "Экспертиза", "достижения", "новое в ВШЭ", "онлайн-образование", "искусственный интеллект", "20 декабря, 2023 г.", "НИУ ВШЭ второй год подряд стал победителем премии «Эффективное образование» в номинации «Университет года»", "Награда была вручена Высшей школе экономики в категории «Образовательные проекты» за открытие онлайн-кампуса. НИУ ВШЭ стал первым в России и странах СНГ вузом — провайдером высшего цифрового образования в рамках пятого кампуса «Вышка Онлайн», который был запущен в мае 2023 года.", "Образование", "достижения", "экспертиза", "онлайн-образование", "14 декабря, 2023 г.", "«Вышка Онлайн» второй год подряд стала лауреатом премии «Время инноваций»", "Онлайн-кампус НИУ ВШЭ был назван победителем в номинации «Прорыв года». Премия «Время инноваций» вручается с 2011 года за лучшие проекты и практики по внедрению, разработке и развитию инноваций в разных сферах. В рамках деловой программы одноименного форума «Вышка Онлайн» рассказала, как, опираясь на потребности рынка, вырасти за 10 лет с производства онлайн-курсов до открытия кампуса в метавселенной.", "Образование", "достижения", "онлайн-образование", "8 декабря, 2023 г.", "Вышка стала лауреатом международной премии Eventiada Awards", "Студент Школы коммуникаций факультета креативных индустрий НИУ ВШЭ Глеб Горшенин стал студентом года. Адаптационный путеводитель для первокурсников 2023/24 «Записки Коммуникотика» Школы коммуникаций был признан лучшим рекламным молодежным проектом. А открытие онлайн-кампуса Вышки получило награду в номинации «Лучший проект с целевой аудиторией: молодежь».", "Университетская жизнь", "достижения", "студенты", "репортаж о событии", "7 декабря, 2023 г.", "Онлайн-кампус НИУ ВШЭ поставил новый рекорд приема", "Высшая школа экономики — первый российский вуз, реализующий программы высшего очного образования в рамках самостоятельного онлайн-кампуса, — подвела итоги приемной кампании 2023/24 года. Университет-лидер в РФ и СНГ по количеству онлайн-программ (3 бакалавриата, 18 магистратур) в этом году снова стал самым крупным вузом по числу онлайн-студентов — 1750.", "Образование", "достижения", "Программа развития 2030", "онлайн-образование", "бакалавриат", "магистратура", "Приоритет 2030", "16 октября, 2023 г.", "Онлайн-кампус НИУ ВШЭ выпустил рекордное число магистров", "Дипломы 10 магистерских онлайн-программ ВШЭ получили более 450 студентов из 40 с лишним стран. Для участия в торжественной церемонии выпускники, получившие высшее очное образование онлайн, были приглашены в московский кампус и встретились с однокурсниками и преподавателями не на экранах, а вживую.", "Университетская жизнь", "достижения", "репортаж о событии", "Программа развития 2030", "онлайн-образование", "магистратура", "13 июля, 2023 г.", "Высшую школу экономики назвали онлайн-университетом года", "Вышка стала лауреатом премии Всероссийского конкурса «Эффективное образование» и была признана экспертным жюри онлайн-университетом года. Премия ежегодно привлекает более 150 заявок от игроков отраслевого образовательного бизнеса и лидеров HR-индустрии.", "Образование", "достижения", "онлайн-образование", "16 декабря, 2022 г.", "Высшая школа экономики стала лауреатом премии «Время инноваций»", "7–8 декабря эксперты из банковской, инвестиционной, IT и государственной сфер встретились на седьмом ежегодном форуме «Время инноваций» в Завидово, чтобы подвести итоги года и поделиться кейсами в сфере инноваций и цифровизации. В категории «Образовательные услуги» Вышка представила очные онлайн-программы бакалавриата и магистратуры и стала лидером в номинации «Инновация года».", "Образование", "достижения", "репортаж о событии", "инновации", "онлайн-образование", "9 декабря, 2022 г.", "Онлайн-программа НИУ ВШЭ Master of Data Science вышла в финал премии Digital Learning 2022", "Магистратура Вышки Master of Data Science вышла в финал премии Digital Learning 2022 в номинации «Онлайн-программы», а также завоевала приз зрительских симпатий. НИУ ВШЭ — единственный университет, который дошел до финала. С первой в России англоязычной магистерской программой, обучение на которой реализовано полностью онлайн, соседствуют номинанты из бизнеса — проекты НЛМК и «Открытие Брокер».", "Образование", "достижения", "приглашение к участию", "онлайн-образование", "магистратура", "11 ноября, 2022 г.", "«Знания должны быть применимы на практике и приносить пользу с первого дня работы»", "Анатолий Поташов — выпускник магистратуры МИЭФ Вышки 2014 года, а сейчас — приглашенный преподаватель НИУ ВШЭ, автор курсов Project and Venture Financing и Alternative Investments. Он рассказал, как онлайн-курс бизнес-школы Гарварда вдохновил его на запись онлайн-курсов для магистерской программы «Финансы» НИУ ВШЭ, и о работе над финансированием многомиллиардных проектов.", "Свободное общение", "достижения", "идеи и опыт", "выпускники", "магистратура", "10 ноября, 2022 г.", "1", "2", "3"]}, {"level": "2", "text": "Онлайн-кампус НИУ ВШЭ запускает портал, посвященный искусственному интеллекту", "response": []}, {"level": "2", "text": "НИУ ВШЭ второй год подряд стал победителем премии «Эффективное образование» в номинации «Университет года»", "response": []}, {"level": "2", "text": "«Вышка Онлайн» второй год подряд стала лауреатом премии «Время инноваций»", "response": []}, {"level": "2", "text": "Вышка стала лауреатом международной премии Eventiada Awards", "response": []}, {"level": "2", "text": "Онлайн-кампус НИУ ВШЭ поставил новый рекорд приема", "response": []}, {"level": "2", "text": "Онлайн-кампус НИУ ВШЭ выпустил рекордное число магистров", "response": []}, {"level": "2", "text": "Высшую школу экономики назвали онлайн-университетом года", "response": []}, {"level": "2", "text": "Высшая школа экономики стала лауреатом премии «Время инноваций»", "response": []}, {"level": "2", "text": "Онлайн-программа НИУ ВШЭ Master of Data Science вышла в финал премии Digital Learning 2022", "response": []}, {"level": "2", "text": "«Знания должны быть применимы на практике и приносить пользу с первого дня работы»", "response": []}], "links": ["http://online.hse.ru/news/communication/", "http://online.hse.ru/news/edu/", "http://online.hse.ru/news/expertise/", "http://online.hse.ru/news/keywords/14572835/", "http://online.hse.ru/news/keywords/513539960/", "http://online.hse.ru/news/life/", "http://online.hse.ru/news/tags/achievements/", "http://online.hse.ru/news/tags/achievements/page2.html", "http://online.hse.ru/news/tags/achievements/page3.html", "http://online.hse.ru/news/tags/alumni/", "http://online.hse.ru/news/tags/bprep/", "http://online.hse.ru/news/tags/development/", "http://online.hse.ru/news/tags/erep/", "http://online.hse.ru/news/tags/expert/", "http://online.hse.ru/news/tags/innovat/", "http://online.hse.ru/news/tags/inv/", "http://online.hse.ru/news/tags/mag/", "http://online.hse.ru/news/tags/newhse/", "http://online.hse.ru/news/tags/online/", "http://online.hse.ru/news/tags/practice/", "http://online.hse.ru/news/tags/stud/"], "text": ["Тема «достижения»", "Онлайн-кампус НИУ ВШЭ запускает портал, посвященный искусственному интеллекту", "Портал объединяет все проекты «Вышки Онлайн» в области искусственного интеллекта — от подкастов и видеолекций до курсов и программ, которые могут не только стать первым знакомством с современными достижениями в области ИИ, но и погружать в AI-профессию уже искушенных слушателей. Проект обучает навыкам будущего в настоящем: работе с нейросетью, взаимодействию с генеративным ИИ, промпт-инжинирингу, управлению ML/AI-проектами и другим значимым в индустрии компетенциям.", "Экспертиза", "достижения", "новое в ВШЭ", "онлайн-образование", "искусственный интеллект", "20 декабря, 2023 г.", "НИУ ВШЭ второй год подряд стал победителем премии «Эффективное образование» в номинации «Университет года»", "Награда была вручена Высшей школе экономики в категории «Образовательные проекты» за открытие онлайн-кампуса. НИУ ВШЭ стал первым в России и странах СНГ вузом — провайдером высшего цифрового образования в рамках пятого кампуса «Вышка Онлайн», который был запущен в мае 2023 года.", "Образование", "достижения", "экспертиза", "онлайн-образование", "14 декабря, 2023 г.", "«Вышка Онлайн» второй год подряд стала лауреатом премии «Время инноваций»", "Онлайн-кампус НИУ ВШЭ был назван победителем в номинации «Прорыв года». Премия «Время инноваций» вручается с 2011 года за лучшие проекты и практики по внедрению, разработке и развитию инноваций в разных сферах. В рамках деловой программы одноименного форума «Вышка Онлайн» рассказала, как, опираясь на потребности рынка, вырасти за 10 лет с производства онлайн-курсов до открытия кампуса в метавселенной.", "Образование", "достижения", "онлайн-образование", "8 декабря, 2023 г.", "Вышка стала лауреатом международной премии Eventiada Awards", "Студент Школы коммуникаций факультета креативных индустрий НИУ ВШЭ Глеб Горшенин стал студентом года. Адаптационный путеводитель для первокурсников 2023/24 «Записки Коммуникотика» Школы коммуникаций был признан лучшим рекламным молодежным проектом. А открытие онлайн-кампуса Вышки получило награду в номинации «Лучший проект с целевой аудиторией: молодежь».", "Университетская жизнь", "достижения", "студенты", "репортаж о событии", "7 декабря, 2023 г.", "Онлайн-кампус НИУ ВШЭ поставил новый рекорд приема", "Высшая школа экономики — первый российский вуз, реализующий программы высшего очного образования в рамках самостоятельного онлайн-кампуса, — подвела итоги приемной кампании 2023/24 года. Университет-лидер в РФ и СНГ по количеству онлайн-программ (3 бакалавриата, 18 магистратур) в этом году снова стал самым крупным вузом по числу онлайн-студентов — 1750.", "Образование", "достижения", "Программа развития 2030", "онлайн-образование", "бакалавриат", "магистратура", "Приоритет 2030", "16 октября, 2023 г.", "Онлайн-кампус НИУ ВШЭ выпустил рекордное число магистров", "Дипломы 10 магистерских онлайн-программ ВШЭ получили более 450 студентов из 40 с лишним стран. Для участия в торжественной церемонии выпускники, получившие высшее очное образование онлайн, были приглашены в московский кампус и встретились с однокурсниками и преподавателями не на экранах, а вживую.", "Университетская жизнь", "достижения", "репортаж о событии", "Программа развития 2030", "онлайн-образование", "магистратура", "13 июля, 2023 г.", "Высшую школу экономики назвали онлайн-университетом года", "Вышка стала лауреатом премии Всероссийского конкурса «Эффективное образование» и была признана экспертным жюри онлайн-университетом года. Премия ежегодно привлекает более 150 заявок от игроков отраслевого образовательного бизнеса и лидеров HR-индустрии.", "Образование", "достижения", "онлайн-образование", "16 декабря, 2022 г.", "Высшая школа экономики стала лауреатом премии «Время инноваций»", "7–8 декабря эксперты из банковской, инвестиционной, IT и государственной сфер встретились на седьмом ежегодном форуме «Время инноваций» в Завидово, чтобы подвести итоги года и поделиться кейсами в сфере инноваций и цифровизации. В категории «Образовательные услуги» Вышка представила очные онлайн-программы бакалавриата и магистратуры и стала лидером в номинации «Инновация года».", "Образование", "достижения", "репортаж о событии", "инновации", "онлайн-образование", "9 декабря, 2022 г.", "Онлайн-программа НИУ ВШЭ Master of Data Science вышла в финал премии Digital Learning 2022", "Магистратура Вышки Master of Data Science вышла в финал премии Digital Learning 2022 в номинации «Онлайн-программы», а также завоевала приз зрительских симпатий. НИУ ВШЭ — единственный университет, который дошел до финала. С первой в России англоязычной магистерской программой, обучение на которой реализовано полностью онлайн, соседствуют номинанты из бизнеса — проекты НЛМК и «Открытие Брокер».", "Образование", "достижения", "приглашение к участию", "онлайн-образование", "магистратура", "11 ноября, 2022 г.", "«Знания должны быть применимы на практике и приносить пользу с первого дня работы»", "Анатолий Поташов — выпускник магистратуры МИЭФ Вышки 2014 года, а сейчас — приглашенный преподаватель НИУ ВШЭ, автор курсов Project and Venture Financing и Alternative Investments. Он рассказал, как онлайн-курс бизнес-школы Гарварда вдохновил его на запись онлайн-курсов для магистерской программы «Финансы» НИУ ВШЭ, и о работе над финансированием многомиллиардных проектов.", "Свободное общение", "достижения", "идеи и опыт", "выпускники", "магистратура", "10 ноября, 2022 г.", "1", "2", "3"]}