{"title": "Премия выдающимся выпускникам – Национальный исследовательский университет «Высшая школа экономики»", "description": "", "url": "https://alumni.hse.ru/awards", "data": [{"level": "2", "text": "Кого можно номинировать?", "response": ["На соискание премии во всех номинациях могут быть предложены выпускники бакалавриата, магистратуры, аспирантуры (номинация «Человек науки»), MBA, программ профессиональной переподготовки всех кампусов Университета любых лет выпуска с заметными достижениями за 2020-2023.", "К участию в номинации «За особые достижения в карьере и общественной жизни среди иностранных выпускников НИУ ВШЭ» приглашаются выпускники Вышки из зарубежных стран. Кандидат не должен быть победителем прошлых лет. Полный список можно посмотреть здесь."]}, {"level": "2", "text": "Этапы премии", "response": []}, {"level": "2", "text": "Кто может предложить кандидатуру?", "response": ["Правом на выдвижение претендентов на соискание премии выдающимся выпускникам обладают:", "Самовыдвижение не предусмотрено."]}, {"level": "2", "text": "Номинации", "response": []}, {"level": "2", "text": "Наша команда", "response": []}], "links": ["https://alumni.hse.ru/awards/past", "https://alumni.hse.ru/awards/polls/876753705.html", "https://alumni.hse.ru/awards/shortlist2023/", "https://mentor.hse.ru/"], "text": ["Премия присуждается выпускникам Вышки, которые достигли успеха в профессиональной жизни и социально-значимых проектах.", "Кого можно номинировать?", "На соискание премии во всех номинациях могут быть предложены выпускники бакалавриата, магистратуры, аспирантуры (номинация «Человек науки»), MBA, программ профессиональной переподготовки всех кампусов Университета любых лет выпуска с заметными достижениями за 2020-2023.", "К участию в номинации «За особые достижения в карьере и общественной жизни среди иностранных выпускников НИУ ВШЭ» приглашаются выпускники Вышки из зарубежных стран. Кандидат не должен быть победителем прошлых лет. Полный список можно посмотреть здесь.", "Этапы премии", "1 ноября — 30 ноября", "Прием заявок", "1 декабря — 8 декабря", "Голосование экспертного жюри", "29 декабря 2023 — 4 февраля 2024", "Онлайн-голосование Вышки", "16 февраля 2024", "Церемония награждения", "Кто может предложить кандидатуру?", "Правом на выдвижение претендентов на соискание премии выдающимся выпускникам обладают:", "структурные подразделения НИУ ВШЭ и его филиалов;", "преподаватели и сотрудники НИУ ВШЭ и его филиалов;", "студенты и выпускники НИУ ВШЭ и его филиалов.", "Самовыдвижение не предусмотрено.", "Номинации", "Человек науки", "Активная научно-исследовательская деятельность и вклад в популя­ризацию науки. В номинации могут участвовать выпускники аспирантуры НИУ ВШЭ", "Частный бизнес", "За успешную реализацию и развитие собственных идей в предприни­мательстве на территории Российской Федерации", "Корпоративный бизнес", "За высокое конкурентное преимущество на рынке труда и профессиональные успехи в корпорациях и крупных компаниях", "Государственная", "cлужба", "За создание и внедрение инициатив и проектов по улучшению социальной, экономической, культурной жизни страны", "Человек культуры и искусства | Медиа", "За успехи в креативных и творческих индустриях", "Цифровое лидерство (IT)", "Высокое конкурентное преимущество на рынке труда и профессиональные успехи в корпорациях сферы IT", "Лучший ментор", "Награда вручается менторам большой менторской программы ВШЭ Alumni за активную роль в профессио­нальной реализации менти", "Связующее звено", "Приверженность сообществу Университета и вклад в формиро­вание сети контактов выпускников с alma mater", "Железный человек", "За популяризацию спорта своим примером", "Прорыв года", "Выпускники, которые за три года после выпуска: открыли успешный бизнес/реализовали крупный проект с большой аудиторией/заняли руководящую должность в крупной компании", "Выпускник-благотворитель", "Номинация предполагает разные формы участия: создание после окончания университета НКО; активное участие в общественной деятельности с вовлечением коллег; активная реализация проектов корпоративной социальной ответственности; значимый вклад в развитие общества", "Гуманитарная помощь и личная социальная ответственность", "В номинацию входят практики личного альтруизма, направленные на помощь жертвам стихийных бедствий, антропогенных катастроф, чрезвычайных ситуаций и военных действий", "Международное лидерство", "Личный вклад в развитие Университета как точки входа страны в международные экспертные и профессиональные сети дружественных стран, профессиональные успехи на работе в организациях, представляющих Российскую федерацию и НИУ ВШЭ на международной арене", "За особые достижения в карьере и общественной жизни среди иностранных выпускников НИУ ВШЭ", "Награда вручается выпускникам Вышки из зарубежных стран, имеющим выдающиеся успехи в сфере взаимодействия с университетом, государственной службе, IT, общественной жизни, корпоративном и частном бизнесе, спорте", "Шорт-листы 2023", "Проголосовать за кандидата", "Наша команда", "Гаевская Ольга Игоревна", "Начальник Управления развития карьеры и взаимодействия с выпускниками", "Уварова Анна Дмитриевна", "Руководитель проекта HSE ALUMNI", "Шевченко Елизавета Евгеньевна", "Менеджер сообщества ВШЭ ALUMNI"]}