{"title": "Магистерская программа «Население и развитие» — Национальный исследовательский университет «Высшая школа экономики»", "description": "", "url": "https://www.hse.ru/ma/pd/", "data": [{"level": "1", "text": "Население и развитие / Population and development", "response": ["Программа на английском языке для тех, кто хочет разобраться во влиянии развития населения на социально-экономические процессы, чтобы решать стратегические задачи государственного управления, бизнеса, некоммерческих организаций с учётом демографического фактора. Выпускники работают в корпоративном секторе (Danone, Johnson & Johnson, Novartis, Toyota), исследовательских центрах, государственных органах (Минздрав, ФГБУ «ЦНИИОИЗ»), некоммерческих организациях и фондах, отвечающих на глобальные вызовы XXI века.", "Задать вопрос о программе  Поступить", "О программеО программеПартнерыДостижения студентовВыпускникиНаучно-исследовательский семинарПриглашенные гостиАбитуриентамПаспорт программыБудущая профессияТраектории поступленияРаннее приглашение к поступлениюПеревод и восстановлениеПодготовкаСкидки для поступающих в магистратуруОбразовательный кредитСтудентамДоска объявленийИнформация для первокурсниковЗаказ справок и копий документовКак поменять учебный курсВыбор траектории обученияРекомендованные онлайн-курсыПрактическая подготовкаОбщая информацияПроектПрактикаВКР (дипломная работа)Каталог ВКРИтоговая аттестацияДополнительные иностранные языкиРейтингиАкадемическая мобильностьОплата обучения"]}, {"level": "2", "text": "Кого и зачем здесь учат", "response": ["Мы готовим аналитиков, обладающих глубокими знаниями в области демографии, статистики, экономики и социологии, которые владеют современными методами анализа данных и их интерпретации для оценки различных факторов, определяющих развитие населения.", "Специалисты такого профиля необходимы для того, чтобы государственные органы могли эффективнее распределять ресурсы для социально-экономического развития населения, корпоративный бизнес — выстраивать маркетинговые стратегии роста, НКО и фонды — работать с проблемами и вызовами, которые сопровождают процесс развития мирового населения."]}, {"level": "2", "text": "Преимущества программы", "response": ["Вы получаете практический опыт научной работы и доступ к уникальным материалам, исследуя проблемы и особенности социально-экономического и демографического развития России и мира в рамках научных проектов ВШЭ.", "Благодаря партнёрам магистерской программы уже во время обучения вы привлекаетесь к аналитической работе и консалтингу в крупных международных и российских некоммерческих организациях (среди них SDSN и SDSN Youth в России, ФАО, фонд продовольствия «Русь», ВОЗ, «Врачи без границ»), подразделениях НИУ ВШЭ и в федеральных государственных органах.", "Интернациональный коллектив студентов — шаг к международной карьере. Магистерская программа пользуется спросом у иностранцев, которые нацелены на работу в некоммерческих организациях и фондах, министерствах экономики и соцразвития по всему миру. Благодаря такому межкультурному и языковому обмену российские студенты часто находят работу в международных компаниях: Adidas, Citi Group, Johnson & Johnson, Toyota, Abbott, Novartis.", "Диплом по государственному и муниципальному управлению (Development studies & Public Administration) позволяет работать в органах государственной власти, отвечающих за социально-экономическое и демографическое развитие, и даёт широкий выбор направлений для дальнейшего образования — от социологии до менеджмента."]}, {"level": "2", "text": "Во время обучения", "response": ["Особое внимание уделяется статистике, математике и демографии. Осваиваются современные методы анализа статистических данных и интерпретации полученных результатов, актуальные подходы к программам развития с учетом процессов изменения численности и структуры населения.", "Студенты получают опыт работы с людьми, участвуя в социально-значимых проектах, связанных с сохранением здоровья, борьбой с насилием, помощью детям-сиротам, пожилым людям, трудовым мигрантам и так далее.", "Преподаватели магистерской программы подключают студентов к своим научным исследованиям широкого диапазона: от изучения бедности, рынка труда, социальной мобильности, экономического развития в России до исследований социального развития и демографических вызовов в африканских странах."]}, {"level": "2", "text": "Где работать после", "response": ["В органах государственного управления федерального уровня и в регионах.", "В корпоративном бизнесе — в отделах маркетинга и аналитики (продаж и финансов), стратегического планирования, работы с персоналом и корпоративной социальной отчётности.", "В специализированных фирмах, занимающихся аналитикой в области фармакологии, страхования, маркетинга.", "В некоммерческих российских и международных организациях, занимающихся глобальными и локальными проблемами населения: бедности, сохранения здоровья, помощью трудовым мигрантам и другими вопросами социального развития.", "Выпускники могут продолжить научную карьеру в ведущих исследовательских центрах России и мира, в фокусе внимания которых особенности демографии, социально-экономического развития, а также вопросы эффективности государственного управления."]}, {"level": "2", "text": "Что нужно знать для поступления", "response": ["Чтобы поступить в магистратуру, нужно знать английский на достаточном для обучения уровне, владеть основами математики, быть готовым осваивать компьютерные программы для обработки статистики и читать много теоретической литературы и исследовательских материалов. Среди студентов программы традиционно много «международников», социологов, соцработников, экономистов."]}, {"level": "2", "text": "Мероприятия", "response": ["День открытых дверей для поступающих в магистратуру 20242024"]}, {"level": "2", "text": "Новости", "response": ["От поступления до карьерных возможностей: мастер-класс образовательной программы «Население и развитие»Магистерская образовательная программа «Население и развитие» приглашает всех желающих принять участие в мастер-классе, который пройдет в рамках Дня открытых дверей.Поступающимстудентымастер-классыприглашение к участиюмагистратура15 апреляАренда квартиры, гостиница или коливингКакие варианты размещения, помимо общежитий, предлагает ВышкаВышка для своих27 мартаЗапуск Студенческой оценки преподавания в 3 модуле 2023-244 марта запущена волна студенческой оценки преподавания по 3 модулю 2023-2024 учебного годаУниверситетская жизньстудентыисследования и аналитикаприглашение к участиюбакалавриатмагистратураСтуденческая оценка преподавания5 мартаПриглашение к поступлению в аспирантуруСтудентам 2го курса и выпускникам программы \"Насление и развитие\", для дальнейшего развития в научной и академической сфере, предлагаем ознакомиться с правилами поступления в аспирантуру НИУ ВШЭ. Подробную информацию разместили в статье.Поступающимконструктор успехавыпускникистудентыприглашение к участиюофициальноаспирантура13 февраля", "Еще новости"]}, {"level": "2", "text": "Другие магистерские программы", "response": ["Управление образованием2,5 годаОчно-заочная форма обучения40/5/140 бюджетных мест1 государственная стипендия Правительства РФ для иностранцев5 платных мест1 платное место для иностранцевRUSОбучение ведётся полностью на русском языкеГосударственное и муниципальное управление2 годаОчная форма обучения45/10/145 бюджетных мест3 государственные стипендии Правительства РФ для иностранцев10 платных мест1 платное место для иностранцевRUSОбучение ведётся полностью на русском языкеДоказательное развитие образования2 годаОчная форма обучения35/5/135 бюджетных мест5 государственных стипендий Правительства РФ для иностранцев5 платных мест1 платное место для иностранцевRUS+ENGОбучение ведется на русском и частично на английском языкеУправление и экономика здравоохранения2 годаОчная форма обучения30/10/130 бюджетных мест1 государственная стипендия Правительства РФ для иностранцев10 платных мест1 платное место для иностранцевRUS+ENGОбучение ведется на русском и частично на английском языке"]}], "links": ["https://ma.hse.ru/earlyinvitation", "https://ncmu.hse.ru/", "https://social.hse.ru/announcements/444612910.html", "https://www.hse.ru/evaluation/news/902406644.html", "https://www.hse.ru/ma/education/", "https://www.hse.ru/ma/eduman/", "https://www.hse.ru/ma/gmu/", "https://www.hse.ru/ma/health/", "https://www.hse.ru/ma/pd/about", "https://www.hse.ru/ma/pd/certification", "https://www.hse.ru/ma/pd/certification/", "https://www.hse.ru/ma/pd/news/896315136.html", "https://www.hse.ru/ma/pd/news/914899389.html", "https://www.hse.ru/ma/pd/news/admission/", "https://www.hse.ru/ma/pd/news/life/", "https://www.hse.ru/ma/pd/news/ou/148487093/", "https://www.hse.ru/ma/pd/news/ou/263117111/", "https://www.hse.ru/ma/pd/news/page2.html", "https://www.hse.ru/ma/pd/news/tags/alumni/", "https://www.hse.ru/ma/pd/news/tags/asp/", "https://www.hse.ru/ma/pd/news/tags/bprep/", "https://www.hse.ru/ma/pd/news/tags/inv/", "https://www.hse.ru/ma/pd/news/tags/mag/", "https://www.hse.ru/ma/pd/news/tags/mclass/", "https://www.hse.ru/ma/pd/news/tags/official/", "https://www.hse.ru/ma/pd/news/tags/resanl/", "https://www.hse.ru/ma/pd/news/tags/stud/", "https://www.hse.ru/ma/pd/news/tags/success/", "https://www.hse.ru/our/news/909182415.html"], "text": ["Важные объявления01.02.2024Раннее приглашение к поступлению", "2 года", "Очная форма обучения", "8/5/1", "8 бюджетных мест18 государственных стипендий Правительства РФ для иностранцев5 платных мест1 платное место для иностранцев", "ENG", "Обучение ведётся полностью на английском языке", "Государственная аккредитацияНезависимая оценка качества образования", "Образовательная программа обновлена в рамках гранта, предоставленного Министерством науки и высшего образования Российской Федерации (№ соглашения о предоставлении гранта: 075-15-2020-928).", "Кого и зачем здесь учат", "Мы готовим аналитиков, обладающих глубокими знаниями в области демографии, статистики, экономики и социологии, которые владеют современными методами анализа данных и их интерпретации для оценки различных факторов, определяющих развитие населения.", "Специалисты такого профиля необходимы для того, чтобы государственные органы могли эффективнее распределять ресурсы для социально-экономического развития населения, корпоративный бизнес — выстраивать маркетинговые стратегии роста, НКО и фонды — работать с проблемами и вызовами, которые сопровождают процесс развития мирового населения.", "Преимущества программы", "Вы получаете практический опыт научной работы и доступ к уникальным материалам, исследуя проблемы и особенности социально-экономического и демографического развития России и мира в рамках научных проектов ВШЭ.", "Благодаря партнёрам магистерской программы уже во время обучения вы привлекаетесь к аналитической работе и консалтингу в крупных международных и российских некоммерческих организациях (среди них SDSN и SDSN Youth в России, ФАО, фонд продовольствия «Русь», ВОЗ, «Врачи без границ»), подразделениях НИУ ВШЭ и в федеральных государственных органах.", "Интернациональный коллектив студентов — шаг к международной карьере. Магистерская программа пользуется спросом у иностранцев, которые нацелены на работу в некоммерческих организациях и фондах, министерствах экономики и соцразвития по всему миру. Благодаря такому межкультурному и языковому обмену российские студенты часто находят работу в международных компаниях: Adidas, Citi Group, Johnson & Johnson, Toyota, Abbott, Novartis.", "Диплом по государственному и муниципальному управлению (Development studies & Public Administration) позволяет работать в органах государственной власти, отвечающих за социально-экономическое и демографическое развитие, и даёт широкий выбор направлений для дальнейшего образования — от социологии до менеджмента.", "Во время обучения", "Особое внимание уделяется статистике, математике и демографии. Осваиваются современные методы анализа статистических данных и интерпретации полученных результатов, актуальные подходы к программам развития с учетом процессов изменения численности и структуры населения.", "Студенты получают опыт работы с людьми, участвуя в социально-значимых проектах, связанных с сохранением здоровья, борьбой с насилием, помощью детям-сиротам, пожилым людям, трудовым мигрантам и так далее.", "Преподаватели магистерской программы подключают студентов к своим научным исследованиям широкого диапазона: от изучения бедности, рынка труда, социальной мобильности, экономического развития в России до исследований социального развития и демографических вызовов в африканских странах.", "Где работать после", "В органах государственного управления федерального уровня и в регионах.", "В корпоративном бизнесе — в отделах маркетинга и аналитики (продаж и финансов), стратегического планирования, работы с персоналом и корпоративной социальной отчётности.", "В специализированных фирмах, занимающихся аналитикой в области фармакологии, страхования, маркетинга.", "В некоммерческих российских и международных организациях, занимающихся глобальными и локальными проблемами населения: бедности, сохранения здоровья, помощью трудовым мигрантам и другими вопросами социального развития.", "Выпускники могут продолжить научную карьеру в ведущих исследовательских центрах России и мира, в фокусе внимания которых особенности демографии, социально-экономического развития, а также вопросы эффективности государственного управления.", "Что нужно знать для поступления", "Чтобы поступить в магистратуру, нужно знать английский на достаточном для обучения уровне, владеть основами математики, быть готовым осваивать компьютерные программы для обработки статистики и читать много теоретической литературы и исследовательских материалов. Среди студентов программы традиционно много «международников», социологов, соцработников, экономистов.", "Университеты–партнерыБолонский университетНеаполитанский университет имени Фридриха IIКатолический университет Лувена", "МероприятияДень открытых дверей для поступающих в магистратуру 20242024", "НовостиОт поступления до карьерных возможностей: мастер-класс образовательной программы «Население и развитие»Магистерская образовательная программа «Население и развитие» приглашает всех желающих принять участие в мастер-классе, который пройдет в рамках Дня открытых дверей.Поступающимстудентымастер-классыприглашение к участиюмагистратура15 апреляАренда квартиры, гостиница или коливингКакие варианты размещения, помимо общежитий, предлагает ВышкаВышка для своих27 мартаЗапуск Студенческой оценки преподавания в 3 модуле 2023-244 марта запущена волна студенческой оценки преподавания по 3 модулю 2023-2024 учебного годаУниверситетская жизньстудентыисследования и аналитикаприглашение к участиюбакалавриатмагистратураСтуденческая оценка преподавания5 мартаПриглашение к поступлению в аспирантуруСтудентам 2го курса и выпускникам программы \"Насление и развитие\", для дальнейшего развития в научной и академической сфере, предлагаем ознакомиться с правилами поступления в аспирантуру НИУ ВШЭ. Подробную информацию разместили в статье.Поступающимконструктор успехавыпускникистудентыприглашение к участиюофициальноаспирантура13 февраляЕще новости", "Подробнее о программе", "Другие магистерские программыУправление образованием2,5 годаОчно-заочная форма обучения40/5/140 бюджетных мест1 государственная стипендия Правительства РФ для иностранцев5 платных мест1 платное место для иностранцевRUSОбучение ведётся полностью на русском языкеГосударственное и муниципальное управление2 годаОчная форма обучения45/10/145 бюджетных мест3 государственные стипендии Правительства РФ для иностранцев10 платных мест1 платное место для иностранцевRUSОбучение ведётся полностью на русском языкеДоказательное развитие образования2 годаОчная форма обучения35/5/135 бюджетных мест5 государственных стипендий Правительства РФ для иностранцев5 платных мест1 платное место для иностранцевRUS+ENGОбучение ведется на русском и частично на английском языкеУправление и экономика здравоохранения2 годаОчная форма обучения30/10/130 бюджетных мест1 государственная стипендия Правительства РФ для иностранцев10 платных мест1 платное место для иностранцевRUS+ENGОбучение ведется на русском и частично на английском языке"]}