{"title": "Закладки: События и исследования – Новости – Научно-образовательный портал IQ – Национальный исследовательский университет «Высшая школа экономики»", "description": "", "url": "https://iq.hse.ru/news/research", "data": [{"level": "1", "text": "Научно-образовательныйпортал IQ", "response": []}], "links": ["https://iq.hse.ru/", "https://iq.hse.ru/en/news/", "https://iq.hse.ru/news/", "https://iq.hse.ru/news/848664318.html", "https://iq.hse.ru/news/855871487.html", "https://iq.hse.ru/news/856202667.html", "https://iq.hse.ru/news/858884951.html", "https://iq.hse.ru/news/862422550.html", "https://iq.hse.ru/news/863547727.html", "https://iq.hse.ru/news/877777218.html", "https://iq.hse.ru/news/886071866.html", "https://iq.hse.ru/news/911136051.html", "https://iq.hse.ru/news/911744164.html", "https://iq.hse.ru/news/912499995.html", "https://iq.hse.ru/news/912953308.html", "https://iq.hse.ru/news/economics/", "https://iq.hse.ru/news/education/", "https://iq.hse.ru/news/geogrpahy/", "https://iq.hse.ru/news/management/", "https://iq.hse.ru/news/neuroscience/", "https://iq.hse.ru/news/phys/", "https://iq.hse.ru/news/psych/", "https://iq.hse.ru/news/research/", "https://iq.hse.ru/news/research/page10.html", "https://iq.hse.ru/news/research/page11.html", "https://iq.hse.ru/news/research/page12.html", "https://iq.hse.ru/news/research/page2.html", "https://iq.hse.ru/news/research/page3.html", "https://iq.hse.ru/news/research/page4.html", "https://iq.hse.ru/news/research/page5.html", "https://iq.hse.ru/news/research/page6.html", "https://iq.hse.ru/news/research/page7.html", "https://iq.hse.ru/news/research/page8.html", "https://iq.hse.ru/news/research/page9.html", "https://iq.hse.ru/news/sociology/", "https://www.hse.ru/", "https://www.hse.ru/lkuser/"], "text": ["vision", "Версия для слабовидящих", "RU", "EN", "Национальный исследовательский университет «Высшая школа экономики»", "Научно-образовательный портал IQ", "Новости", "Закладки: События и исследования", "RU", "EN", "Исследования", "Психология", "Исследования", "В НИУ ВШЭ создали индекс доверия врачей к своей деятельности", "Он поможет преодолеть проблему эмоционального выгорания специалистов в сфере здравоохранения", "Менеджмент", "Исследования", "Синдром дефицита внимания и гиперактивности у руководителей помогает развивать бизнес", "Однако в основном мужчинам с большим управленческим опытом", "Исследования", "География", "В Москве дожди и ветер оказались сильнее, чем за её пределами", "Российские климатологи впервые на материале мегаполиса Евразии показали, как городская среда влияет на погодные явления", "Образование", "Исследования", "Высокая нагрузка преподавателей приводит к завышению оценок студентов в вузах", "В НИУ ВШЭ установили, на каких курсах и у каких преподавателей проще всего получить «девять» и «десять»", "Психология", "Исследования", "Трудоголизм помог молодым нарциссам основать успешные стартапы", "В НИУ ВШЭ выяснили, какие личные факторы позволяют добиться успехов в бизнесе", "Экономика", "Исследования", "В кризисы бюджетникам лучше, чем сотрудникам частных компаний", "В НИУ ВШЭ сравнили удовлетворённость трудом среди работников государственного и частного сектора в России", "Нейронауки", "Исследования", "Видеоокулография доказала повышенную сложность полисинтетических языков для чтения", "Учёные НИУ ВШЭ сравнили движения глаз у билингвов во время чтения на двух языках — русском и адыгейском", "Социология", "Исследования", "Повышение зарплаты не увеличивает производительность труда в России", "Большинство россиян считают текущую зарплату несправедливо маленькой, поэтому её рост воспринимается как должное", "Нейронауки", "Исследования", "Нейроучёные НИУ ВШЭ опровергли гипотезу, что развитие мозга детей-аутистов нормализуется к школьному возрасту", "Увы, но в 8-14 лет характеристики серого вещества детей с расстройствами аутистического спектра всё ещё отличаются от типично развивающихся сверстников", "Образование", "Исследования", "Психологическое благополучие стар­ше­класс­ни­ков во мно­гом за­ви­сит от под­держ­ки учителей", "При этом уровень осмысленности жизни и удовлетворённости ею у российских подростков — выше среднего среди стран ОЭСР", "Психология", "Исследования", "Неудачи в адаптации африканских иммигрантов в России связали с низким уровнем психической устойчивости", "Другая проблема — воспринимаемая дискриминация", "Физика", "Исследования", "Глубокие нейронные сети сделают экспе­ри­мен­таль­ную физику элементарных частиц дешевле", "Решение предложила коллаборация MODE, куда входят и специалисты из НИУ ВШЭ", "1", "2", "3", "4", "5", "6", "7", "8", "9", "10", "11", "12"]}