{"title": "Тема «экспертиза» – Новости – Пятый кампус: Вышка онлайн – Национальный исследовательский университет «Высшая школа экономики»", "description": "", "url": "http://online.hse.ru/news/tags/expert/", "data": [{"level": "1", "text": "Тема «экспертиза»", "response": ["НИУ ВШЭ второй год подряд стал победителем премии «Эффективное образование» в номинации «Университет года»", "Награда была вручена Высшей школе экономики в категории «Образовательные проекты» за открытие онлайн-кампуса. НИУ ВШЭ стал первым в России и странах СНГ вузом — провайдером высшего цифрового образования в рамках пятого кампуса «Вышка Онлайн», который был запущен в мае 2023 года.", "Образование", "достижения", "экспертиза", "онлайн-образование", "14 декабря, 2023 г.", "Как внедрять цифровую кафедру, рассказала сетевым партнерам «Вышка Онлайн»", "«Вышка Онлайн» совместно с факультетом компьютерных наук ВШЭ провела шестой образовательный интенсив для сетевых партнеров U4Uonline 2023. В трехдневном мероприятии приняли участие 28 вузов России и СНГ. Интенсив был посвящен внедрению в процесс обучения цифровой кафедры как одного из ключевых направлений модернизации высшего образования.", "Образование", "дискуссии", "экспертиза", "репортаж о событии", "Программа развития 2030", "онлайн-образование", "Приоритет 2030", "8 ноября, 2023 г.", "НИУ ВШЭ запустил цифровой кампус «Вышка Онлайн»", "В Высшей школе экономики состоялась презентация онлайн-кампуса, который объединяет в себе лучшие практики цифрового обучения и является продолжением университета в онлайн-среде. Руководители, эксперты и партнеры Вышки рассказали, чем новый кампус отличается от обычного набора образовательных программ, почему онлайн-обучение органично для современного человека и чему можно научиться в «Вышке Онлайн» уже сегодня.", "Образование", "новое в ВШЭ", "экспертиза", "Программа развития 2030", "онлайн-образование", "24 мая, 2023 г.", "«Стратегирование кризисов — сложный навык, который ведет нас к консультированию клиентов»", "В Вышке состоялся вебинар «Антикризисные коммуникации в IT-секторе». Его провела Ольга Пескова, преподаватель онлайн-магистратуры «Управление стратегическими коммуникациями» НИУ ВШЭ, профессор Высшей школы экономики, CEO в PR Inc. Она рассказала не просто о работе с кризисами в индустрии информационных технологий, но о выборе стратегии в сложных ситуациях.", "Образование", "экспертиза", "приглашение к участию", "онлайн-образование", "магистратура", "стратегические коммуникации", "15 сентября, 2022 г.", "НИУ ВШЭ — Санкт-Петербург и Ozon будут вместе готовить кадры для цифрового бизнеса", "Высшая школа экономики в Санкт-Петербурге и компания Ozon стали стратегическими партнерами. Первым шагом партнерства станет реализация новой образовательной программы бакалавриата «Цифровые платформы и логистика». Программа будет реализована в онлайн-формате.", "Поступающим", "новое в ВШЭ", "экспертиза", "официально", "бакалавриат", "НИУ ВШЭ в Санкт-Петербурге", "27 апреля, 2022 г.", "Think bigger: коммуникации как элемент стратегического подхода к управлению бизнесом", "15 апреля состоялось первая трансляция, посвященная онлайн-магистратуре «Управление стратегическими коммуникациями», в рамках которой эксперты озвучили прогнозы будущего индустрии, поделились своим виденьем образа идеального «коммуникатора» и дали практические советы, как специалисту оставаться актуальным для рынка в турбулентные времена.", "Поступающим", "студенты", "экспертиза", "официально", "репортаж о событии", "онлайн-образование", "магистратура", "Магистерская программа «Управление стратегическими коммуникациями»", "18 апреля, 2022 г.", "Эксперты Вышки Онлайн приняли участие в “Гостиной дирекций”", "На прошлой неделе, 10 февраля, эксперты Дирекции по онлайн-обучению и Вышки Онлайн приняли участие в адаптационном интенсиве для новых сотрудников учебных офисов НИУ ВШЭ.", "Экспертиза", "экспертиза", "репортаж о событии", "дополнительное образование", "Дирекция по онлайн-обучению", "18 февраля, 2021 г.", "Психометрическая экспертиза для “Педагогического дизайна учебных курсов”", "25-29 января прошла Зимняя школа для преподавателей Алматы менеджмент университета (AlmaU) “Педагогический дизайн учебных курсов”.", "Экспертиза", "экспертиза", "онлайн-образование", "Дирекция по онлайн-обучению", "4 февраля, 2021 г.", "Дмитрий Аббакумов выступил с докладом на онлайн-конференции «EdTech в дистанционном образовании 2020»", "5 мая в рамках одной из секций онлайн-конференции Дмитрий Аббакумов представил доклад «Вычислительная наука в образовании: актуальные направления и практические кейсы»", "Экспертиза", "экспертиза", "репортаж о событии", "онлайн-образование", "Центр вычислительных наук об образовании", "6 мая, 2020 г.", "Центр вычислительных наук об образовании провел для авторов и ассистентов онлайн-курсов мастерскую по оценке достижения студентами образовательных результатов", "20 февраля прошла третья мастерская Центра вычислительных наук об образовании «Оценка достижения образовательных результатов студентами онлайн-курсов».", "исследования и аналитика", "экспертиза", "репортаж о событии", "онлайн-образование", "Дирекция по онлайн-обучению", "21 февраля, 2020 г.", "1", "2"]}, {"level": "2", "text": "НИУ ВШЭ второй год подряд стал победителем премии «Эффективное образование» в номинации «Университет года»", "response": []}, {"level": "2", "text": "Как внедрять цифровую кафедру, рассказала сетевым партнерам «Вышка Онлайн»", "response": []}, {"level": "2", "text": "НИУ ВШЭ запустил цифровой кампус «Вышка Онлайн»", "response": []}, {"level": "2", "text": "«Стратегирование кризисов — сложный навык, который ведет нас к консультированию клиентов»", "response": []}, {"level": "2", "text": "НИУ ВШЭ — Санкт-Петербург и Ozon будут вместе готовить кадры для цифрового бизнеса", "response": []}, {"level": "2", "text": "Think bigger: коммуникации как элемент стратегического подхода к управлению бизнесом", "response": []}, {"level": "2", "text": "Эксперты Вышки Онлайн приняли участие в “Гостиной дирекций”", "response": []}, {"level": "2", "text": "Психометрическая экспертиза для “Педагогического дизайна учебных курсов”", "response": []}, {"level": "2", "text": "Дмитрий Аббакумов выступил с докладом на онлайн-конференции «EdTech в дистанционном образовании 2020»", "response": []}, {"level": "2", "text": "Центр вычислительных наук об образовании провел для авторов и ассистентов онлайн-курсов мастерскую по оценке достижения студентами образовательных результатов", "response": []}], "links": ["http://elearning.hse.ru/news/343674298.html", "http://elearning.hse.ru/news/440580859.html", "http://elearning.hse.ru/news/444803460.html", "http://online.hse.ru/news/admission/", "http://online.hse.ru/news/edu/", "http://online.hse.ru/news/expertise/", "http://online.hse.ru/news/keywords/142090553/", "http://online.hse.ru/news/keywords/513539960/", "http://online.hse.ru/news/ou/135083/", "http://online.hse.ru/news/ou/154497229/", "http://online.hse.ru/news/ou/182202577/", "http://online.hse.ru/news/ou/525914345/", "http://online.hse.ru/news/tags/achievements/", "http://online.hse.ru/news/tags/bprep/", "http://online.hse.ru/news/tags/development/", "http://online.hse.ru/news/tags/discus/", "http://online.hse.ru/news/tags/eduaddon/", "http://online.hse.ru/news/tags/erep/", "http://online.hse.ru/news/tags/expert/", "http://online.hse.ru/news/tags/expert/page2.html", "http://online.hse.ru/news/tags/inv/", "http://online.hse.ru/news/tags/mag/", "http://online.hse.ru/news/tags/newhse/", "http://online.hse.ru/news/tags/official/", "http://online.hse.ru/news/tags/online/", "http://online.hse.ru/news/tags/resanl/", "http://online.hse.ru/news/tags/stud/", "http://spb.hse.ru/news/603827203.html", "http://www.hse.ru/ma/scm/news/593705810.html"], "text": ["Тема «экспертиза»", "НИУ ВШЭ второй год подряд стал победителем премии «Эффективное образование» в номинации «Университет года»", "Награда была вручена Высшей школе экономики в категории «Образовательные проекты» за открытие онлайн-кампуса. НИУ ВШЭ стал первым в России и странах СНГ вузом — провайдером высшего цифрового образования в рамках пятого кампуса «Вышка Онлайн», который был запущен в мае 2023 года.", "Образование", "достижения", "экспертиза", "онлайн-образование", "14 декабря, 2023 г.", "Как внедрять цифровую кафедру, рассказала сетевым партнерам «Вышка Онлайн»", "«Вышка Онлайн» совместно с факультетом компьютерных наук ВШЭ провела шестой образовательный интенсив для сетевых партнеров U4Uonline 2023. В трехдневном мероприятии приняли участие 28 вузов России и СНГ. Интенсив был посвящен внедрению в процесс обучения цифровой кафедры как одного из ключевых направлений модернизации высшего образования.", "Образование", "дискуссии", "экспертиза", "репортаж о событии", "Программа развития 2030", "онлайн-образование", "Приоритет 2030", "8 ноября, 2023 г.", "НИУ ВШЭ запустил цифровой кампус «Вышка Онлайн»", "В Высшей школе экономики состоялась презентация онлайн-кампуса, который объединяет в себе лучшие практики цифрового обучения и является продолжением университета в онлайн-среде. Руководители, эксперты и партнеры Вышки рассказали, чем новый кампус отличается от обычного набора образовательных программ, почему онлайн-обучение органично для современного человека и чему можно научиться в «Вышке Онлайн» уже сегодня.", "Образование", "новое в ВШЭ", "экспертиза", "Программа развития 2030", "онлайн-образование", "24 мая, 2023 г.", "«Стратегирование кризисов — сложный навык, который ведет нас к консультированию клиентов»", "В Вышке состоялся вебинар «Антикризисные коммуникации в IT-секторе». Его провела Ольга Пескова, преподаватель онлайн-магистратуры «Управление стратегическими коммуникациями» НИУ ВШЭ, профессор Высшей школы экономики, CEO в PR Inc. Она рассказала не просто о работе с кризисами в индустрии информационных технологий, но о выборе стратегии в сложных ситуациях.", "Образование", "экспертиза", "приглашение к участию", "онлайн-образование", "магистратура", "стратегические коммуникации", "15 сентября, 2022 г.", "НИУ ВШЭ — Санкт-Петербург и Ozon будут вместе готовить кадры для цифрового бизнеса", "Высшая школа экономики в Санкт-Петербурге и компания Ozon стали стратегическими партнерами. Первым шагом партнерства станет реализация новой образовательной программы бакалавриата «Цифровые платформы и логистика». Программа будет реализована в онлайн-формате.", "Поступающим", "новое в ВШЭ", "экспертиза", "официально", "бакалавриат", "НИУ ВШЭ в Санкт-Петербурге", "27 апреля, 2022 г.", "Think bigger: коммуникации как элемент стратегического подхода к управлению бизнесом", "15 апреля состоялось первая трансляция, посвященная онлайн-магистратуре «Управление стратегическими коммуникациями», в рамках которой эксперты озвучили прогнозы будущего индустрии, поделились своим виденьем образа идеального «коммуникатора» и дали практические советы, как специалисту оставаться актуальным для рынка в турбулентные времена.", "Поступающим", "студенты", "экспертиза", "официально", "репортаж о событии", "онлайн-образование", "магистратура", "Магистерская программа «Управление стратегическими коммуникациями»", "18 апреля, 2022 г.", "Эксперты Вышки Онлайн приняли участие в “Гостиной дирекций”", "На прошлой неделе, 10 февраля, эксперты Дирекции по онлайн-обучению и Вышки Онлайн приняли участие в адаптационном интенсиве для новых сотрудников учебных офисов НИУ ВШЭ.", "Экспертиза", "экспертиза", "репортаж о событии", "дополнительное образование", "Дирекция по онлайн-обучению", "18 февраля, 2021 г.", "Психометрическая экспертиза для “Педагогического дизайна учебных курсов”", "25-29 января прошла Зимняя школа для преподавателей Алматы менеджмент университета (AlmaU) “Педагогический дизайн учебных курсов”.", "Экспертиза", "экспертиза", "онлайн-образование", "Дирекция по онлайн-обучению", "4 февраля, 2021 г.", "Дмитрий Аббакумов выступил с докладом на онлайн-конференции «EdTech в дистанционном образовании 2020»", "5 мая в рамках одной из секций онлайн-конференции Дмитрий Аббакумов представил доклад «Вычислительная наука в образовании: актуальные направления и практические кейсы»", "Экспертиза", "экспертиза", "репортаж о событии", "онлайн-образование", "Центр вычислительных наук об образовании", "6 мая, 2020 г.", "Центр вычислительных наук об образовании провел для авторов и ассистентов онлайн-курсов мастерскую по оценке достижения студентами образовательных результатов", "20 февраля прошла третья мастерская Центра вычислительных наук об образовании «Оценка достижения образовательных результатов студентами онлайн-курсов».", "исследования и аналитика", "экспертиза", "репортаж о событии", "онлайн-образование", "Дирекция по онлайн-обучению", "21 февраля, 2020 г.", "1", "2"]}