{"title": "Сессия \"Использование стандартов и лучших практик ОЭСР в городской и жилищной политике\" — Центр компетенций по взаимодействию с международными организациями — Национальный исследовательский университет «Высшая школа экономики»", "description": "", "url": "https://globalcentre.hse.ru/urban_policy_session", "data": [{"level": "2", "text": "Центр компетенций по взаимодействию с международными организациями", "response": []}, {"level": "1", "text": "Сессия \"Использование стандартов и лучших практик ОЭСР в городской и жилищной политике\"", "response": ["Даты и время проведения: 12 апреля 2018, 17:00 - 18:30", "Место проведения: Национальный исследовательский университет «Высшая школа экономики», Мясницкая, 9/11, ауд. 430", "Круглый стол проводится совместно с АО «ДОМ.РФ» в рамках секции S «Наука и инновации» XIX Апрельской международной научной конференции по проблемам развития экономики и общества", "Рабочие языки: русский, английский, с синхронным переводом", "Жилищная и градостроительная политика оказывает большое влияние на экономический рост, являясь крупнейшим сектором реальной экономики. В настоящее время большая часть населения Земли живет в городах, и именно эта часть населения в большинстве развитых стран создает основную часть ВВП. Россия, являясь страной-партнером ОЭСР, имеет уровень урбанизации, сопоставимый с наиболее развитыми странами-членами ОЭСР.", "Россия уделяет большое внимание международным стандартам в области городского развития и жилищной политики - повышаются требования по качеству вводимого жилищного фонда, происходит последовательная цифровизация рынка жилья и стройки, реализуется ряд инициатив, связанных с улучшением экологии в городах и повышения качества городской среды.", "В  2017   году при   поддержке АО «ДОМ.РФ»  проведена   большая  аналитическая работа по   анализу    стандартов  и  лучших  практик  ОЭСР, в том числе,  по таким направлениям как:", "•    «зеленая» городская инфраструктура и принципы устойчивого развития в городской и строительной политике•    обеспечение доступности жилья в соответствии с международными стандартами•    оценка качества комфортной городской среды•    цифровизация рынка ипотечного кредитования и строительства,  «умные  города»•    децентрализация управления и развитие механизмов государственно-частного партнерства в  городской  и жилищной политике", "Приоритетами   государственной политики  Российской   Федерации,  на которые   обратил особое  внимание  Президент  Российской  Федерации  В.В.  Путин в своем  Послании  Федеральному  собранию,  в  ближайшее время  станут:    разворачивание   масштабной программы   пространственного  развития   России;  качественное, основанное  на  современных  технологиях  и архитектурных  решениях  обновление городской  среды;  раскрытие  потенциала  малых  городов  и сельских   территорий наряду  с развитием  крупных городских  агломераций;   повышение качества и доступности  жилья.", "ОЭСР уделяет большое внимание городской политике как фактору экономического роста.   В настоящее  время  ОЭСР   реализует  «Исследование экономической ситуации в Российской Федерации», в рамках которого исследуются, в том числе, вопросы региональной, градостроительной и жилищной политики  как   важных  факторов устойчивого экономического  роста.  В   2018  году   начинается  подготовка обзора   ОЭСР «Национальная городская политика Российской Федерации». ОЭСР  запускает  новые  проекты,  представляющие    большой  интерес  для России,  в том числе  международный проект «Доступность жилья в городах».", "Правительством Российской Федерации дано поручение проанализировать возможности использования стандартов и лучших практик ОЭСР при реализации государственных программ и приоритетных проектов стратегического развития России, в том числе в области жилищной и градостроительной политики.", "Рекомендации ОЭСР представляют большой интерес в контексте текущих национальных проектов и инициатив в жилищной и городской политике,  включая государственную программу «Обеспечение доступным и комфортным жильем и коммунальными услугами граждан Российской Федерации», приоритетные  проекты  стратегического развития  РФ:  «Ипотека и арендное жилье», «Обеспечение качества жилищно-коммунальных услуг», «Формирование комфортной городской среды», «Комплексное развитие моногородов» и др.", "Основные вопросы для обсуждения:", "•    Насколько   Россия    следует в русле глобальных  трендов   в городской  и жилищной   политике?", "•    Какие направления   городской  и жилищной  политики   России  последних лет   можно  считать   наиболее  успешными  и  следует  обязательно   включить в Национальный  обзор городской  политики в  РФ в  2018  году?", "•    Какие  международные  проекты    ОЭСР   в  области городской  и жилищной политики   могут  быть наиболее интересны  для  России?", "•    Как   обеспечить  учет    международных  стандартов в    государственных  программах, приоритетных  проектах  и иных  документах  стратегического планирования   в области    городской   и жилищной политики?", "Модераторы Круглого стола:", "Мешкова Татьяна Анатольевна, заместитель первого проректора, директор Информационно-координационного центра по взаимодействию с ОЭСР, НИУ ВШЭ", "Ильина Ирина Николаевна, директор Института региональных исследований и городского планирования, НИУ ВШЭ", "Основной доклад:", "Мацумото Тадаши, старший политический аналитик Отдела развития региональной политики, Организация  экономического   сотрудничества   и развития (ОЭСР)", "Участники Круглого стола:", "Гармаш Оксана Алексеевна,  директор ГАУ «Институт Генплана Москвы»", "Гольдберг Михаил Анатольевич, руководитель Аналитического центра, АО «ДОМ.РФ»", "Ишханова Кристина Юрьевна, заместитель генерального директора Фонда единого института развития в жилищной сфере, АО «ДОМ.РФ»", "Каджиакбаров Нуржан Хажимуратович, советник-посланник Посольства Республики Казахстан в Российской Федерации", "Куценко   Евгений   Сергеевич,  заведующий  отделом  кластерной политики  Центра промышленной политики,  Институт статистических исследований  и экономики  знаний  НИУ  ВШЭ", "Наринский Дмитрий Михайлович, профессор Высшей школы урбанистики имени А.А. Высоковского, НИУ  ВШЭ", "Никифоров Андрей Афанасьевич, заместитель директора Департамента планирования территориального развития,  Министерство    экономического  развития Российской    Федерации", "Стапран Наталья Валерьевна, директор Департамента многостороннего экономического сотрудничества и специальных проектов, Министерство экономического развития Российской Федерации", "Терентьев Андрей Анатольевич, главный научный сотрудник Института экономики природопользования и экологической политики, НИУ ВШЭ", "Хабарова Татьяна Викторовна, руководитель ООН-Хабитат (программы ООН по населенным пунктам) в России", "Хорт   Надежда   Геннадиевна, заведующая Международной проектно-учетной лабораторией экспериментального проектирования городов  НИУ  ВШЭ", "Мероприятие завершено."]}], "links": ["https://conf.hse.ru/2018"], "text": ["Сессия \"Использование стандартов и лучших практик ОЭСР в городской и жилищной политике\"Даты и время проведения: 12 апреля 2018, 17:00 - 18:30", "Место проведения: Национальный исследовательский университет «Высшая школа экономики», Мясницкая, 9/11, ауд. 430", "Круглый стол проводится совместно с АО «ДОМ.РФ» в рамках секции S «Наука и инновации» XIX Апрельской международной научной конференции по проблемам развития экономики и общества", "Рабочие языки: русский, английский, с синхронным переводом", "Жилищная и градостроительная политика оказывает большое влияние на экономический рост, являясь крупнейшим сектором реальной экономики. В настоящее время большая часть населения Земли живет в городах, и именно эта часть населения в большинстве развитых стран создает основную часть ВВП. Россия, являясь страной-партнером ОЭСР, имеет уровень урбанизации, сопоставимый с наиболее развитыми странами-членами ОЭСР.", "Россия уделяет большое внимание международным стандартам в области городского развития и жилищной политики - повышаются требования по качеству вводимого жилищного фонда, происходит последовательная цифровизация рынка жилья и стройки, реализуется ряд инициатив, связанных с улучшением экологии в городах и повышения качества городской среды.", "В  2017   году при   поддержке АО «ДОМ.РФ»  проведена   большая  аналитическая работа по   анализу    стандартов  и  лучших  практик  ОЭСР, в том числе,  по таким направлениям как:", "•    «зеленая» городская инфраструктура и принципы устойчивого развития в городской и строительной политике•    обеспечение доступности жилья в соответствии с международными стандартами•    оценка качества комфортной городской среды•    цифровизация рынка ипотечного кредитования и строительства,  «умные  города»•    децентрализация управления и развитие механизмов государственно-частного партнерства в  городской  и жилищной политике", "Приоритетами   государственной политики  Российской   Федерации,  на которые   обратил особое  внимание  Президент  Российской  Федерации  В.В.  Путин в своем  Послании  Федеральному  собранию,  в  ближайшее время  станут:    разворачивание   масштабной программы   пространственного  развития   России;  качественное, основанное  на  современных  технологиях  и архитектурных  решениях  обновление городской  среды;  раскрытие  потенциала  малых  городов  и сельских   территорий наряду  с развитием  крупных городских  агломераций;   повышение качества и доступности  жилья.", "ОЭСР уделяет большое внимание городской политике как фактору экономического роста.   В настоящее  время  ОЭСР   реализует  «Исследование экономической ситуации в Российской Федерации», в рамках которого исследуются, в том числе, вопросы региональной, градостроительной и жилищной политики  как   важных  факторов устойчивого экономического  роста.  В   2018  году   начинается  подготовка обзора   ОЭСР «Национальная городская политика Российской Федерации». ОЭСР  запускает  новые  проекты,  представляющие    большой  интерес  для России,  в том числе  международный проект «Доступность жилья в городах».", "Правительством Российской Федерации дано поручение проанализировать возможности использования стандартов и лучших практик ОЭСР при реализации государственных программ и приоритетных проектов стратегического развития России, в том числе в области жилищной и градостроительной политики.", "Рекомендации ОЭСР представляют большой интерес в контексте текущих национальных проектов и инициатив в жилищной и городской политике,  включая государственную программу «Обеспечение доступным и комфортным жильем и коммунальными услугами граждан Российской Федерации», приоритетные  проекты  стратегического развития  РФ:  «Ипотека и арендное жилье», «Обеспечение качества жилищно-коммунальных услуг», «Формирование комфортной городской среды», «Комплексное развитие моногородов» и др.", "Основные вопросы для обсуждения:", "•    Насколько   Россия    следует в русле глобальных  трендов   в городской  и жилищной   политике?", "•    Какие направления   городской  и жилищной  политики   России  последних лет   можно  считать   наиболее  успешными  и  следует  обязательно   включить в Национальный  обзор городской  политики в  РФ в  2018  году?", "•    Какие  международные  проекты    ОЭСР   в  области городской  и жилищной политики   могут  быть наиболее интересны  для  России?", "•    Как   обеспечить  учет    международных  стандартов в    государственных  программах, приоритетных  проектах  и иных  документах  стратегического планирования   в области    городской   и жилищной политики?", "Модераторы Круглого стола:", "Мешкова Татьяна Анатольевна, заместитель первого проректора, директор Информационно-координационного центра по взаимодействию с ОЭСР, НИУ ВШЭ", "Ильина Ирина Николаевна, директор Института региональных исследований и городского планирования, НИУ ВШЭ", "Основной доклад:", "Мацумото Тадаши, старший политический аналитик Отдела развития региональной политики, Организация  экономического   сотрудничества   и развития (ОЭСР)", "Участники Круглого стола:", "Гармаш Оксана Алексеевна,  директор ГАУ «Институт Генплана Москвы»", "Гольдберг Михаил Анатольевич, руководитель Аналитического центра, АО «ДОМ.РФ»", "Ишханова Кристина Юрьевна, заместитель генерального директора Фонда единого института развития в жилищной сфере, АО «ДОМ.РФ»", "Каджиакбаров Нуржан Хажимуратович, советник-посланник Посольства Республики Казахстан в Российской Федерации", "Куценко   Евгений   Сергеевич,  заведующий  отделом  кластерной политики  Центра промышленной политики,  Институт статистических исследований  и экономики  знаний  НИУ  ВШЭ", "Наринский Дмитрий Михайлович, профессор Высшей школы урбанистики имени А.А. Высоковского, НИУ  ВШЭ", "Никифоров Андрей Афанасьевич, заместитель директора Департамента планирования территориального развития,  Министерство    экономического  развития Российской    Федерации", "Стапран Наталья Валерьевна, директор Департамента многостороннего экономического сотрудничества и специальных проектов, Министерство экономического развития Российской Федерации", "Терентьев Андрей Анатольевич, главный научный сотрудник Института экономики природопользования и экологической политики, НИУ ВШЭ", "Хабарова Татьяна Викторовна, руководитель ООН-Хабитат (программы ООН по населенным пунктам) в России", "Хорт   Надежда   Геннадиевна, заведующая Международной проектно-учетной лабораторией экспериментального проектирования городов  НИУ  ВШЭ", "Мероприятие завершено.", "Нашли опечатку?", "Выделите её, нажмите Ctrl+Enter и отправьте нам уведомление. Спасибо за участие!", "Сервис предназначен только для отправки сообщений об орфографических и пунктуационных ошибках."]}