{"title": "Департамент социологии – Национальный исследовательский университет «Высшая школа экономики»", "description": "", "url": "https://social.hse.ru/soc/", "data": [{"level": "1", "text": "Департамент социологии", "response": []}, {"level": "2", "text": "Участие социологов НИУ ВШЭ в XIV Грушинской конференции", "response": []}, {"level": "2", "text": "Стартовал конкурс для молодых ученых Вышки по темам стратпроектов", "response": []}, {"level": "2", "text": "Никита Покровский о новом гранте РНФ", "response": []}, {"level": "2", "text": "Проект ФОМ - Мастерская/ 2024 для студентов - социологов", "response": []}, {"level": "2", "text": "НИУ ВШЭ и «ГЭС-2» проведут вторую конференцию «Исследуя сообщество глухих»", "response": []}, {"level": "2", "text": "Открыт прием заявок на проведение летних школ в 2024 году", "response": []}, {"level": "2", "text": "«Школа – это не только получение, но и проверка знаний» – интервью директора Школы социальных наук для старшеклассников Максима Маркина", "response": []}, {"level": "2", "text": "Зимняя школа факультета социальных наук", "response": []}, {"level": "2", "text": "Музеи, театры и кино в фокусе социологических исследований – репортаж о Воркшопе рабочей группы факультета социальных наук", "response": []}, {"level": "2", "text": "С Новым годом!", "response": []}], "links": [], "text": ["Мы используем файлы cookies для улучшения работы сайта НИУ ВШЭ и большего удобства его использования. Более подробную информацию об использовании файлов cookies можно найти здесь, наши правила обработки персональных данных – здесь. Продолжая пользоваться сайтом, вы подтверждаете, что были проинформированы об использовании файлов cookies сайтом НИУ ВШЭ и согласны с нашими правилами обработки персональных данных. Вы можете отключить файлы cookies в настройках Вашего браузера.", "Адрес: 101000, Москва,", "ул. Мясницкая, д. 11.", "Телефон:", "8 (495) 772-95-90*12349", "E-mail: izangieva@hse.ru", "Наша миссия – научить видеть, думать и действовать. Видеть – проблемы современного общества; изменения, происходящие в его социальной структуре. Думать – свободно, доказательно, открыто. Действовать – на благо обществу, осуществляя свои профессиональные проекты. Для этого мы стремимся к совершенству в преподавании и исследовательской деятельности, создавая атмосферу, благоприятную для обмена опытом и знаниями между преподавателями и студентами.", "Богачёв М. И.", "2024.", "Лебедева Д. Р.", "Журнал исследований социальной политики. 2024. Т. 22. № 1. С. 182-188.", "Kotelnikova Z.", "In bk.: The Global Encyclopaedia of Informality: A hitchhiker’s guide to informal problem-solving in human life. Vol. 3: A hitchhiker’s guide to informal problem-solving in human life. L.: UCL Press, 2024. Ch. 9.7. P. 377-379.", "Fabrykant M., Magun V., Милкова М. А.", "SocArXiv. SocArXiv. SocArXiv, 2023", "Стартовал прием заявок на доплаты за чтение курсов на английском языке в 3-4 модулях | Заявки принимаются до 27 мая 2024 г."]}