{"title": "Направления обучения", "description": "", "url": "https://design.hse.ru/dir", "data": [{"level": "1", "text": "Направления обучения", "response": []}], "links": [], "text": ["Школа дизайна НИУ ВШЭ", "Москва", "Санкт-Петербург", "Нижний Новгород", "Пермь (Онлайн-бакалавриат)", "Ереван", "Казань", "Все кампусы", "Проект «Креативный город»", "По вопросам поступления:", "Бакалавриат (доб. 710)", "Магистратура (доб. 703)", "Онлайн-бакалавриат (доб. 709, 711)", "Дополнительное образование (Москва — доб. 705, 706, 712, Санкт-Петербург — доб. 701)", "Детская школа (доб. 707)", "С понедельника по пятницу", "с 10:00 до 18:00", "По общим вопросам", "Метро Павелецкая", "Метро Семёновская", "Основное образование", "Дополнительное образование", "КОММУНИКАЦИОННЫЙ ДИЗАЙН", "МЕДИА И ДИЗАЙН", "АНИМАЦИЯ И ИЛЛЮСТРАЦИЯ", "CGI и визуальные эффекты", "КОМИКС", "ГЕЙМ-ДИЗАЙН", "Игровая графика и концепт-арт", "ДИЗАЙН СРЕДЫ", "Дизайн интерьера", "ДИЗАЙН И ПРОГРАММИРОВАНИЕ", "ДИЗАЙН И ПРОДВИЖЕНИЕ ЦИФРОВОГО ПРОДУКТА", "ИВЕНТ-ДИЗАЙН. ТЕАТР. ПЕРФОРМАНС", "Дизайн и современное искусство", "Концепт-арт и цифровое искусство", "Экспериментальное кино и видеоарт", "Современная живопись", "Практики современного искусства", "Саунд-арт и саунд-дизайн", "Кураторство и арт-менеджмент", "Мода", "ФОТОГРАФИЯ", "3D-постпродакшн", "Школа дизайна НИУ ВШЭ — ПЕРМЬ (ОНЛАЙН-БАКАЛАВРИАТ)", "АРТ-ДИРЕКШН", "ПРЕДМЕТНЫЙ И ПРОМЫШЛЕННЫЙ ДИЗАЙН", "ДИЗАЙН КНИГИ", "Современные технологии преподавания дизайна и искусства (Магистратура)", "Онлайн-обучение в Школе дизайна", "ШКОЛА ДИЗАЙНА НИУ ВШЭ — САНКТ-ПЕТЕРБУРГ", "Школа дизайна НИУ ВШЭ — Нижний Новгород", "HSE ART AND DESIGN SCHOOL INTERNATIONAL — ЕРЕВАН", "Факультет довузовской подготовки", "ДОПОЛНИТЕЛЬНОЕ ОБРАЗОВАНИЕ", "Детская школа дизайна", "Креативные индустрии", "Обращения студентов", "Поблагодарить или пожаловаться", "По вопросам поступления:", "Бакалавриат (доб. 710)", "Магистратура (доб. 703)", "Онлайн-бакалавриат (доб. 709, 711)", "Дополнительное образование (Москва — доб. 705, 706, 712, Санкт-Петербург — доб. 701)", "Детская школа (доб. 707)", "С понедельника по пятницу", "с 10:00 до 18:00", "По общим вопросам", "Метро Павелецкая", "Метро Семёновская", "Основное образование", "Дополнительное образование", "Новости Школы дизайна", "Спасибо, вы успешно подписаны!", "Извините, что-то пошло не так. Попробуйте позже.", "Мы используем файлы cookies для улучшения работы сайта НИУ ВШЭ и большего удобства его использования. Более подробную информацию об использовании файлов cookies можно найти здесь, наши правила обработки персональных данных – здесь. Продолжая пользоваться сайтом, вы подтверждаете, что были проинформированы об использовании файлов cookies сайтом НИУ ВШЭ и согласны с нашими правилами обработки персональных данных. Вы можете отключить файлы cookies в настройках Вашего браузера."]}