{"title": "Московский институт электроники и математики им. А.Н. Тихонова – Национальный исследовательский университет «Высшая школа экономики»", "description": "", "url": "http://miem.hse.ru/", "data": [{"level": "1", "text": "Московский институт электроники и математики им. А.Н. Тихонова", "response": []}, {"level": "2", "text": "День открытых дверей", "response": ["19 мая в 11:00"]}, {"level": "2", "text": "Виртуальная экскурсия по МИЭМ", "response": ["Где учатся будущие программисты, математики, инженеры-конструкторы, специалисты по компьютерной безопасности, электронике и робототехнике"]}, {"level": "2", "text": "Важные объявления", "response": ["19 мая 2024 годаДень открытых дверей бакалавриата и специалитета МИЭМ"]}, {"level": "2", "text": "Новости", "response": ["«Наука рождается в то время, когда исследователь задает новый, до сих пор неизученный вопрос»: вторая часть о победителях НИРС", "Конкурс Научно-исследовательских работ студентов (НИРС) проводится в Вышке ежегодно. Его цель – популяризация науки и исследовательской работы среди студентов. К участию в конкурсе принимаются работы, написанные студентами индивидуально или в соавторстве с другими студентами и соответствующие направлениям конкурса. Он разделён на 25 различных направлений, большинство из которых выделяют отдельные номинации «лучшая научно-исследовательская работа студента бакалавриата и специалитета», «лучшая научно-исследовательская работа студента магистратуры и выпускника».", "Университетская жизнь", "Интервью", "публикации", "Результаты второго этапа Чемпионата МИЭМ по C++", "Студенческое научно-техническое общество на традиционной Гостиной провело разбор заданий турнира и объявило победителей. В конце мая состоится суперфинал.", "Общество", "Новости", "мониторинги", "В МИЭМ завершилась конференция им. Е. В. Арменского", "Неделя плодотворной работы принесла свои результаты: объявлены дипломанты по 12 секциям, одна и которых уникальна - выставка постерных докладов. Поздравляем победителей!", "Образование", "Новости", "цифра дня", "18 апреля"]}, {"level": "2", "text": "Программы бакалавриата и специалитета", "response": ["Информатика и вычислительная техника", "Прикладная математика", "Инфокоммуникацион­ные технологии и системы связи", "Информационная безопасность", "Компьютерная безопасность", "Prev", "Next", "/"]}, {"level": "2", "text": "Программы магистратуры", "response": ["Компьютерные системы и сети", "Кибербезопасность", "Интернет вещей и киберфизические системы", "Информационная безопасность киберфизических систем", "Системный анализ и математические технологии", "Прикладная электроника и фотоника", "Prev", "Next", "/"]}, {"level": "2", "text": "Руководство института", "response": ["И.о. директора, научный руководитель", "Крук Евгений Аврамович", "Заместитель директора", "Абрамешин Андрей Евгеньевич", "Заместитель директора", "Романов Виктор Владимирович", "Заместитель директора", "Прохорова Вероника Борисовна", "Заместитель директора по учебной работе", "Тумковский Сергей Ростиславович", "Заместитель директора по научной работе", "Аксенов Сергей Алексеевич"]}, {"level": "2", "text": "Мероприятия", "response": ["25", "мар", "30", "мая", "Фестиваль детского рисунка «Мир вокруг меня»", "Все мероприятия"]}, {"level": "2", "text": "Видео", "response": ["Новое во вращении Земли вокруг своей оси – Леонид Зотов", "Студенческая гостиная: О поступлении в магистратуру в МИЭМ НИУ ВШЭ", "Студенческая гостиная: Магистерская программа \"Прикладная электроника и фотоника\"", "Студенческая гостиная: Магистерские программы \"Информационная безопасность киберфизических систем\" и \"Кибербезопасность\"", "Студенческая гостиная: Магистерская программа \"Интернет вещей и киберфизические системы\"", "Студенческая гостиная: Магистерская программа \"Прикладные модели искусственного интеллекта\"", "Студенческая гостиная: Магистерская программа \"Компьютерные системы и сети\"", "Студенческая гостиная: Магистерская программа \"Системный анализ и математические технологии\"", "Prev", "Next", "/"]}, {"level": "2", "text": "Контакты", "response": ["Адрес", "123458, Москва, ул. Таллинская, д. 34", "Телефон, факс", "8 (495) 916-88-29", "Почта", "miem@hse.ru"]}], "links": ["https://miem.hse.ru/activities", "https://miem.hse.ru/announcements/910162573.html", "https://miem.hse.ru/curriculum_department", "https://miem.hse.ru/dpo", "https://miem.hse.ru/education/", "https://miem.hse.ru/news", "https://miem.hse.ru/news/916914651.html", "https://miem.hse.ru/news/918336507.html", "https://miem.hse.ru/news/announcements", "https://miem.hse.ru/news/announcements/", "https://miem.hse.ru/news/community/", "https://miem.hse.ru/news/edu/", "https://miem.hse.ru/news/interview/", "https://miem.hse.ru/news/life/", "https://miem.hse.ru/news/news1/", "https://miem.hse.ru/news/tags/monitoring/", "https://miem.hse.ru/news/tags/number/", "https://miem.hse.ru/news/tags/publicat/", "https://miem.hse.ru/persons", "https://miem.hse.ru/project_office", "https://miem.hse.ru/ru/education/", "https://miem.hse.ru/schools", "https://www.hse.ru/ba/am/", "https://www.hse.ru/ba/cosec/", "https://www.hse.ru/ba/is/", "https://www.hse.ru/ba/isct/", "https://www.hse.ru/ba/it/", "https://www.hse.ru/ma/cs", "https://www.hse.ru/ma/cyber", "https://www.hse.ru/ma/internet/", "https://www.hse.ru/ma/nanoelectronics/", "https://www.hse.ru/ma/samt/", "https://www.hse.ru/ma/system/", "https://www.hse.ru/mirror/pubs/share/915658454.pdf", "https://www.hse.ru/news/announcements/", "https://www.hse.ru/org/persons/205587707", "https://www.hse.ru/org/persons/210175677", "https://www.hse.ru/org/persons/210587506", "https://www.hse.ru/org/persons/47632180", "https://www.hse.ru/org/persons/47632189", "https://www.hse.ru/staff/aksenov"], "text": ["Важные объявления", "Узнали об интересном мероприятии? Расскажите нам!", "АбитуриентамВся необходимая информация об образовательных программах бакалавриата, специалитета и магистратуры.Подробнее…", "ШкольникамОлимпиады, физматшкола, профильные программы по инженерной подготовке для учащихся средней и старшей школы.Подробнее…", "Дополнительное образованиеИнститут с 2015 года реализует программы дополнительного образования по информатике и вычислительной технике, статистическому анализу, разработке и программированию.Подробнее…", "МИЭМ НИУ ВШЭ готовит специалистов, бакалавров и магистров в области электроники, информационных технологий, телекоммуникаций, вычислительной техники, прикладной математики, кибернетики.", "Педагогический коллектив МИЭМ включает 1 академика РАН, 4 члена-корреспондента РАН, 34 лауреата государственных премий РФ.", "Тесные связи с ведущими отраслевыми институтами, институтами РАН, мировыми компаниями, такими как National Instruments, InfoWatch, Zyxel, Altium Limited, VK и YADRO, а также оснащенные новейшим оборудованием лаборатории: 3D-визуализации; лазерных технологий; телекоммуникации; кибербезопасности — позволяют готовить востребованных специалистов на самом высоком уровне.", "Быстрые ссылки", "Поступающим", "Учебный офис", "Проектный офис", "Мероприятия", "Новости", "Новости", "«Наука рождается в то время, когда исследователь задает новый, до сих пор неизученный вопрос»: вторая часть о победителях НИРС", "Конкурс Научно-исследовательских работ студентов (НИРС) проводится в Вышке ежегодно. Его цель – популяризация науки и исследовательской работы среди студентов. К участию в конкурсе принимаются работы, написанные студентами индивидуально или в соавторстве с другими студентами и соответствующие направлениям конкурса. Он разделён на 25 различных направлений, большинство из которых выделяют отдельные номинации «лучшая научно-исследовательская работа студента бакалавриата и специалитета», «лучшая научно-исследовательская работа студента магистратуры и выпускника».", "Университетская жизнь", "Интервью", "публикации", "Результаты второго этапа Чемпионата МИЭМ по C++", "Студенческое научно-техническое общество на традиционной Гостиной провело разбор заданий турнира и объявило победителей. В конце мая состоится суперфинал.", "Общество", "Новости", "мониторинги", "В МИЭМ завершилась конференция им. Е. В. Арменского", "Неделя плодотворной работы принесла свои результаты: объявлены дипломанты по 12 секциям, одна и которых уникальна - выставка постерных докладов. Поздравляем победителей!", "Образование", "Новости", "цифра дня", "18 апреля", "Все новости", "Программы бакалавриата и специалитета", "Информатика и вычислительная техника", "Прикладная математика", "Инфокоммуникацион­ные технологии и системы связи", "Информационная безопасность", "Компьютерная безопасность", "Prev", "Next", "/", "Все программы бакалавриата и специалитета", "Программы магистратуры", "Компьютерные системы и сети", "Кибербезопасность", "Интернет вещей и киберфизические системы", "Информационная безопасность киберфизических систем", "Системный анализ и математические технологии", "Прикладная электроника и фотоника", "Prev", "Next", "/", "Все программы магистратуры", "Руководство института", "И.о. директора, научный руководитель", "Крук Евгений Аврамович", "Заместитель директора", "Абрамешин Андрей Евгеньевич", "Заместитель директора", "Романов Виктор Владимирович", "Заместитель директора", "Прохорова Вероника Борисовна", "Заместитель директора по учебной работе", "Тумковский Сергей Ростиславович", "Заместитель директора по научной работе", "Аксенов Сергей Алексеевич", "Все сотрудники", "Мероприятия", "25", "мар", "30", "мая", "Фестиваль детского рисунка «Мир вокруг меня»", "Все мероприятия", "Сообщить о мероприятии", "Подписаться на мероприятия", "Видео", "Новое во вращении Земли вокруг своей оси – Леонид Зотов", "Студенческая гостиная: О поступлении в магистратуру в МИЭМ НИУ ВШЭ", "Студенческая гостиная: Магистерская программа \"Прикладная электроника и фотоника\"", "Студенческая гостиная: Магистерские программы \"Информационная безопасность киберфизических систем\" и \"Кибербезопасность\"", "Студенческая гостиная: Магистерская программа \"Интернет вещей и киберфизические системы\"", "Студенческая гостиная: Магистерская программа \"Прикладные модели искусственного интеллекта\"", "Студенческая гостиная: Магистерская программа \"Компьютерные системы и сети\"", "Студенческая гостиная: Магистерская программа \"Системный анализ и математические технологии\"", "Prev", "Next", "/", "Все видео", "Контакты", "Адрес", "123458, Москва, ул. Таллинская, д. 34", "Телефон, факс", "8 (495) 916-88-29", "Почта", "miem@hse.ru"]}