{"title": "Главная - HSE Daily", "description": "", "url": "https://daily.hse.ru", "data": [{"level": "1", "text": "HSE Daily", "response": []}, {"level": "2", "text": "ГЛАВНОЕ", "response": ["«Это были фантастические доклады и обсуждения, залы не вмещали всех желающих»", "Институт демографии им. А.Г.", "Вишневского НИУ ВШЭ провел совместно со студенческим обществом «Демограф»", "встречу, посвященную памяти основателя института, интернет-журнала «Демоскоп", "Weekly» и научног......", "«Бизнес хочет не просто алгоритм из воздуха»: зачем экономисту разбираться в машинном обучении", "«Это праздник для российской экономической науки»", "Жизнь дроппера: поменять кроссовки на свободу", "Какой будет наука будущего", "Независимый антитраст: каким должно быть антимонопольное регулирование в период санкционного давления", "От Ямала до Камчатки: в регионах страны появятся новые туристические проекты", "Российская экономика в новой реальности: как бизнес преодолевает санкции"]}, {"level": "2", "text": "Мнения", "response": ["Сергей Самсонов: «Не нужно роботизировать все подряд»", "Ирек Тимергалиев: «За вас будут драться, но не те, у кого вы хотите работать»", "Илья Аксёнов: путь в кино — от бизнес-информатики до популярного режиссера", "Виктор Сергеев: «Меняем приоритеты: от классической логистики — к квантовой»", "Читать больше"]}, {"level": "2", "text": "фотогалерея", "response": ["Вышка на Всемирном фестивале молодежи", "HSE Unity Fest: единство культур и новые дружеские связи в НИУ ВШЭ", "«Нейросеть — явление, ко......", "«Задача наших выпускнико......", "Смотреть больше"]}, {"level": "2", "text": "Интересное", "response": ["Изысканная простота икебаны: язык цветов или подношение богам", "Искусство", "составлять в особых сосудах композиции из срезанных побегов и цветов зародилось", "в Японии много веков назад. По мере открытия миру Страны восходящего солнца", "икебаны стали популярны во всем......", "Школа ждет: в России стартовала приемная кампания в первый класс", "«Стипендии, гранты и карьерный рост»: молодые ученые рассказали о возможностях, которые дает Вышка", "«Это долгосрочная и поэтапная работа»", "«Когда денег нет, это становится самым важным»: особенности финансирования российских НКО", "Читать больше"]}, {"level": "2", "text": "видеогалерея", "response": ["LessON: Кто такие современные единороги и где они обитают", "Что мы знаем о мозге и его возможностях // Ольга Драгой, Андрей Мячиков, Алексей Осадчий", "0:13 / 10:51   LessON: Зачем в космос запускают спутники", "Смотреть больше"]}, {"level": "2", "text": "Подкасты", "response": ["Двигатель прогресса: как популяризировать науку", "Зачем ученым популяризировать науку? Что", "Слушать", "Спроси у ChatGPT: главные мифы о нейросети", "Ворона желает знать — это официальный по", "Слушать", "«Поехали!»: отвечаем на популярные вопросы о космосе", "Какую пользу получают обычные люди от из", "Слушать", "Как мы искажаем реальность", "Наверняка вы сталкивались с тем, что как", "Слушать", "Однажды в Голливуде", "Когда словосочетание «голливудский актер", "Слушать", "Почему мы прокрастинируем и как перестать", "Что такое прокрастинация, почему она воз", "Слушать", "О магическом мышлении", "В нашу рутину тесно вплетены магические", "Слушать", "Городской пейзаж: что изучает социология города", "Почему все больше людей стремятся жить в", "Слушать", "Вычитать и умножать: зачем мы учим математику", "Почему мы изучаем алгебру в школе? Как с", "Слушать", "Что такое бренд-медиа и как они работают?", "Как бренду заявить о себе? Классические", "Слушать", "Слушать больше"]}, {"level": "2", "text": "Новости", "response": []}], "links": [], "text": ["«Это были фантастические доклады и обсуждения, залы не вмещали всех желающих»", "Институт демографии им. А.Г.", "Вишневского НИУ ВШЭ провел совместно со студенческим обществом «Демограф»", "встречу, посвященную памяти основателя института, интернет-журнала «Демоскоп", "Weekly» и научног......", "«Бизнес хочет не просто алгоритм из воздуха»: зачем экономисту разбираться в машинном обучении", "«Это праздник для российской экономической науки»", "Жизнь дроппера: поменять кроссовки на свободу", "Какой будет наука будущего", "Независимый антитраст: каким должно быть антимонопольное регулирование в период санкционного давления", "От Ямала до Камчатки: в регионах страны появятся новые туристические проекты", "Российская экономика в новой реальности: как бизнес преодолевает санкции", "Сергей Самсонов: «Не нужно роботизировать все подряд»", "Ирек Тимергалиев: «За вас будут драться, но не те, у кого вы хотите работать»", "Илья Аксёнов: путь в кино — от бизнес-информатики до популярного режиссера", "Виктор Сергеев: «Меняем приоритеты: от классической логистики — к квантовой»", "Вышка на Всемирном фестивале молодежи", "HSE Unity Fest: единство культур и новые дружеские связи в НИУ ВШЭ", "«Нейросеть — явление, ко......", "«Задача наших выпускнико......", "Изысканная простота икебаны: язык цветов или подношение богам", "Искусство", "составлять в особых сосудах композиции из срезанных побегов и цветов зародилось", "в Японии много веков назад. По мере открытия миру Страны восходящего солнца", "икебаны стали популярны во всем......", "«Это долгосрочная и поэтапная работа»", "«Когда денег нет, это становится самым важным»: особенности финансирования российских НКО", "LessON: Кто такие современные единороги и где они обитают", "Что мы знаем о мозге и его возможностях // Ольга Драгой, Андрей Мячиков, Алексей Осадчий", "0:13 / 10:51   LessON: Зачем в космос запускают спутники", "Двигатель прогресса: как популяризировать науку", "Зачем ученым популяризировать науку? Что", "Спроси у ChatGPT: главные мифы о нейросети", "Ворона желает знать — это официальный по", "«Поехали!»: отвечаем на популярные вопросы о космосе", "Какую пользу получают обычные люди от из", "Как мы искажаем реальность", "Наверняка вы сталкивались с тем, что как", "Однажды в Голливуде", "Когда словосочетание «голливудский актер", "Почему мы прокрастинируем и как перестать", "Что такое прокрастинация, почему она воз", "О магическом мышлении", "В нашу рутину тесно вплетены магические", "Городской пейзаж: что изучает социология города", "Почему все больше людей стремятся жить в", "Вычитать и умножать: зачем мы учим математику", "Почему мы изучаем алгебру в школе? Как с", "Что такое бренд-медиа и как они работают?", "Как бренду заявить о себе? Классические", "Голикова: проект \"Профессионалитет\" к 2026 году должен охватить все регионы РФ", "Вице-премьер отметила, что в 2024 году почти 138 тыс. выпускников проекта впервые пополнят ряды высококвалифицированных специалистов", "Путин поддержал предложение создать консорциум по подготовке квантовых инженеров", "Член правления РСПП Иван Утенков отметил, что участие бизнеса в консорциуме необходимо, так как именно им в первую очередь нужны квалифицированные квантовые инженеры", "Сборная РФ на Менделеевской олимпиаде по химии завоевала пять золотых медалей", "Команда получила также пять серебряных медалей", "ЕАЭС в 2023 году вышла на рекордный товарооборот", "Показатель достиг 7,4 трлн рублей, сообщил премьер-министр РФ Михаил Мишустин", "В России число заявок на регистрацию брендов выросло на треть в I квартале", "В Роспатенте сообщили, что зарегистрировали почти 32 тыс. заявок"]}