{"title": "Отдел верификации сведений о научных публикациях — Национальный исследовательский университет «Высшая школа экономики»", "description": "", "url": "https://www.hse.ru/web/publication", "data": [{"level": "1", "text": "Отдел верификации сведений о научных публикациях", "response": []}, {"level": "1", "text": "Отдел верификации сведений о научных публикациях", "response": []}, {"level": "2", "text": "Подача заявок на академические надбавки", "response": ["На что обратить внимание при вводе публикаций в базу"]}], "links": ["http://portal.hse.ru/help", "https://www.hse.ru/pubs", "https://www.hse.ru/web/publication/academ_n", "https://www.hse.ru/web/publication/instruction"], "text": ["Подача заявок на академические надбавкиНа что обратить внимание при вводе публикаций в базу Публикация – это изданное произведение. Публикации включают тексты, опубликованные издательствами в печатном виде или на электронных носителях, имеющие номер ISBN или ISSN, редактора и установленный тираж. Сведения о публикациях сотрудники НИУ ВШЭ вносят самостоятельно (https://www.hse.ru/pubs, используя для входа логин и пароль от личного кабинета на корпоративном портале). Пожалуйста, прежде, чем приступить к самостоятельному заполнению, внимательно прочтите Памятку."]}