{"title": "Опросы – Поступление в НИУ ВШЭ: получайте самую актуальную информацию – Абитуриентам бакалавриата – Национальный исследовательский университет «Высшая школа экономики»", "description": "", "url": "https://ba.hse.ru/polls/430131691.html", "data": [{"level": "2", "text": "Абитуриентам бакалавриата – 2024", "response": []}, {"level": "2", "text": "Как поступить в Вышку в 2О24 году?", "response": ["Знакомьтесь с материалами о поступлении, учебе и внеучебной жизни"]}, {"level": "2", "text": "Проект «Социальный лифт»", "response": ["Прием заявок открыт до 14 июня"]}, {"level": "2", "text": "Мероприятия для абитуриентов", "response": ["Афиша консультаций и дней открытых дверей"]}, {"level": "2", "text": "Опубликованы правила приема – 2024", "response": []}, {"level": "2", "text": "Подписаться на рассылку", "response": ["Получайте полезные материалы о поступлении"]}], "links": [], "text": []}