{"title": "Школа дизайна НИУ ВШЭ", "description": "", "url": "https://design.hse.ru/resources/print", "data": [{"level": "1", "text": "HSE. PRINT", "response": []}, {"level": "2", "text": "О Высшей школе экономики", "response": []}], "links": [], "text": ["Школа дизайна НИУ ВШЭ", "Москва", "Санкт-Петербург", "Нижний Новгород", "Пермь (Онлайн-бакалавриат)", "Ереван", "Казань", "Все кампусы", "Проект «Креативный город»", "По вопросам поступления:", "Бакалавриат (доб. 710)", "Магистратура (доб. 703)", "Онлайн-бакалавриат (доб. 709, 711)", "Дополнительное образование (Москва — доб. 705, 706, 712, Санкт-Петербург — доб. 701)", "Детская школа (доб. 707)", "С понедельника по пятницу", "с 10:00 до 18:00", "По общим вопросам", "Метро Павелецкая", "Метро Семёновская", "Основное образование", "Дополнительное образование", "Типография НИУ ВШЭ — профессиональное подразделение, которое оказывает все виды полиграфических услуг для студентов и сотрудников, а также работает с внешними заказчиками.", "Студенты Школы дизайна могут пользоваться услугами типографии на специальных условиях — любой заказ стоит на 20% дешевле. Семь типографских участков, расположенных в московских кампусах Вышки, позволяют реализовать свой проект не только по выгодной цене, но и в сжатые сроки — заказы студентов Школы дизайна будут исполняться в приоритетном порядке.", "Список услуг", "Широкоформатная печать", "Подробнее", "Многостраничные издания", "Подробнее", "Фотопродукция и сувениры", "Подробнее", "Листовая продукция", "Подробнее", "Продукция с дополнительной отделкой", "Подробнее", "Визитки, карточки, наклейки", "Подробнее", "Полиграфические услуги", "Подробнее", "Послепечатная обработка", "Подробнее", "Тиражирование на ризографе", "УФ-печать на планшетном принтере", "Оформить заказ", "Если вы студент Школы дизайна, то для того, чтобы оформить заказ в типографии, вам необходимо выбрать нужную услугу и рассчитать ее стоимость на сайте. При предъявлении студенческого вы имеете право на 20-процентную скидку от получившейся суммы.", "Если финальная цена вас устраивает, то подготовьте макет, принимая во внимание технические требования типографии и выберите наиболее удобный для вас типографский участок. Обязательно проверьте, предоставляет ли конкретный участок нужную вам услугу.", "Вы можете отправить готовый к печати файл онлайн или принести его в типографский участок на флэшке. Если с файлом все в порядке, то нужно оплатить заказ: это можно сделать по реквизитам или онлайн прямо на сайте*. Типография начнет его выполнять и сделает это в максимально сжатые сроки.", "Забрать заказ можно будет в любом типографском участке, который вам удобен.", "*В данный момент для использования скидки студента Школы дизайна необходимо позвонить менеджеру типографии и выслать фото/скан своего студенческого или же предъявить студенческий очно. В ближайшем будущем система будет автоматизирована, чтобы скидку можно было сразу учитывать при расчете стоимости заказа на сайте Типографии и оплачивать заказы онлайн.", "Ресурсы типографии", "Типографские участки", "Адрес: 105187, г. Москва, Измайловское шоссе, 44, стр 2. (расположение на карте)", "Телефоны: +7 (495) 772-95-90* 15679 или 15680;", "Внутренние телефоны: *15679 и *15680 — менеджеры, *28580 — печатный участок, *28579 — брошюровка, *28581 — склад.Мобильный телефон: 8 (916) 569-27-90", "Е-mail: print@hse.ru", "Подробнее об участке", "Адрес: 101000, г. Москва, ул. Мясницкая, д. 20, комн. 215 (расположение на карте)", "Телефон: 8 (495) 621-50-37, 8 (495) 772-95-90 * 15096, 8 (916) 406-69-19", "Внутренний телефон: 15096 или 15029", "Е-mail: print_myasnitskaya@hse.ru", "Подробнее об участке", "Адрес: 119049, г. Москва, ул. Шаболовка, д. 26, корп. 5, комн. 5211 (расположение на карте)", "Телефон: 8 (495) 772-95-90 * 26195, 8 (903) 526-42-74, +7 977 298-54-27", "Е-mail: osalova@hse.ru, print_shabolovka@hse.ru", "Подробнее об участке", "Адрес: 125009, г.Москва, Малый Гнездниковский пер., д. 4, комн. 17А (расположение на карте)", "Телефон: 8 (495) 772-95-90 * 22263, 8 (916) 023-57-72", "Е-mail: lragulina@hse.ru. print_gnezdnikovskiy@hse.ru", "Подробнее об участке", "Адрес: 123022, г.Москва, Большой Трехсвятительский пер., д. 3, комн. 510 (расположение на карте)", "Телефон: 8 (495) 772-95-90 * 23095, 8 (903) 240-60-73", "Е-mail: ibeketova@hse.ru, print_b.trekhsvyatitelskiy@hse.ru", "Подробнее об участке", "Адрес: 105066, г.Москва, ул. Старая Басманная, д. 21/4, корпус В, комн. В-107", "Телефон: 8 (495) 772-95-90 доп. 22373 или 23430", "Мобильный телефон: 8 (966) 013-12-29", "E-mail: print_basmannaya@hse.ru", "Подробнее об участке", "Адрес: Покровский бульвар, 11, комн. Т-108", "Телефон раб: 8 (495) 772-95-90 доб 27632 или 27641", "Телефон моб: 8 (925) 714-59-94", "Е-mail: emilohina@hse.ru, print_pokrovskiy@hse.ru", "Подробнее об участке", "Условия для студентов Школы дизайна", "В рамках работы над своими модульными проектами студенты Школы дизайна регулярно нуждаются в услугах типографии, поэтому для них действует специальная система оплаты. При предъявлении студенческого билета скидка на любой заказ — 20%.", "Для проектов студентов Школы дизайна возможен заказ дизайнерской бумаги. Типография сотрудничает с магазином бумаги double v, так что можно выбрать бумагу из их линейки. Конечно, студент всегда может самостоятельно купить бумагу.", "FAQ", "Нет, предварительная оплата желательна, но не требуется. Можно оплатить заказ сразу по его исполнении.", "Однако если заказ не будет оплачен в течение недели после исполнения, то к студенту будут применены санкции, что затруднит его дальнейшее сотрудничество с типографией.", "Если проект прост в исполнении, то его можно сделать в течение одного-двух дней. Совсем несложные проекты делают прямо при вас в течение получаса.", "Однако если вы понимаете, что проект нестандартный и сложный для печати, то расчитывайте, что исполнение может занять до 5 дней.", "​​​​", "Удобный способ доставки нужно обсудить с менеджером типографии. Сейчас забрать заказ можно в одном из типографских участков. Но при возможности заказ доставят в здание Школы дизайна (Малая Пионерская ул., 12).", "Для преподавателей и сотрудников Школы дизайна также действует скидка в 20%. Для этого нужно прислать менеджеру типографии свою личную страницу из раздела «Команда» на сайте Школы дизайна.", "Школа дизайна — подразделение одного из ведущих российских университетов — Высшей школы экономики, которая входит в 35 лучших молодых университетов мира и является лучшим российским вузом в категории Art & Design (QS), состоит в большинстве авторитетных международных образовательных рейтингов (QS, THE, ARWU, U.S. News Best Global Universities Subject). Вышка — это не только гигантская научная лаборатория, но и представительная экспертная площадка: сотрудники ВШЭ принимают активное участие в ключевых экспертных дискуссиях, входят в состав многих коллегиальных и совещательных органов при президенте и правительстве России, являются лидерами мнений по важнейшим вопросам в сфере образования, социальной политики, здравоохранения, демографии, рынка труда, транспорта, государственного управления, технологического развития.", "Обращения студентов", "Поблагодарить или пожаловаться", "По вопросам поступления:", "Бакалавриат (доб. 710)", "Магистратура (доб. 703)", "Онлайн-бакалавриат (доб. 709, 711)", "Дополнительное образование (Москва — доб. 705, 706, 712, Санкт-Петербург — доб. 701)", "Детская школа (доб. 707)", "С понедельника по пятницу", "с 10:00 до 18:00", "По общим вопросам", "Метро Павелецкая", "Метро Семёновская", "Основное образование", "Дополнительное образование", "Новости Школы дизайна", "Спасибо, вы успешно подписаны!", "Извините, что-то пошло не так. Попробуйте позже.", "Мы используем файлы cookies для улучшения работы сайта НИУ ВШЭ и большего удобства его использования. Более подробную информацию об использовании файлов cookies можно найти здесь, наши правила обработки персональных данных – здесь. Продолжая пользоваться сайтом, вы подтверждаете, что были проинформированы об использовании файлов cookies сайтом НИУ ВШЭ и согласны с нашими правилами обработки персональных данных. Вы можете отключить файлы cookies в настройках Вашего браузера."]}