{"title": "Поступающим — Новости — НИУ ВШЭ в Санкт-Петербурге — Национальный исследовательский университет «Высшая школа экономики»", "description": "", "url": "https://spb.hse.ru/news/admission/", "data": [{"level": "1", "text": "Поступающим", "response": []}, {"level": "2", "text": "Стартовала приемная кампания в онлайн-магистратуру Питерской Вышки", "response": ["С начала апреля абитуриенты Питерской Вышки могут подать документы в магистратуру на онлайн-программу «Проектирование и разработка высоконагруженных информационных систем». Она разработана в партнерстве с компаниями «1С» и «Газпромнефть — Цифровые решения». Направление подойдет тем, кто хочет научиться руководить крупными IT-проектами, проектировать архитектуру корпоративных информационных систем,  планировать этапы их разработки, обеспечивать производительность и надежность работы под высокой нагрузкой. Рассказываем, как поступить на программу.", "Поступающиммагистратура", "17 апреля"]}, {"level": "2", "text": "«Самые светлые умы»: в НИУ ВШЭ завершился конкурс «Высший пилотаж»", "response": ["В Питерской Вышке состоялся заключительный этап Всероссийского конкурса исследовательских и проектных работ школьников «Высший пилотаж» по направлению «История». В нем приняли участие 105 конкурсантов из 43 регионов России. 37 победителей и призеров получат дополнительные баллы при поступлении в НИУ ВШЭ на образовательные программы соответствующего профиля.", "Поступающимдовузовская подготовкаКонкурс «Высший пилотаж»олимпиады", "11 апреля"]}, {"level": "2", "text": "«Всегда знала, что буду поступать в Питерскую Вышку»: чем запомнился День открытых дверей", "response": ["7 апреля в Питерской Вышке прошел День открытых дверей. На нем собрались более 1300 абитуриентов из разных городов: Калининграда, Перми, Новосибирска, Иркутска и других. Мероприятие прошло в формате фестиваля: каждый мог выбрать занятие по вкусу. Кто-то готовился к новому жизненному этапу в лектории о ментальном здоровье, кто-то знакомился с исследовательскими проектами кампуса, а кто-то — искал новое хобби вместе со студенческими клубами. Чем еще запомнился День открытых дверей — в материале.", "Поступающимлекториистудентымастер-классырепортаж о событии", "9 апреля"]}, {"level": "2", "text": "Чем занимаются бизнес- и ИТ-архитекторы и как стать одним из них", "response": ["«Бизнес- и ИТ-архитектура высокотехнологичных компаний» — новая магистратура Питерской Вышки. Она запускается при поддержке технологических лидеров индустрии: «КОРУС Консалтинг», «Газпромнефть – Цифровые решения», «1С», DIS Group, BIOCAD и еще пяти компаний крупного бизнеса. Программа подойдет тем, кто хочет научиться работать с корпоративной архитектурой цифровых компаний. Почему крупному бизнесу не обойтись без таких специалистов и что будут изучать студенты, — рассказывает Ольга Стоянова, академический руководитель программы.", "Поступающимконструктор успехаэкспертизамагистратура", "4 апреля"]}, {"level": "2", "text": "Маршрут построен: знакомим с Питерской Вышкой за один день", "response": ["Путь во взрослую жизнь начинается с университета. 7 апреля в корпусе на Кантемировской мы покажем, каким бывает этот путь в Питерской Вышке: приглашаем абитуриентов и их родителей на День открытых дверей. Вас ждет знакомство с приемной комиссией и руководителями программ, познавательный лекторий и бесконечное веселье с нашими студентами. Что еще мы приготовили на этот особенный день — расскажем в материале.", "Поступающимлекторииприглашение к участиюбакалавриат", "22 марта"]}, {"level": "2", "text": "Сотрудничество с компаниями-партнерами и сильная подготовка по аналитике — главные преимущества ШЭМ", "response": ["Студенты бакалаврских программ Школы экономики и менеджмента с первого курса не только углубленно изучают математику и аналитику, но и участвуют в проектах крупного и среднего бизнеса. Благодаря сильной теоретической подготовке и постоянной практике выпускники факультета находят работу в ведущих компаниях страны: «Газпром нефть», BIOCAD, «Тинькофф», VK, «Самокат», «Лента» и других. Как факультет ориентируется на бизнес в науке и образовании и что предлагает более мотивированным студентам — разбираемся вместе с заместителем декана факультета Татьяной Лезиной.", "Поступающимидеи и опытпрофессорастудентыисследования и аналитика", "15 марта"]}, {"level": "2", "text": "Началась регистрация на командную олимпиаду «Высшая проба» по программированию", "response": ["В этом году участников олимпиады ждут сразу несколько новшеств. Если раньше команда должна была состоять из трех человек, то теперь — из двух или трех. В предыдущие годы к участию приглашались ученики 7, 8, 9 и 10-х классов, а в этом году — еще и шестиклассники. Пройти регистрацию, совмещенную с квалификационным этапом, можно до 7 апреля. Основной этап состоится 21 апреля, и в правилах его проведения тоже есть изменения.", "Поступающимприглашение к участиюолимпиадаолимпиада «Высшая проба»старшеклассники", "11 марта"]}, {"level": "2", "text": "Как Питерская Вышка помогает готовиться к школьным олимпиадам", "response": ["Ученики старших классов могут посещать бесплатные занятия для подготовки к школьным олимпиадам. Для этого в Питерской Вышке работают малые факультеты. На них преподаватели и студенты проводят лекции и практические занятия, а также знакомят будущих абитуриентов с вузом и расширяют их кругозор. Подробнее о малых факультетах Питерской Вышки — в материале.", "Поступающимидеи и опытдовузовская подготовка", "27 февраля"]}, {"level": "2", "text": "В Питерской Вышке открылась первая аспирантура для юристов", "response": ["В 2024 году Юридический факультет Питерской Вышки открыл набор на первую программу аспирантуры по юриспруденции. Она подходит аспирантам, которым интересны научные исследования в области гражданского и гражданского процессуального права. О сильных сторонах программы, возможных темах исследований и правилах приема  — в материале.", "Поступающимаспирантура", "22 февраля"]}, {"level": "2", "text": "Питерская Вышка приняла больше 1000 школьников на заключительном этапе олимпиады «Высшая проба»", "response": ["18 февраля в Питерской Вышке завершился заключительный этап Всероссийской олимпиады школьников «Высшая проба». В нем приняли участие больше 1000 талантливых школьников из Петербурга, Архангельска, Нижнего Новгорода, Мурманска и других городов. Участники проверили свои силы по 28 направлениям олимпиады.", "Поступающимне учебарепортаж о событиидовузовская подготовка", "19 февраля"]}], "links": ["https://spb.hse.ru/news/897969175.html", "https://spb.hse.ru/news/898877393.html", "https://spb.hse.ru/news/900300141.html", "https://spb.hse.ru/news/904219504.html", "https://spb.hse.ru/news/905483045.html", "https://spb.hse.ru/news/907549833.html", "https://spb.hse.ru/news/911326794.html", "https://spb.hse.ru/news/913021045.html", "https://spb.hse.ru/news/913593907.html", "https://spb.hse.ru/news/915367724.html", "https://spb.hse.ru/news/admission/", "https://spb.hse.ru/news/admission/page10.html", "https://spb.hse.ru/news/admission/page11.html", "https://spb.hse.ru/news/admission/page12.html", "https://spb.hse.ru/news/admission/page13.html", "https://spb.hse.ru/news/admission/page14.html", "https://spb.hse.ru/news/admission/page15.html", "https://spb.hse.ru/news/admission/page16.html", "https://spb.hse.ru/news/admission/page17.html", "https://spb.hse.ru/news/admission/page18.html", "https://spb.hse.ru/news/admission/page19.html", "https://spb.hse.ru/news/admission/page2.html", "https://spb.hse.ru/news/admission/page20.html", "https://spb.hse.ru/news/admission/page3.html", "https://spb.hse.ru/news/admission/page4.html", "https://spb.hse.ru/news/admission/page5.html", "https://spb.hse.ru/news/admission/page6.html", "https://spb.hse.ru/news/admission/page7.html", "https://spb.hse.ru/news/admission/page8.html", "https://spb.hse.ru/news/admission/page82.html", "https://spb.hse.ru/news/admission/page9.html", "https://spb.hse.ru/news/keywords/167978422/", "https://spb.hse.ru/news/keywords/4993177/", "https://spb.hse.ru/news/keywords/64990244/", "https://spb.hse.ru/news/keywords/71724977/", "https://spb.hse.ru/news/keywords/97696135/", "https://spb.hse.ru/news/tags/asp/", "https://spb.hse.ru/news/tags/bprep/", "https://spb.hse.ru/news/tags/erep/", "https://spb.hse.ru/news/tags/expert/", "https://spb.hse.ru/news/tags/extra/", "https://spb.hse.ru/news/tags/inv/", "https://spb.hse.ru/news/tags/lecture/", "https://spb.hse.ru/news/tags/mag/", "https://spb.hse.ru/news/tags/mclass/", "https://spb.hse.ru/news/tags/practice/", "https://spb.hse.ru/news/tags/prof/", "https://spb.hse.ru/news/tags/resanl/", "https://spb.hse.ru/news/tags/stud/", "https://spb.hse.ru/news/tags/success/", "https://spb.hse.ru/news/tags/uprev/"], "text": ["17апр2024Стартовала приемная кампания в онлайн-магистратуру Питерской ВышкиС начала апреля абитуриенты Питерской Вышки могут подать документы в магистратуру на онлайн-программу «Проектирование и разработка высоконагруженных информационных систем». Она разработана в партнерстве с компаниями «1С» и «Газпромнефть — Цифровые решения». Направление подойдет тем, кто хочет научиться руководить крупными IT-проектами, проектировать архитектуру корпоративных информационных систем,  планировать этапы их разработки, обеспечивать производительность и надежность работы под высокой нагрузкой. Рассказываем, как поступить на программу.Поступающиммагистратура17 апреля11апр2024«Самые светлые умы»: в НИУ ВШЭ завершился конкурс «Высший пилотаж»В Питерской Вышке состоялся заключительный этап Всероссийского конкурса исследовательских и проектных работ школьников «Высший пилотаж» по направлению «История». В нем приняли участие 105 конкурсантов из 43 регионов России. 37 победителей и призеров получат дополнительные баллы при поступлении в НИУ ВШЭ на образовательные программы соответствующего профиля.Поступающимдовузовская подготовкаКонкурс «Высший пилотаж»олимпиады11 апреля9апр2024«Всегда знала, что буду поступать в Питерскую Вышку»: чем запомнился День открытых дверей7 апреля в Питерской Вышке прошел День открытых дверей. На нем собрались более 1300 абитуриентов из разных городов: Калининграда, Перми, Новосибирска, Иркутска и других. Мероприятие прошло в формате фестиваля: каждый мог выбрать занятие по вкусу. Кто-то готовился к новому жизненному этапу в лектории о ментальном здоровье, кто-то знакомился с исследовательскими проектами кампуса, а кто-то — искал новое хобби вместе со студенческими клубами. Чем еще запомнился День открытых дверей — в материале.Поступающимлекториистудентымастер-классырепортаж о событии9 апреля4апр2024Чем занимаются бизнес- и ИТ-архитекторы и как стать одним из них«Бизнес- и ИТ-архитектура высокотехнологичных компаний» — новая магистратура Питерской Вышки. Она запускается при поддержке технологических лидеров индустрии: «КОРУС Консалтинг», «Газпромнефть – Цифровые решения», «1С», DIS Group, BIOCAD и еще пяти компаний крупного бизнеса. Программа подойдет тем, кто хочет научиться работать с корпоративной архитектурой цифровых компаний. Почему крупному бизнесу не обойтись без таких специалистов и что будут изучать студенты, — рассказывает Ольга Стоянова, академический руководитель программы.Поступающимконструктор успехаэкспертизамагистратура4 апреля22мар2024Маршрут построен: знакомим с Питерской Вышкой за один деньПуть во взрослую жизнь начинается с университета. 7 апреля в корпусе на Кантемировской мы покажем, каким бывает этот путь в Питерской Вышке: приглашаем абитуриентов и их родителей на День открытых дверей. Вас ждет знакомство с приемной комиссией и руководителями программ, познавательный лекторий и бесконечное веселье с нашими студентами. Что еще мы приготовили на этот особенный день — расскажем в материале.Поступающимлекторииприглашение к участиюбакалавриат22 марта15мар2024Сотрудничество с компаниями-партнерами и сильная подготовка по аналитике — главные преимущества ШЭМСтуденты бакалаврских программ Школы экономики и менеджмента с первого курса не только углубленно изучают математику и аналитику, но и участвуют в проектах крупного и среднего бизнеса. Благодаря сильной теоретической подготовке и постоянной практике выпускники факультета находят работу в ведущих компаниях страны: «Газпром нефть», BIOCAD, «Тинькофф», VK, «Самокат», «Лента» и других. Как факультет ориентируется на бизнес в науке и образовании и что предлагает более мотивированным студентам — разбираемся вместе с заместителем декана факультета Татьяной Лезиной.Поступающимидеи и опытпрофессорастудентыисследования и аналитика15 марта11мар2024Началась регистрация на командную олимпиаду «Высшая проба» по программированиюВ этом году участников олимпиады ждут сразу несколько новшеств. Если раньше команда должна была состоять из трех человек, то теперь — из двух или трех. В предыдущие годы к участию приглашались ученики 7, 8, 9 и 10-х классов, а в этом году — еще и шестиклассники. Пройти регистрацию, совмещенную с квалификационным этапом, можно до 7 апреля. Основной этап состоится 21 апреля, и в правилах его проведения тоже есть изменения.Поступающимприглашение к участиюолимпиадаолимпиада «Высшая проба»старшеклассники11 марта27фев2024Как Питерская Вышка помогает готовиться к школьным олимпиадамУченики старших классов могут посещать бесплатные занятия для подготовки к школьным олимпиадам. Для этого в Питерской Вышке работают малые факультеты. На них преподаватели и студенты проводят лекции и практические занятия, а также знакомят будущих абитуриентов с вузом и расширяют их кругозор. Подробнее о малых факультетах Питерской Вышки — в материале.Поступающимидеи и опытдовузовская подготовка27 февраля22фев2024В Питерской Вышке открылась первая аспирантура для юристовВ 2024 году Юридический факультет Питерской Вышки открыл набор на первую программу аспирантуры по юриспруденции. Она подходит аспирантам, которым интересны научные исследования в области гражданского и гражданского процессуального права. О сильных сторонах программы, возможных темах исследований и правилах приема  — в материале.Поступающимаспирантура22 февраля19фев2024Питерская Вышка приняла больше 1000 школьников на заключительном этапе олимпиады «Высшая проба»18 февраля в Питерской Вышке завершился заключительный этап Всероссийской олимпиады школьников «Высшая проба». В нем приняли участие больше 1000 талантливых школьников из Петербурга, Архангельска, Нижнего Новгорода, Мурманска и других городов. Участники проверили свои силы по 28 направлениям олимпиады.Поступающимне учебарепортаж о событиидовузовская подготовка19 февраляСледующая страница1234567891011121314151617181920...82"]}