{"title": "Эдмонд Ли, профессор Департамента математики в Юго-Восточном Университете Нова (США) защитил диссертацию на соискание ученой степени доктора математических наук и стал первым иностранным соискателем докторской степени НИУ ВШЭ – Новости – Диссертационный совет по математике – Национальный исследовательский университет «Высшая школа экономики»", "description": "", "url": "https://www.hse.ru/science/disscoun/council_math/news/421985962.html", "data": [{"level": "1", "text": "Эдмонд Ли, профессор Департамента математики в Юго-Восточном Университете Нова (США) защитил диссертацию на соискание ученой степени доктора математических наук и стал первым иностранным соискателем докторской степени НИУ ВШЭ", "response": []}], "links": ["https://www.hse.ru/news/science/421964338.html", "https://www.hse.ru/sci/diss/358146604", "https://www.hse.ru/science/disscoun/council_math/", "https://www.hse.ru/science/disscoun/council_math/news/science/"], "text": ["Эдмонд Ли, профессор Департамента математики в Юго-Восточном Университете Нова (США) защитил диссертацию на соискание ученой степени доктора математических наук и стал первым иностранным соискателем докторской степени НИУ ВШЭ", "Эдмонд Ли, профессор Департамента математики в Юго-Восточном Университете Нова (США), недавно защитил диссертацию на соискание ученой степени доктора наук в московском кампусе Высшей школы экономики. Защита состоялась с использованием платформы Zoom, а участники подключались из пяти городов в Бразилии, Израиле, России и США. Профессор Ли стал первым иностранным соискателем докторской степени НИУ ВШЭ. Как это случилось, профессор  рассказал в  интервью порталу НИУ ВШЭ", "Дата", "1 декабря, 2020 г.", "Рубрики", "Наука", "В статье упомянуты", "Диссертационный совет по математике"]}