{"title": "Вход", "description": "", "url": "https://bpm.hse.ru/Runtime/Runtime/Form/ZPU__f__NewRequest/", "data": [{"level": "1", "text": "Требуется поддержка JavaScript", "response": ["Требуется поддержка JavaScript. Этот веб-браузер не поддерживает JavaScript или в веб-браузере не включена поддержка JavaScript.", "Чтобы узнать, поддерживает ли веб-браузер JavaScript, или включить поддержку JavaScript, обратитесь к разделу справки веб-браузера."]}], "links": [], "text": ["Требуется поддержка JavaScript. Этот веб-браузер не поддерживает JavaScript или в веб-браузере не включена поддержка JavaScript.", "Чтобы узнать, поддерживает ли веб-браузер JavaScript, или включить поддержку JavaScript, обратитесь к разделу справки веб-браузера."]}