{"title": "Экономическая теория – Издательский дом ВШЭ – Издательский дом ВШЭ – Национальный исследовательский университет «Высшая школа экономики»", "description": "", "url": "https://id.hse.ru/books/series/25279647/", "data": [{"level": "1", "text": "Издательский дом ВШЭ", "response": []}], "links": [], "text": ["Об издательстве", "Книги", "Серии и проекты", "Где купить", "Продвижение", "НИУ ВШЭ, 1993–2024"]}