{"title": "Научно-учебная лаборатория лингвистической конфликтологии и современных коммуникативных практик — Национальный исследовательский университет «Высшая школа экономики»", "description": "", "url": "https://philology.hse.ru/conflictology/", "data": [{"level": "1", "text": "Научно-учебная лаборатория лингвистической конфликтологии и современных коммуникативных практик", "response": []}, {"level": "1", "text": "Научно-учебная лаборатория лингвистической конфликтологии и современных коммуникативных практик", "response": []}, {"level": "2", "text": "Новости", "response": ["Валерий Александрович Шульгинов и Максим Анисимович Кронгауз выступили на конференции \"Фундаментальные исследования и прикладные разработки в современном языкознании\"На пленарном заседании выступил ведущий научный сотрудник Валерий Александрович Шульгинов, где представил совместный с Максимом Анисимовичем Кронгаузом доклад, посвященный новым подходам в лингвистической конфликтологии.НаукаСМИпрофессорарепортаж о событии19 апреляМаксим Анисимович Кронгауз выступил на конференции «Слово, высказывание, текст в когнитивном, прагматическом и культурологическом аспектах»11-12 апреля в Челябинском государственном университете состоялась XII международная научная конференция «Слово, высказывание, текст в когнитивном, прагматическом и культурологическом аспектах», в которой принял участие Максим Анисимович Кронгауз с докладом «Речевой этикет и формулы вежливости в социальном и культурном аспектах».НаукадостиженияСМИпрофессорарепортаж о событии17 апреляМаксим Кронгауз и Елизавета Громенко выступили на конференции «Аксиологические аспекты современных филологических исследований»10–13 апреля 2024 года в Екатеринбурге в Уральском федеральном университете прошла конференция «Аксиологические аспекты современных филологических исследований». На ней с докладом на пленарном заседании выступили Максим Кронгауз и Елизавета Громенко.Наукадостиженияпрофессорарепортаж о событии16 апреляНаучно-практический семинар на тему «Прагматические компетенции ИИ: принципы разработки бенчмарка»9 апреля состоялся научно-практический семинар Научно-учебной лаборатории лингвистической конфликтологии и современных коммуникативных практик, тема семинара «Прагматические компетенции ИИ: принципы разработки бенчмарка». На семинаре докладчики рассказали о том, как устроены бенчмарки, позволяющие оценивать способности языковых моделей, а также предложили наборы задач для оценки навыка извлечения импликатур и оценки конфликтного дискурса. Доклад представляла исследовательская группа: Валерий Шульгинов, Хасан Беркджан Шешмек, Соня Шевела, Рената Рандовцова и Сергей Кудряшов.Наукадискуссииисследования и аналитикавзгляд ученогорепортаж о событии12 апреляМожет ли отсутствие вежливости отрицательно сказаться на коммуникации человека и компьютера? Александр Пиперски о влиянии вежливости на коммуникацию с ИИНа научно-практическом семинаре Лаборатории лингвистической конфликтологии и современных коммуникативных практик выступил Александр Пиперски с докладом «Границы виртуального взаимодействия: как вежливость влияет на коммуникацию между человеком и искусственным интеллектом».Наукадискуссиивзгляд ученогорепортаж о событии21 мартаИрина Фуфаева, Ольга Згировская, Алиса Мосолова о словаре феминитивовВ марте Лаборатория лингвистической конфликтологии и современных коммуникативных практик возобновила регулярные научно-практические семинары, на которых её сотрудники рассказывают о своих актуальных проектах. На первом семинаре с докладом о словаре феминитивов выступили Ирина Фуфаева, Ольга Згировская, Алиса Мосолова.Наукавзгляд ученогорепортаж о событии21 мартаАндриан Влахов и Валерий Шульгинов рассказали изданию «Изборник» о гипотезе лингвистической относительностиВедь бесконечно можно смотреть на три вещи: как горит огонь, как течёт вода и как люди спорят о связи языка и мышленияОбществоСМИвзгляд ученогообщественная деятельность26 декабря, 2023 г.Антон Сомин выступил в музее «Слово» на ВДНХ с лекцией о языке и музыкеИ правда, что происходит, когда лингвист слушает песни?Обществовзгляд ученогорепортаж о событииобщественная деятельность23 декабря, 2023 г.Максим Кронгауз про лингвистику, интуицию и перестройку высшего образования и наукиЗаведующий Лабораторией лингвистической конфликтологии в подкасте «Научный сеанс»ОбществоСМИвзгляд ученогорепортаж о событииобщественная деятельность26 ноября, 2023 г.Ирина Фуфаева и Ольга Згировская на конференции «Тео­ре­ти­че­ская семантика и идео­гра­фи­че­ская лек­си­ко­гра­фия: Словарь. Дискурс. Корпус» в Ека­те­рин­бур­ге20–21 октября 2023 года в Уральском федеральном университете прошла конференция «Теоретическая семантика и идеографическая лексикография: Словарь. Дискурс. Корпус». В ней приняли участие научные сотрудницы лаборатории Ирина Фуфаева и Ольга Згировская.Наукапрофессораисследования и аналитикавзгляд ученогорепортаж о событииинновации13 ноября, 2023 г.", "Еще новости"]}], "links": ["https://philology.hse.ru/conflictology/news/872506860.html", "https://philology.hse.ru/conflictology/news/875671288.html", "https://philology.hse.ru/conflictology/news/882593351.html", "https://philology.hse.ru/conflictology/news/882595826.html", "https://philology.hse.ru/conflictology/news/907381212.html", "https://philology.hse.ru/conflictology/news/907381615.html", "https://philology.hse.ru/conflictology/news/913962679.html", "https://philology.hse.ru/conflictology/news/915212714.html", "https://philology.hse.ru/conflictology/news/915371042.html", "https://philology.hse.ru/conflictology/news/915878571.html", "https://philology.hse.ru/conflictology/news/community/", "https://philology.hse.ru/conflictology/news/page2.html", "https://philology.hse.ru/conflictology/news/science/", "https://philology.hse.ru/conflictology/news/tags/achievements/", "https://philology.hse.ru/conflictology/news/tags/discus/", "https://philology.hse.ru/conflictology/news/tags/erep/", "https://philology.hse.ru/conflictology/news/tags/innovat/", "https://philology.hse.ru/conflictology/news/tags/massmedia/", "https://philology.hse.ru/conflictology/news/tags/prof/", "https://philology.hse.ru/conflictology/news/tags/pubact/", "https://philology.hse.ru/conflictology/news/tags/resanl/", "https://philology.hse.ru/conflictology/news/tags/view/"], "text": ["НовостиВалерий Александрович Шульгинов и Максим Анисимович Кронгауз выступили на конференции \"Фундаментальные исследования и прикладные разработки в современном языкознании\"На пленарном заседании выступил ведущий научный сотрудник Валерий Александрович Шульгинов, где представил совместный с Максимом Анисимовичем Кронгаузом доклад, посвященный новым подходам в лингвистической конфликтологии.НаукаСМИпрофессорарепортаж о событии19 апреляМаксим Анисимович Кронгауз выступил на конференции «Слово, высказывание, текст в когнитивном, прагматическом и культурологическом аспектах»11-12 апреля в Челябинском государственном университете состоялась XII международная научная конференция «Слово, высказывание, текст в когнитивном, прагматическом и культурологическом аспектах», в которой принял участие Максим Анисимович Кронгауз с докладом «Речевой этикет и формулы вежливости в социальном и культурном аспектах».НаукадостиженияСМИпрофессорарепортаж о событии17 апреляМаксим Кронгауз и Елизавета Громенко выступили на конференции «Аксиологические аспекты современных филологических исследований»10–13 апреля 2024 года в Екатеринбурге в Уральском федеральном университете прошла конференция «Аксиологические аспекты современных филологических исследований». На ней с докладом на пленарном заседании выступили Максим Кронгауз и Елизавета Громенко.Наукадостиженияпрофессорарепортаж о событии16 апреляНаучно-практический семинар на тему «Прагматические компетенции ИИ: принципы разработки бенчмарка»9 апреля состоялся научно-практический семинар Научно-учебной лаборатории лингвистической конфликтологии и современных коммуникативных практик, тема семинара «Прагматические компетенции ИИ: принципы разработки бенчмарка». На семинаре докладчики рассказали о том, как устроены бенчмарки, позволяющие оценивать способности языковых моделей, а также предложили наборы задач для оценки навыка извлечения импликатур и оценки конфликтного дискурса. Доклад представляла исследовательская группа: Валерий Шульгинов, Хасан Беркджан Шешмек, Соня Шевела, Рената Рандовцова и Сергей Кудряшов.Наукадискуссииисследования и аналитикавзгляд ученогорепортаж о событии12 апреляМожет ли отсутствие вежливости отрицательно сказаться на коммуникации человека и компьютера? Александр Пиперски о влиянии вежливости на коммуникацию с ИИНа научно-практическом семинаре Лаборатории лингвистической конфликтологии и современных коммуникативных практик выступил Александр Пиперски с докладом «Границы виртуального взаимодействия: как вежливость влияет на коммуникацию между человеком и искусственным интеллектом».Наукадискуссиивзгляд ученогорепортаж о событии21 мартаИрина Фуфаева, Ольга Згировская, Алиса Мосолова о словаре феминитивовВ марте Лаборатория лингвистической конфликтологии и современных коммуникативных практик возобновила регулярные научно-практические семинары, на которых её сотрудники рассказывают о своих актуальных проектах. На первом семинаре с докладом о словаре феминитивов выступили Ирина Фуфаева, Ольга Згировская, Алиса Мосолова.Наукавзгляд ученогорепортаж о событии21 мартаАндриан Влахов и Валерий Шульгинов рассказали изданию «Изборник» о гипотезе лингвистической относительностиВедь бесконечно можно смотреть на три вещи: как горит огонь, как течёт вода и как люди спорят о связи языка и мышленияОбществоСМИвзгляд ученогообщественная деятельность26 декабря, 2023 г.Антон Сомин выступил в музее «Слово» на ВДНХ с лекцией о языке и музыкеИ правда, что происходит, когда лингвист слушает песни?Обществовзгляд ученогорепортаж о событииобщественная деятельность23 декабря, 2023 г.Максим Кронгауз про лингвистику, интуицию и перестройку высшего образования и наукиЗаведующий Лабораторией лингвистической конфликтологии в подкасте «Научный сеанс»ОбществоСМИвзгляд ученогорепортаж о событииобщественная деятельность26 ноября, 2023 г.Ирина Фуфаева и Ольга Згировская на конференции «Тео­ре­ти­че­ская семантика и идео­гра­фи­че­ская лек­си­ко­гра­фия: Словарь. Дискурс. Корпус» в Ека­те­рин­бур­ге20–21 октября 2023 года в Уральском федеральном университете прошла конференция «Теоретическая семантика и идеографическая лексикография: Словарь. Дискурс. Корпус». В ней приняли участие научные сотрудницы лаборатории Ирина Фуфаева и Ольга Згировская.Наукапрофессораисследования и аналитикавзгляд ученогорепортаж о событииинновации13 ноября, 2023 г.Еще новости"]}