{"title": "История и теория искусства и дизайна", "description": "", "url": "https://design.hse.ru/histories", "data": [{"level": "1", "text": "История и теория искусства и дизайна", "response": []}, {"level": "2", "text": "Упс! Что-то пошло не так!", "response": []}, {"level": "2", "text": "Спасибо, ваш выбор курсов сохранён!", "response": ["Убедиться в том, что ваш выбор успешно сохранён можно на странице.", "В непредвиденной ситуации по вопросам выбора курсов и распределения по группам, а также если вы столкнулись с техническими проблемами — обращайтесь к администратору своей группы.", "Ваша Школа дизайна НИУ ВШЭ"]}], "links": [], "text": ["Все линейки", "2 курс - I поток - 1 линейка", "2 курс - I поток - 2 линейка", "2 курс - II поток - 1 линейка", "2 курс - II поток - 2 линейка", "3 курс - 1 линейка", "3 курс - 2 линейка", "Магистратура - 1 линейка", "Магистратура - 2 линейка", "Все темы", "Коммуникационный дизайн", "Дизайн среды и интерьера", "Гейм-дизайн", "Медиа и дизайн", "Искусство рекламы", "Мода", "Современное искусство", "Экранные искусства", "Саунд-арт и саунд-дизайн"]}