{"title": "Институт развития креативных индустрий | ИРКИ", "description": "", "url": "https://creative.hse.ru/", "data": [{"level": "1", "text": "Институт развития креативных индустрий", "response": []}, {"level": "2", "text": "О Высшей школе экономики", "response": []}], "links": [], "text": ["+7 495 621-87-11", "По общим вопросам", "+7 916 170-98-03", "+7 926 279-69-14", "По вопросам поступления", "Бакалавриат и магистратура", "+7 925 567-74-70", "+7 926 726-50-80", "По вопросам поступления", "Дополнительное образование", "С 10:30 до 19:00", "+7 916 640-39-04", "По вопросам поступления", "Детская школа дизайна", "С 10:30 до 19:00", "Ул. М. Пионерская, 12", "Метро «Павелецкая»", "design@hse.ru", "Основное образование", "dop-design@hse.ru", "Дополнительное образование", "Центр компетенций в области создания и реализации учебных программ и образовательных технологий, исследований и экспертно-аналитической работы в сфере творческих индустрий и креативной экономики.", "Стать площадкой для разработки и реализации общественных и государственных проектов, требующих активной коммуникации и взаимодействия профессионального сообщества, населения, территорий и институтов в сфере креативных индустрий.", "Ответить на современные вызовы в сфере образования и науки по подготовке высококвалифицированных специалистов, обладающих как творческими, так и предпринимательскими компетенциями, для преодоления дефицита кадров, отвечающих современным требованиям.", "Развитие креативной экономики и формирование инфраструктурных институтов, способствующих реализации потенциала творческого бизнеса и вовлечению населения в креативное предпринимательство.", "Направления деятельности:", "Бакалавриат", "Магистратура", "Дополнительное образование", "Экспертиза", "Проекты", "Креативные индустрии", "Проекты", "Территориальный брендинг", "Креативное развитие городских пространств", "Креативный город", "Telling Stories", "Новости", "Новый выпуск дайджеста Института развития креативных индустрий Creative.HSE Digest посвящен частным, государственным и общественным инициативам в развитии креативных индустрий.", "Тренды креативных индустрий", "Фонд «Креативные практики» совместно с программой «Родные города» опубликовал результаты исследования трендов креативных индустрий. Среди мегатрендов названы: глобальная турбулентность, цифровой переход, новая локальность, эффект сообщества и альтернативная реальность.", "«АРТ МОСКВА». Ярмарка искусств в Гостином дворе", "С 17 по 21 апреля в Гостином дворе проходит 21-я ярмарка «Арт Москва». В выставке примут участие более 250 галерей современного, классического и ювелирного искусства. Среди участников HSE Art Gallery и HSE Art and Design Store.", "Экскурсия в Okko", "Студенты бакалавриата «Управление в креативных индустриях» Высшей школы экономики недавно отправились в захватывающую экскурсию по московскому офису стримингового сервиса Okko.", "Круглый стол «Частные, общественные и государственные инициативы в развитии креативных индустрий»", "24 апреля 2024 года состоится круглый стол «Частные, общественные и государственные инициативы в развитии креативных индустрий».", "Креативное гостеприимство: выбор туристов очевиден", "О тенденциях развития внутреннего туризма и примерах сотрудничества туристских институций  с мастерами народных и художественных промыслов рассказывает Тимофей Витальевич Кононенко, директор по стратегии АО «Корпорация Туризм.РФ», кандидат экономических наук.", "«Теории и практики искусства и дизайна: социокультурные, экономические и политические контексты»", "Школа дизайна НИУ ВШЭ и Аспирантская школа по искусству и дизайну НИУ ВШЭ приглашают послушать доклады и принять участие в мероприятиях международной конференции «Теории и практики искусства и дизайна: социокультурные, экономические и политические контексты», которая пройдет 10–12 апреля 2024 года.", "Трансформация событийной индустрии России", "«В индустрии мероприятий не просто увеличиваются обороты, но и растет количество игроков рынка», — Дарья Островская, генеральный директор ВНИЦ R&C, об исследовании событийной индустрии России.", "Журнал ВШЭ по искусству и дизайну / HSE University Journal of Art & Design", "Школа дизайна НИУ ВШЭ представляет новый издательский проект — Журнал ВШЭ по искусству и дизайну / HSE University Journal of Art & Design — междисциплинарный научный журнал по искусству и дизайну, который будет выходить в формате журнала Открытого Доступа (Open Access).", "Команда", "Татьяна Ривчун", "Заместитель декана Факультета креативных индустрий, директор Института развития креативных индустрий, академический руководитель программы Управление в креативных индустриях, доктор экономических наук, профессор Школы дизайна Факультета креативных индустрий, член Ученого совета НИУ ВШЭ", "Арсений Мещеряков", "Руководитель Школы дизайна НИУ ВШЭ, дизайнер, создатель дизайн-бюро Agey Tomesh и «Книги WAM»", "Татьяна Абанкина", "Научный руководитель Института развития креативных индустрий НИУ ВШЭ, Директор центра Креативной экономики Факультета городского и регионального развития, кандидат экономических наук", "Игорь М. Намаконов", "Индустриальный руководитель бакалавриата «Управление в креативных индустриях» НИУ ВШЭ, генеральный директор Федерации креативных индустрий.", "Виталий Ставицкий", "Индустриальный руководитель магистратуры «Управление в креативных индустриях», президент Союза Дизайнеров России, академик Национальной Академии Дизайна, член Совета по инжинирингу и промышленному дизайну при Минпромторге России, член Общественного совета при Министерстве культуры Российской Федерации, арт-директор и основатель Stavitsky Design, дизайнер.", "Ольга Вапнярская", "Заместитель директора Института развития креативных индустрий, академический руководитель магистратуры «Управление в креативных индустриях», аналитик, доцент Школы дизайна Факультета креативных индустрий, кандидат экономических наук", "Анна Маквей", "Заместитель директора Института развития креативных индустрий, директор Центра научных и экспертных коммуникаций факультета креативных индустрий", "Наталья Фукс", "Руководитель Центра дополнительного профессионального образования Института развития креативных индустрий НИУ ВШЭ, культурный продюсер, куратор, искусствовед. Номинант Международной премии в области современного искусства имени Сергея Курёхина в категории «Гран-при».", "Ульяна Аристова", "Профессор Школы дизайна Факультета креативных индустрий НИУ ВШЭ, академический руководитель программы онлайн-бакалавриата «Дизайн» и магистратуры, доктор педагогических наук. Координатор по вопросам приема и контактов со школами", "Пьер-Кристиан Броше", "Куратор профиля «Кураторство и арт-менеджмент» программы «Управление в креативных индустриях», куратор направления «Современное искусство» и руководитель юнита «Арт-Вышка» в Школе дизайна НИУ ВШЭ", "Дария Женихова", "Куратор профиля «Ивент-дизайн и экономика впечатлений» программы «Управление в креативных индустриях», режиссер, куратор, продюсер, эксперт в области социокультурных стратегий. Руководитель компании «Культура потребления», которая занимается разработкой социокультурных и образовательных программ, концепций музеев и креативных кластеров, мультимедийных выставок и масштабных городских фестивалей.", "Наталья Платонова", "Профессор Факультета креативных индустрий НИУ ВШЭ, доктор экономических наук, почетный работник высшего профессионального образования Российской Федерации", "Кирилл Гришанин", "Куратор профиля «Создание цифрового продукта и продакт-менеджмент» программы «Управление в креативных индустриях», Founder & CEO в WB—Tech, CEO в Arendohod", "Сергей Горбачев", "Руководитель профиля «Управление в аудиовизуальных индустриях» бакалаврской программы «Управление в креативных индустриях», академик Российской академии радио (РАР), вице-президент по информационной политике, член Совета директоров ЗАО «Мультимедиа Холдинг» (ММХ), главный редактор информационного агентства «Национальная Служба Новостей» (НСН), медиа-директор фестиваля «Нашествие»", "Александр Акопов", "Куратор профиля «Управление в аудиовизуальных индустриях» бакалаврской программы «Управление в креативных индустриях», директор Института кино Факультера креативных индустрий НИУ ВШЭ", "Александр Багрей", "Куратор профиля «Запуск и управление медиастартапом» бакалаврской программы «Управление в креативных индустриях», руководитель продуктового направления B2B в международной медиагруппе «Россия сегодня».", "Алёна Проскурина", "Менеджер Института развития креативных индустрий", "Мария Капранова", "Менеджер образовательной программы «Управление в креативных индустриях»", "Оксана Зайцева", "Менеджер по коммуникациям", "Оксана Щербакова", "Менеджер по нагрузке и расписанию", "О программе", "Задать вопрос", "Программа «Управление в креативных индустриях» открыта на базе Факультета креативных индустрий НИУ ВШЭ. Это — подразделение одного из ведущих российских университетов — Высшей школы экономики, которая входит в 40 лучших молодых университетов мира (QS), состоит в большинстве авторитетных международных образовательных рейтингов (QS, THE, ARWU, U.S. News Best Global Universities Subject). Вышка — это не только гигантская научная лаборатория, но и представительная экспертная площадка: сотрудники ВШЭ принимают активное участие в ключевых экспертных дискуссиях, входят в состав многих коллегиальных и совещательных органов при президенте и правительстве России, являются лидерами мнений по важнейшим вопросам в сфере образования, социальной политики, здравоохранения, демографии, рынка труда, транспорта, государственного управления, технологического развития."]}