{"title": "Ученый совет (Пермь) – Национальный исследовательский университет «Высшая школа экономики»", "description": "", "url": "https://perm.hse.ru/sovet_perm/", "data": [{"level": "1", "text": "Ученый совет (Пермь)", "response": []}, {"level": "2", "text": "Состав Ученого совета", "response": []}], "links": ["https://pps.hse.ru/2nd2024/"], "text": ["Объявлен конкурс на замещение должностей профессорско-преподавательского состава НИУ ВШЭ-Пермь ( июнь 2024 г).", "Страница конкурса ППС   https://pps.hse.ru/2nd2024/", "О порядке подготовки и проведения конкурса на замещение должностей педагогических работников, относящихся к профессорско-преподавательскому составу в НИУ ВШЭ – Пермь (DOCX, 18 Кб)", "Список вакансий_июнь 2024 (PDF, 5,01 Мб)", "Ученый совет НИУ ВШЭ в Перми является выборным представительным органом, осуществляющим общее руководство филиалом.", "Ученый совет осуществляет свою деятельность, руководствуясь уставом НИУ ВШЭ, положением о пермском филиале НИУ ВШЭ, решениями органов управления НИУ ВШЭ, локальными нормативными актами НИУ ВШЭ.", "Решения ученого совета являются обязательными для работников филиала и обучающихся в филиале.", "Состав Ученого совета", "Володина Галина Емельяновна", "председатель", "Андрианова Татьяна Алексеевна", "ученый секретарь", "Артемьев Дмитрий Геннадьевич", "Белых Светлана Александровна", "Букина Татьяна Витальевна", "Василенко Юрий Владимирович", "Викентьева Ольга Леонидовна", "Грабарь Вадим Валерьевич", "Ерахтина Ольга Сергеевна", "Загороднова Екатерина Павловна", "Зуева Елена Львовна", "Иванов Анатолий Прокопьевич", "Исопескуль Ольга Юрьевна", "Корниенко Сергей Иванович", "Молодчик Мария Анатольевна", "Морозова Алена Витальевна", "Оболонская Алла Владимировна", "Паршаков Петр Андреевич", "Пермякова Татьяна Михайловна", "Плотникова Евгения Григорьевна", "Столяров Павел Леонидович", "Третьякова Екатерина Сергеевна", "Шадрина Елена Витальевна", "Шевелева Марина Сергеевна", "Аверьянов Дмитрий Константинович"]}