{"title": "Право – Новости – Научно-образовательный портал IQ – Национальный исследовательский университет «Высшая школа экономики»", "description": "", "url": "https://iq.hse.ru/news/law/", "data": [{"level": "1", "text": "Научно-образовательныйпортал IQ", "response": []}], "links": ["https://iq.hse.ru/", "https://iq.hse.ru/en/news/", "https://iq.hse.ru/news/", "https://iq.hse.ru/news/223518556.html", "https://iq.hse.ru/news/227150298.html", "https://iq.hse.ru/news/227470409.html", "https://iq.hse.ru/news/227783662.html", "https://iq.hse.ru/news/228209408.html", "https://iq.hse.ru/news/402977654.html", "https://iq.hse.ru/news/516707422.html", "https://iq.hse.ru/news/589516029.html", "https://iq.hse.ru/news/729953216.html", "https://iq.hse.ru/news/824841507.html", "https://iq.hse.ru/news/862585706.html", "https://iq.hse.ru/news/878243452.html", "https://iq.hse.ru/news/book/", "https://iq.hse.ru/news/fragment/", "https://iq.hse.ru/news/hightech/", "https://iq.hse.ru/news/interview/", "https://iq.hse.ru/news/law/", "https://iq.hse.ru/news/law/page2.html", "https://iq.hse.ru/news/law/page3.html", "https://iq.hse.ru/news/law/page4.html", "https://iq.hse.ru/news/lread/", "https://www.hse.ru/", "https://www.hse.ru/lkuser/"], "text": ["vision", "Версия для слабовидящих", "RU", "EN", "Национальный исследовательский университет «Высшая школа экономики»", "Научно-образовательный портал IQ", "Новости", "Право", "RU", "EN", "Право", "Право", "Фрагмент", "Теоретически амбициозный юрист", "Кто такой Рональд Дворкин и как он пересмотрел принципы и нормы права", "Право", "Фрагмент", "Дали по рукам", "Что такое предпринимательский договор и каким он бывает", "Право", "Интервью", "В нейросетях закона", "Юрист Роман Янковский впервые сгенерировал с помощью ChatGPT научную статью по праву на русском языке, опубликовал её в престижном журнале — и рассказал IQ.HSE, для чего и как это сделал", "Право", "Фрагмент", "Застой в реформах", "Как развивался СССР при Леониде Брежневе", "Высокие технологии", "Право", "Лонгрид", "Справедливость из машины", "Искусственный интеллект против коррупции", "Право", "Список литературы", "На право пойдёшь", "Что читать первокурснику факультета права? Декан Вадим Виноградов рекомендует список из 18 книг", "Право", "Фрагмент", "̣Кийа̄с", "Умозаключения и доказательства в суннитской теории права", "Высокие технологии", "Право", "Ловля на словах", "Как бороться с фейковыми новостями", "Высокие технологии", "Право", "Зашифрованные деньги", "Как государство контролирует криптовалюту", "Право", "На автопилоте", "Как самоуправляемому транспорту вписаться в правовое поле", "Высокие технологии", "Право", "Роботы в законе", "Должен ли искусственный интеллект отвечать за свои проступки", "Право", "Стабильный рост", "За 21 год количество статей Уголовного кодекса РФ выросло на 30%", "1", "2", "3", "4"]}