{"title": "Магистерская программа «Критические медиаисследования / Critical Media Studies» — Национальный исследовательский университет «Высшая школа экономики»", "description": "", "url": "https://www.hse.ru/ma/cms/", "data": [{"level": "1", "text": "Критические медиаисследования / Critical media studies", "response": ["Критические медиаисследования используют подходы, методы и перспективные исследовательские направления, связанные с интерпретацией, исследованием и анализом различных медиапрактик в современном и глобальном пространстве.", "Рассылка для поступающих  Telegram-канал для абитуриентов", "О программеАбитуриентамПаспорт программыБудущая профессияТраектории поступленияПодготовкаПреподавателиСтоимость обучения и скидкиИностранным абитуриентамЗаписаться на предварительное собеседование для оценки портфолиоИнтервью Паноса Компациариса о программеСтудентамДоска объявленийПервокурсникам 2023 годаЗаказать справкуОбразцы заявленийРасписание сессии и пересдачРасписаниеПрактическая подготовкаИтоговая аттестацияДополнительные иностранные языкиАттестационная комиссия"]}, {"level": "2", "text": "Как поступить?", "response": ["Вступительное испытание на программу состоит из конкурса портфолио. Для участия необходимо предоставить в цифровом виде документы на английском языке: резюме, мотивационное письмо, заявку на исследование, рекомендательные письма. Критерии оценивания находятся здесь."]}, {"level": "2", "text": "Что я буду изучать?", "response": ["В рамках программы мы будем анализировать и обсуждать современный социум, приводя примеры в области различных медиа, таких как печатные медиа, кино, телевидение, визуальные искусства, реклама и социальные медиаплатформы.", "Мы даем студентам возможность развивать свои критические, аналитические и исследовательские навыки.", "Одни из ключевых предметов:", "Критическая политическая экономия медиа", "Политика цифровых медиа", "Культура, медиа и исследование", "Медиа и труд", "Критические и культурные теории медиа"]}, {"level": "2", "text": "В чем преимущества программы?", "response": ["Фокусируясь на исследованиях политической и культурной экономики традиционных и альтернативных медийных каналов, а также на медиа и более широких культурных репрезентациях, таких как классы, гендеры и расы, программа является по своей сути междисциплинарной. Программа опирается на исследовательские традиции, связанные с культурологией, анализом текстов и критической политической экономией, знакомит студентов как с качественным, так и с количественным подходами. Мы делаем акцент на современности и поддерживаем студентов, самостоятельно руководящих своими исследовательскими проектами и работами. Программа реализуется полностью на английском языке."]}, {"level": "2", "text": "Где я буду работать?", "response": ["Программа готовит выпускников к получению степени Ph.D. и последующей академической карьере в качестве исследователей, преподавателей и профессоров. Помимо академического сектора, выпускники программы смогут работать в СМИ, учреждениях культуры и государственном секторе, поскольку это касается создания контента, консультирования, администрирования и режиссуры. Программа базируется в Москве, культурно и исторически богатом городе, предлагающем большое количество возможностей применения критических исследовательских навыков в отношении медиатекстов, отраслей и практик."]}, {"level": "2", "text": "Новости", "response": ["«Лидеры ответственного бизнеса». Эрнест Мацкявичюс стал ведущим церемонии награждения первых лауреатов национальной премииНа съезде РСПП в Москве вручена первая национальная премия «Лидеры ответственного бизнеса».Обществорепортаж о событииИнститут медиа26 апреляВ Кремле выступят участники и финалисты Международного фестиваля «Дорога на Ялту»В воскресенье 28 апреля в Государственном Кремлевском дворце состоится полуфинал шестого Международного музыкального фестиваля «Дорога на Ялту». Художественный руководитель проекта – Директор Института медиа Эрнест Мацкявичюс, а наши студенты активно участвуют в работе фестиваля в качестве волонтеров.мы помнимконцертыприглашение к участиюИнститут медиа24 апреляПроект команды Института медиа победил в номинации «Digital-подход» в Школе атомных коммуникаций «Росатома»Коммуникационный проект команды студентов Института медиа Высшей школы экономики (НИУ ВШЭ) победил в номинации «Digital-подход» Школы атомных коммуникаций, которая проходила в павильоне «Атом» на ВДНХ в рамках выставки-форума «Россия». Научным руководителем и ведущим Школы стал доцент Института медиа Михаил Зеленцов.достиженияидеи и опытконструктор успехапрофессорастудентыэкспертизаофициальнобакалавриатмагистратураИнститут медиа22 апреляПопулярно о науке. На выставке-форуме «Россия» прошёл мастер-класс Эрнеста МацкявичюсаКак говорить и писать о науке простым и понятным всем языком? Об этом и многом другом Директор Института медиа Эрнест Мацкявичюс рассказал в рамках мастер-класса, который прошел в павильоне «Дом молодежи» на масштабной выставке-форуме «Россия» на ВДНХ.лекториидостиженияидеи и опытконструктор успехадискуссииэкспертизамастер-классырепортаж о событииИнститут медиа22 апреля", "Еще новости"]}, {"level": "2", "text": "Другие магистерские программы", "response": ["Медиаменеджмент2 годаОчная форма обучения20/10/220 бюджетных мест2 государственные стипендии Правительства РФ для иностранцев10 платных мест2 платных места для иностранцевRUS+ENGОбучение ведется на русском и частично на английском языкеСовременная журналистика2 годаОчная форма обучения20/20/120 бюджетных мест15 государственных стипендий Правительства РФ для иностранцев20 платных мест1 платное место для иностранцевRUS+ENGОбучение ведется на русском и частично на английском языке"]}], "links": ["https://cmd.hse.ru/media/news/916799307.html", "https://cmd.hse.ru/media/news/916857869.html", "https://cmd.hse.ru/media/news/917419154.html", "https://cmd.hse.ru/media/news/917988060.html", "https://www.hse.ru/ma/cms/certification", "https://www.hse.ru/ma/cms/certification/", "https://www.hse.ru/ma/cms/news/", "https://www.hse.ru/ma/cms/news/community/", "https://www.hse.ru/ma/cms/news/ou/122999268/", "https://www.hse.ru/ma/cms/news/tags/achievements/", "https://www.hse.ru/ma/cms/news/tags/bprep/", "https://www.hse.ru/ma/cms/news/tags/concert/", "https://www.hse.ru/ma/cms/news/tags/discus/", "https://www.hse.ru/ma/cms/news/tags/erep/", "https://www.hse.ru/ma/cms/news/tags/expert/", "https://www.hse.ru/ma/cms/news/tags/inv/", "https://www.hse.ru/ma/cms/news/tags/lecture/", "https://www.hse.ru/ma/cms/news/tags/mag/", "https://www.hse.ru/ma/cms/news/tags/mclass/", "https://www.hse.ru/ma/cms/news/tags/official/", "https://www.hse.ru/ma/cms/news/tags/practice/", "https://www.hse.ru/ma/cms/news/tags/prof/", "https://www.hse.ru/ma/cms/news/tags/remember/", "https://www.hse.ru/ma/cms/news/tags/stud/", "https://www.hse.ru/ma/cms/news/tags/success/", "https://www.hse.ru/ma/cms/requirements", "https://www.hse.ru/ma/journalism/", "https://www.hse.ru/ma/mediaman/"], "text": ["2 года", "Очная форма обучения", "10/10/1", "10 бюджетных мест10 государственных стипендий Правительства РФ для иностранцев10 платных мест1 платное место для иностранцев", "ENG", "Обучение ведётся полностью на английском языке", "Государственная аккредитацияНезависимая оценка качества образования", "День открытых дверей 19 мая 2024", "Как поступить?", "Вступительное испытание на программу состоит из конкурса портфолио. Для участия необходимо предоставить в цифровом виде документы на английском языке: резюме, мотивационное письмо, заявку на исследование, рекомендательные письма. Критерии оценивания находятся здесь.", "Что я буду изучать?", "В рамках программы мы будем анализировать и обсуждать современный социум, приводя примеры в области различных медиа, таких как печатные медиа, кино, телевидение, визуальные искусства, реклама и социальные медиаплатформы.", "Мы даем студентам возможность развивать свои критические, аналитические и исследовательские навыки.", "Одни из ключевых предметов:", "Критическая политическая экономия медиа", "Политика цифровых медиа", "Культура, медиа и исследование", "Медиа и труд", "Критические и культурные теории медиа", "В чем преимущества программы?", "Фокусируясь на исследованиях политической и культурной экономики традиционных и альтернативных медийных каналов, а также на медиа и более широких культурных репрезентациях, таких как классы, гендеры и расы, программа является по своей сути междисциплинарной. Программа опирается на исследовательские традиции, связанные с культурологией, анализом текстов и критической политической экономией, знакомит студентов как с качественным, так и с количественным подходами. Мы делаем акцент на современности и поддерживаем студентов, самостоятельно руководящих своими исследовательскими проектами и работами. Программа реализуется полностью на английском языке.", "Где я буду работать?", "Программа готовит выпускников к получению степени Ph.D. и последующей академической карьере в качестве исследователей, преподавателей и профессоров. Помимо академического сектора, выпускники программы смогут работать в СМИ, учреждениях культуры и государственном секторе, поскольку это касается создания контента, консультирования, администрирования и режиссуры. Программа базируется в Москве, культурно и исторически богатом городе, предлагающем большое количество возможностей применения критических исследовательских навыков в отношении медиатекстов, отраслей и практик.", "Новости«Лидеры ответственного бизнеса». Эрнест Мацкявичюс стал ведущим церемонии награждения первых лауреатов национальной премииНа съезде РСПП в Москве вручена первая национальная премия «Лидеры ответственного бизнеса».Обществорепортаж о событииИнститут медиа26 апреляВ Кремле выступят участники и финалисты Международного фестиваля «Дорога на Ялту»В воскресенье 28 апреля в Государственном Кремлевском дворце состоится полуфинал шестого Международного музыкального фестиваля «Дорога на Ялту». Художественный руководитель проекта – Директор Института медиа Эрнест Мацкявичюс, а наши студенты активно участвуют в работе фестиваля в качестве волонтеров.мы помнимконцертыприглашение к участиюИнститут медиа24 апреляПроект команды Института медиа победил в номинации «Digital-подход» в Школе атомных коммуникаций «Росатома»Коммуникационный проект команды студентов Института медиа Высшей школы экономики (НИУ ВШЭ) победил в номинации «Digital-подход» Школы атомных коммуникаций, которая проходила в павильоне «Атом» на ВДНХ в рамках выставки-форума «Россия». Научным руководителем и ведущим Школы стал доцент Института медиа Михаил Зеленцов.достиженияидеи и опытконструктор успехапрофессорастудентыэкспертизаофициальнобакалавриатмагистратураИнститут медиа22 апреляПопулярно о науке. На выставке-форуме «Россия» прошёл мастер-класс Эрнеста МацкявичюсаКак говорить и писать о науке простым и понятным всем языком? Об этом и многом другом Директор Института медиа Эрнест Мацкявичюс рассказал в рамках мастер-класса, который прошел в павильоне «Дом молодежи» на масштабной выставке-форуме «Россия» на ВДНХ.лекториидостиженияидеи и опытконструктор успехадискуссииэкспертизамастер-классырепортаж о событииИнститут медиа22 апреляЕще новости", "Другие магистерские программыМедиаменеджмент2 годаОчная форма обучения20/10/220 бюджетных мест2 государственные стипендии Правительства РФ для иностранцев10 платных мест2 платных места для иностранцевRUS+ENGОбучение ведется на русском и частично на английском языкеСовременная журналистика2 годаОчная форма обучения20/20/120 бюджетных мест15 государственных стипендий Правительства РФ для иностранцев20 платных мест1 платное место для иностранцевRUS+ENGОбучение ведется на русском и частично на английском языке"]}