{"title": "Образовательная программа «Иностранные языки и межкультурная коммуникация в бизнесе» — Национальный исследовательский университет «Высшая школа экономики»", "description": "", "url": "https://perm.hse.ru/ba/communication/", "data": [{"level": "1", "text": "Иностранные языки и межкультурная коммуникация в бизнесе", "response": ["Цель программы — научить студентов эффективно коммуницировать на иностранном языке, вычленять нужную информацию, интерпретировать тексты и создавать свои текстовые продукты на профессиональном уровне.Структура программы сочетает классические традиции обучения иностранным языкам и инновационные образовательные практики. Студенты имеют возможность построения собственных образовательных траекторий, выбора изучаемых языков, специализаций, тем для проектов и исследований. Выпускники свободно владеют двумя иностранными языками и профессиональными компетенциями, необходимыми для построения карьеры, связанной с преподаванием, переводом и коммуникацией.", "Задать вопрос о программе", "О программеАбитуриентамПаспорт программыБудущая профессияТраектории поступленияПодготовкаМероприятия для школьниковЗадать вопросСтудентамДоска объявленийРейтингиВыбор траектории обученияПрактическая подготовкаИтоговая аттестация Дополнительные иностранные языкиСтипендииПеревод и восстановление"]}, {"level": "2", "text": "Что я буду изучать?", "response": ["С первого курса студенты в обязательном порядке изучают два иностранных языка. Первым иностранным языком для всех студентов является английский. Особое внимание уделяется преподаванию делового английского. В качестве второго иностранного языка студенты могут выбрать немецкий, французский или китайский язык.", "Часть дисциплин программы реализуется на английском языке. К четвертому курсу студенты свободно используют английский язык для изучения предметного содержания специализаций и дисциплин по выбору. Предоставляется возможность выполнять курсовые и дипломные проекты на английском языке, а рефераты и проекты — на втором иностранном языке.", "Основные дисциплины:", "первый и второй иностранные языки;", "история и литература стран изучаемого языка;", "введение в языкознание;", "теорию и историю менеджмента;", "анализ и визуализация данных и др.", "Специализации:", "межкультурная деловая коммуникация;", "перевод и переводоведение;", "теория и методика преподавания иностранных языков.", "Более подробный список дисциплин доступен в разделе «Учебные курсы»"]}, {"level": "2", "text": "Преимущества программы", "response": ["Большое количество часов первого и второго иностранного языка", "Количество часов, отведенное на изучение первого и второго иностранного языка, значительно больше, чем на аналогичных программах в других вузах.", "Акцент на преподавание делового английского", "В университете накоплен огромный опыт преподавания делового английского и подготовки к международным экзаменам по английскому для деловой коммуникации (BEC - Business English Certificate). Наши преподаватели имеют опыт работы в международном бизнесе и готовы делиться своими знаниями со студентами.", "Активная научная и исследовательская деятельность", "Программа предполагает овладение основами научной и исследовательской деятельности, необходимыми для дальнейшего обучения в русскоязычной или англоязычной магистратуре. Для студентов проводятся научные семинары, встречи с ведущими учеными и исследователями, научные конференции. У студентов есть возможность участвовать в качестве стажеров-исследователей в научных проектах, реализуемых НИУ ВШЭ.", "Сильный преподавательский состав", "Более 80% преподавателей, участвующих в реализации образовательной программы, — кандидаты и доктора наук. Ряд занятий ведут специалисты в области методики преподавания иностранных языков, перевода и переводоведения, межкультурной коммуникации.", "Диплом ведущего университета России", "Все выпускники Высшей школы экономики независимо от того, в каком кампусе они обучались, получают диплом НИУ ВШЭ единого образца. Кроме того, бакалавры получают Европейское приложение к диплому, содержащее информацию о полученном образовании, всех итоговых оценках по 10‑балльной шкале, перевод итоговых оценок в действующую в Европе шкалу ECTS. Документ составляется на двух языках — английском и русском — и позволяет продолжать образование или работать в странах — участницах Болонского процесса (48 стран) без юридического перевода диплома.", "Изучение менеджериальных дисциплин и дисциплин цикла Data Culture", "Все студенты образовательной программы изучают такие дисциплины менеджериального цикла, как Теория и история менеджмента, Теория организации, Маркетинг и другие, а также учатся работать с большими объемами данных, анализировать и визуализировать их.", "Компетенции «второй» профессии", "Помимо изучения двух иностранных языков и профессиональных дисциплин в рамках программы, студенты имеют возможность освоить «вторую» специальность — изучить майнор. Майнор— это связка из четырех дисциплин, не относящихся к основному направлению подготовки.", "Академическая мобильность", "Студенты из Перми имеют возможность бесплатно пройти обучение в других кампусах НИУ ВШЭ: в Москве, Санкт-Петербурге и Нижнем Новгороде. Продолжительность обучения — от полутора месяцев до года. При этом студентам предоставляются места в общежитии на период проживания в другом городе. Студенты также могут участвовать в программах академической мобильности в зарубежных вузах — партнерах НИУ ВШЭ(обучение не менее одного семестра)."]}, {"level": "2", "text": "Во время обучения", "response": ["Программа подготовки бакалавров по направлению подготовки «Лингвистика» включает в себя:", "цикл общих дисциплин", "профессиональный цикл, в том числе Major (общепрофессиональные и специальные дисциплины направления подготовки: базовая и вариативная части), Minor (вариативная часть по выбору студентов)", "практическую подготовку, которая включает в себя проектную деятельность, курсовую работу и выпускную квалификационную работу, а также производственную практику", "итоговую государственную аттестацию", "Производственная практика является важной составляющей программы. Учащиеся проходят практику в соответствии с выбранной специализацией:", "студенты специализации «Теория и методика преподавания иностранных языков» направляются в школы университетского округа и языковые центры города Перми", "студенты специализации «Перевод и переводоведение» работают в переводческих компаниях", "студенты специализации «Межкультурная деловая коммуникация» проходят практику в департаментах корпоративных коммуникаций и международных связей предприятий г. Перми, а также организациях, работающих в сфере культуры и гостеприимства", "Кроме того, в процессе обучения у студентов есть множество возможностей участвовать в насыщенной культурной и социальной жизни пермской Вышки, где есть различные клубы, организации и сообщества, способные удовлетворить интересны каждого. Для студентов ежегодно проводится научная конференции iTell, конкурс публичных выступлений HSE Talks, конкурс песен на иностранных языках, встречи клуба любителей немецкого языка, конкурс видеороликов на французском языке, научные лекции и семинары на иностранных языках."]}, {"level": "2", "text": "Где я буду работать?", "response": ["Перечень профессий выпускников программы по профилям подготовки", "Межкультурная деловая коммуникация:", "специалист в коммуникационном/ консалтинговом агентстве;", "специалист по работе с иностранными партнерами;", "специалист отдела корпоративных коммуникаций/ PR- / HR-маркетинга;", "руководитель отдела корпоративных коммуникаций;", "специалист пресс-службы и др.", "Перевод и переводоведение:", "специалист по устному и письменному переводу;", "персональный помощник руководителя;", "спичрайтер / копирайтер / веб-райтер.", "Теория и методика преподавания иностранных языков:", "преподаватель иностранных языков в средней и высшей школе;", "тьютор персонализированной траектории обучения;", "руководитель языковой школы."]}, {"level": "2", "text": "Что нужно знать для поступления?", "response": ["Образовательная программа бакалавриата «Иностранные языки и межкультурная коммуникация в бизнесе» предлагает 10 бюджетных мест, 50 платных мест и 5 платных мест для иностранцев.", "Поступить на программу можно по результатам:", "Олимпиады для школьников", "Победители и призеры некоторых олимпиад для школьников имеют право на прием без вступительных испытаний либо право учесть результат олимпиады как максимальное количество баллов ЕГЭ (100 баллов) по общеобразовательному предмету.", "Вступительных испытаний", "Состав вступительных испытаний и минимальные баллы, подтверждающие успешное прохождение вступительных испытаний:", "иностранный язык (минимальный балл — 55)", "русский язык (минимальный балл — 50)", "обществознание или литература (минимальный балл — 50)", "При поступлении учитываются индивидуальные достижения абитуриентов, а также могут быть предоставлены особые права."]}, {"level": "2", "text": "Новости", "response": ["«HSE FACE – это маленькая жизнь, наполненная самыми яркими красками!»Внутри картин: чтобы выбраться в реальный мир финалисты HSE FACE-2024 проявили все свои творческие и интеллектуальные способности и создали незабываемое шоу для зрителей конкурса. Лучшей парой студентов, которые на протяжении всего следующего года будут носить статус лиц пермской Вышки, стали Мария Белуга и Сергей Рассолов.Университетская жизньстудентырепортаж о событииНИУ ВШЭ в Перми22 апреляFrohe Ostern! – в клубе любителей немецкого языка отметили ПасхуНовая встреча в клубе любителей немецкого языка была посвящена светлому весеннему празднику Пасхи (Ostern). Студенты познакомились с традициями католического варианта праздника – искали пасхальные яйца, украшали пасхальное дерево.Университетская жизньстудентырепортаж о событииНИУ ВШЭ в Перми22 апреляПермские студенты выступили на конференции в Москве2 апреля в НИУ ВШЭ (Москва) состоялась организованная Школой иностранных языков ежегодная студенческая научная конференция НИУ ВШЭ «The Youth in Science: Challenges and Prospects», на которой студенты 1-4 курсов всех кампусов НИУ ВШЭ выступили в онлайн-формате с докладами и презентациями на английском языке. Был представлен широкий спектр актуальных и интересных тем, связанных с экономикой, финансами, менеджментом, социологией, информационными технологиями, иностранными языками и предметами естественно-научного цикла.Наука9 апреляСтуденты-лингвисты создали видео о пермской Вышке на китайском языкеВ рамках проектной деятельности студентки 3 курса образовательной программы «Иностранные языки и межкультурная коммуникация в бизнесе» Анастасия Мезенцева, Алена Рахманова, Элла Мурасова и Полина Шабловская придумали и смонтировали видео о Перми и Высшей школе экономики на китайском языке.Образованиестудентыбакалавриатмеждународное сотрудничествоНИУ ВШЭ в Перми3 апреля", "Еще новости"]}], "links": ["https://perm.hse.ru/ba/communication/certification", "https://perm.hse.ru/ba/communication/certification/", "https://perm.hse.ru/ba/communication/courses", "https://perm.hse.ru/ba/communication/news/913021819.html", "https://perm.hse.ru/ba/communication/news/edu/", "https://perm.hse.ru/ba/communication/news/life/", "https://perm.hse.ru/ba/communication/news/ou/135213/", "https://perm.hse.ru/ba/communication/news/page2.html", "https://perm.hse.ru/ba/communication/news/science/", "https://perm.hse.ru/ba/communication/news/tags/bprep/", "https://perm.hse.ru/ba/communication/news/tags/erep/", "https://perm.hse.ru/ba/communication/news/tags/intcoop/", "https://perm.hse.ru/ba/communication/news/tags/stud/", "https://perm.hse.ru/bacalavr/indivdost", "https://perm.hse.ru/bacalavr/minball", "https://perm.hse.ru/bacalavr/olipmorder", "https://perm.hse.ru/news/910640810.html", "https://perm.hse.ru/news/916772791.html", "https://perm.hse.ru/news/916936600.html"], "text": ["4 года", "Очная форма обучения", "10/50/5", "10 бюджетных мест50 платных мест5 платных мест для иностранцев", "RUS+ENG", "Обучение ведется на русском и частично на английском языке", "Государственная аккредитацияНезависимая оценка качества образования", "Что я буду изучать?", "С первого курса студенты в обязательном порядке изучают два иностранных языка. Первым иностранным языком для всех студентов является английский. Особое внимание уделяется преподаванию делового английского. В качестве второго иностранного языка студенты могут выбрать немецкий, французский или китайский язык.", "Часть дисциплин программы реализуется на английском языке. К четвертому курсу студенты свободно используют английский язык для изучения предметного содержания специализаций и дисциплин по выбору. Предоставляется возможность выполнять курсовые и дипломные проекты на английском языке, а рефераты и проекты — на втором иностранном языке.", "Основные дисциплины:", "первый и второй иностранные языки;", "история и литература стран изучаемого языка;", "введение в языкознание;", "теорию и историю менеджмента;", "анализ и визуализация данных и др.", "Специализации:", "межкультурная деловая коммуникация;", "перевод и переводоведение;", "теория и методика преподавания иностранных языков.", "Более подробный список дисциплин доступен в разделе «Учебные курсы»", "Преимущества программы", "Большое количество часов первого и второго иностранного языка", "Количество часов, отведенное на изучение первого и второго иностранного языка, значительно больше, чем на аналогичных программах в других вузах.", "Акцент на преподавание делового английского", "В университете накоплен огромный опыт преподавания делового английского и подготовки к международным экзаменам по английскому для деловой коммуникации (BEC - Business English Certificate). Наши преподаватели имеют опыт работы в международном бизнесе и готовы делиться своими знаниями со студентами.", "Активная научная и исследовательская деятельность", "Программа предполагает овладение основами научной и исследовательской деятельности, необходимыми для дальнейшего обучения в русскоязычной или англоязычной магистратуре. Для студентов проводятся научные семинары, встречи с ведущими учеными и исследователями, научные конференции. У студентов есть возможность участвовать в качестве стажеров-исследователей в научных проектах, реализуемых НИУ ВШЭ.", "Сильный преподавательский состав", "Более 80% преподавателей, участвующих в реализации образовательной программы, — кандидаты и доктора наук. Ряд занятий ведут специалисты в области методики преподавания иностранных языков, перевода и переводоведения, межкультурной коммуникации.", "Диплом ведущего университета России", "Все выпускники Высшей школы экономики независимо от того, в каком кампусе они обучались, получают диплом НИУ ВШЭ единого образца. Кроме того, бакалавры получают Европейское приложение к диплому, содержащее информацию о полученном образовании, всех итоговых оценках по 10‑балльной шкале, перевод итоговых оценок в действующую в Европе шкалу ECTS. Документ составляется на двух языках — английском и русском — и позволяет продолжать образование или работать в странах — участницах Болонского процесса (48 стран) без юридического перевода диплома.", "Изучение менеджериальных дисциплин и дисциплин цикла Data Culture", "Все студенты образовательной программы изучают такие дисциплины менеджериального цикла, как Теория и история менеджмента, Теория организации, Маркетинг и другие, а также учатся работать с большими объемами данных, анализировать и визуализировать их.", "Компетенции «второй» профессии", "Помимо изучения двух иностранных языков и профессиональных дисциплин в рамках программы, студенты имеют возможность освоить «вторую» специальность — изучить майнор. Майнор— это связка из четырех дисциплин, не относящихся к основному направлению подготовки.", "Академическая мобильность", "Студенты из Перми имеют возможность бесплатно пройти обучение в других кампусах НИУ ВШЭ: в Москве, Санкт-Петербурге и Нижнем Новгороде. Продолжительность обучения — от полутора месяцев до года. При этом студентам предоставляются места в общежитии на период проживания в другом городе. Студенты также могут участвовать в программах академической мобильности в зарубежных вузах — партнерах НИУ ВШЭ(обучение не менее одного семестра).", "Во время обучения", "Программа подготовки бакалавров по направлению подготовки «Лингвистика» включает в себя:", "цикл общих дисциплин", "профессиональный цикл, в том числе Major (общепрофессиональные и специальные дисциплины направления подготовки: базовая и вариативная части), Minor (вариативная часть по выбору студентов)", "практическую подготовку, которая включает в себя проектную деятельность, курсовую работу и выпускную квалификационную работу, а также производственную практику", "итоговую государственную аттестацию", "Производственная практика является важной составляющей программы. Учащиеся проходят практику в соответствии с выбранной специализацией:", "студенты специализации «Теория и методика преподавания иностранных языков» направляются в школы университетского округа и языковые центры города Перми", "студенты специализации «Перевод и переводоведение» работают в переводческих компаниях", "студенты специализации «Межкультурная деловая коммуникация» проходят практику в департаментах корпоративных коммуникаций и международных связей предприятий г. Перми, а также организациях, работающих в сфере культуры и гостеприимства", "Кроме того, в процессе обучения у студентов есть множество возможностей участвовать в насыщенной культурной и социальной жизни пермской Вышки, где есть различные клубы, организации и сообщества, способные удовлетворить интересны каждого. Для студентов ежегодно проводится научная конференции iTell, конкурс публичных выступлений HSE Talks, конкурс песен на иностранных языках, встречи клуба любителей немецкого языка, конкурс видеороликов на французском языке, научные лекции и семинары на иностранных языках.", "Где я буду работать?", "Перечень профессий выпускников программы по профилям подготовки", "Межкультурная деловая коммуникация:", "специалист в коммуникационном/ консалтинговом агентстве;", "специалист по работе с иностранными партнерами;", "специалист отдела корпоративных коммуникаций/ PR- / HR-маркетинга;", "руководитель отдела корпоративных коммуникаций;", "специалист пресс-службы и др.", "Перевод и переводоведение:", "специалист по устному и письменному переводу;", "персональный помощник руководителя;", "спичрайтер / копирайтер / веб-райтер.", "Теория и методика преподавания иностранных языков:", "преподаватель иностранных языков в средней и высшей школе;", "тьютор персонализированной траектории обучения;", "руководитель языковой школы.", "Что нужно знать для поступления?", "Образовательная программа бакалавриата «Иностранные языки и межкультурная коммуникация в бизнесе» предлагает 10 бюджетных мест, 50 платных мест и 5 платных мест для иностранцев.", "Поступить на программу можно по результатам:", "Олимпиады для школьников", "Победители и призеры некоторых олимпиад для школьников имеют право на прием без вступительных испытаний либо право учесть результат олимпиады как максимальное количество баллов ЕГЭ (100 баллов) по общеобразовательному предмету.", "Вступительных испытаний", "Состав вступительных испытаний и минимальные баллы, подтверждающие успешное прохождение вступительных испытаний:", "иностранный язык (минимальный балл — 55)", "русский язык (минимальный балл — 50)", "обществознание или литература (минимальный балл — 50)", "При поступлении учитываются индивидуальные достижения абитуриентов, а также могут быть предоставлены особые права.", "Новости«HSE FACE – это маленькая жизнь, наполненная самыми яркими красками!»Внутри картин: чтобы выбраться в реальный мир финалисты HSE FACE-2024 проявили все свои творческие и интеллектуальные способности и создали незабываемое шоу для зрителей конкурса. Лучшей парой студентов, которые на протяжении всего следующего года будут носить статус лиц пермской Вышки, стали Мария Белуга и Сергей Рассолов.Университетская жизньстудентырепортаж о событииНИУ ВШЭ в Перми22 апреляFrohe Ostern! – в клубе любителей немецкого языка отметили ПасхуНовая встреча в клубе любителей немецкого языка была посвящена светлому весеннему празднику Пасхи (Ostern). Студенты познакомились с традициями католического варианта праздника – искали пасхальные яйца, украшали пасхальное дерево.Университетская жизньстудентырепортаж о событииНИУ ВШЭ в Перми22 апреляПермские студенты выступили на конференции в Москве2 апреля в НИУ ВШЭ (Москва) состоялась организованная Школой иностранных языков ежегодная студенческая научная конференция НИУ ВШЭ «The Youth in Science: Challenges and Prospects», на которой студенты 1-4 курсов всех кампусов НИУ ВШЭ выступили в онлайн-формате с докладами и презентациями на английском языке. Был представлен широкий спектр актуальных и интересных тем, связанных с экономикой, финансами, менеджментом, социологией, информационными технологиями, иностранными языками и предметами естественно-научного цикла.Наука9 апреляСтуденты-лингвисты создали видео о пермской Вышке на китайском языкеВ рамках проектной деятельности студентки 3 курса образовательной программы «Иностранные языки и межкультурная коммуникация в бизнесе» Анастасия Мезенцева, Алена Рахманова, Элла Мурасова и Полина Шабловская придумали и смонтировали видео о Перми и Высшей школе экономики на китайском языке.Образованиестудентыбакалавриатмеждународное сотрудничествоНИУ ВШЭ в Перми3 апреляЕще новости"]}