{"title": "Бакалаврская программа Международная программа «Международные отношения и глобальные исследования»/ International Program 'International Relations and Global Studies' — Национальный исследовательский университет «Высшая школа экономики»", "description": "", "url": "https://www.hse.ru/ba/ir/", "data": [{"level": "1", "text": "Международная программа «Международные отношения и глобальные исследования»", "response": ["Англоязычная бакалаврская программа \"Международные отношения и глобальные исследования\" предназначена для подготовки специалистов в социально-экономической области с акцентом на международную сферу.Набор предметов, сформированный в сотрудничестве с лучшими университетами мира, даёт комплексное понимание международных политических и экономических процессов. Студенты свободно владеют английским языком и продвинуто осваивают еще один, европейский или восточный. Дополнительно доступны зарубежные стажировки и получение второго диплома.Программа курсов соответствует сразу двум образовательным стандартам: \"международные отношения\" и \"публичная политика и социальные науки\". Благодаря этому выпускники имеют более высокую квалификацию и лучшие карьерные перспективы.", "Задать вопрос о программе  Канал абитуриентов в Telegram", "О программеО программеОбучениеВедущие преподавателиСпециализацииИностранные языкиData cultureКонцепция проектаMS Office 365 студентамЧасто задаваемые вопросыEnglish requirementsОтзывы выпускниковАбитуриентамПаспорт программыПодготовка к поступлениюТраектории поступленияПобедителям и призерам олимпиадОнлайн-подготовкаСкидки на оплату обученияПеревод на программуБудущая профессияЧасто задаваемые вопросыДни открытых дверейСтудентамДоска объявленийStudent's HandbookCode of ConductExpectationsГрафик учебного процессаГрафик экзаменов и пересдачОплата обученияРейтингиЗаказ справокКарьерный ЦентрКарьерный ЦентрСобытияВыбор Карьерного ПутиВведение в стратегический консалтингПрактическая подготовкаПеревод и восстановление на программуВоенный учебный центрОтборСправка в военкоматИтоговая аттестацияОбразцы заявленийПроектная работа"]}, {"level": "2", "text": "Что я буду изучать", "response": ["Дисциплины программы:", "Теория международных отношений;", "Политология;", "Внешнеполитический анализ;", "Политическая и экономическая география;", "История международных отношений;", "Международная политическая экономия;", "Политическая философия;", "Дисциплины по выбору.", "Дисциплины специализаций:", "Международные и корпоративные финансы;", "Управление стратегическими коммуникациями;", "Международное корпоративное право", "Журналистика и глобальные СМИ."]}, {"level": "2", "text": "Преимущества программы", "response": ["Программа позволяет не только погрузиться в англоязычную среду, но и выучить еще один язык, в числе которых: немецкий, испанский, французский, итальянский, китайский, японский, арабский, корейский.", "На программе двух дипломов на 2 и 3 курсе преподается Data Culture – навык культуры работы с данными. Концепция проекта Data Culture направлена на развитие у студентов всех программ бакалавриата Высшей школы экономики понимание возможностей современных технологий в области Data Science. В нашем случае предметы цикла Data Culture сопряжены с дисциплинами специализаций, что позволяет студентам максимально продвинуть собственные как softskills, так и hardskills в предметном поле.", "Сильнейший преподавательский состав, в том числе: профессора факультета мировой экономики и мировой политики, доктора и кандидаты наук Оксфордского университета, приглашенные исследователи Гарвардского университета, профессора Стэнфордского университета.", "В завершение студенты получат актуальные навыки профессионального ориентирования (Career Planning and Job Hunting Strategies), а фактор наличия двух дипломов даст конкурентное преимущество в карьере или позволит продолжить учебу в любой стране мира."]}, {"level": "2", "text": "Во время обучения", "response": ["На Международной программе \"Международные отношения и глобальные исследования\" (МОиГИ) учебный план предусматривает два обязательных проекта:", "Академическое чтение (Academic Reading)", "Продвинутое академическое чтение (Academic Reading: advanced)", "Помимо обязательных курсов, студенты могут выбрать факультативы:", "Выбор карьерного пути", "Введение в стратегический консалтинг", "История искусств", "История религий", "Социальная психология", "Современная история Восточной Азии", "Интеграционная модель ЕС в системе нового регионализма", "На базе программы действует карьерный центр, который помогает студентам программы определиться с их будущей карьерой, подготовиться к отбору, устроиться на работу или найти подходящую стажировку."]}, {"level": "2", "text": "Перспективы после обучения", "response": ["Опыт трудоустройства выпускников Международной программы \"Международные отношения и глобальные исследования\" позволяет обозначить для студентов следующие карьерные и образовательные траектории:", "Международные департаменты в российских и зарубежных организациях, отвечающих за международные коммуникации, переговоры, сопровождение сделок и заключение контрактов.", "Информационная эксперт-аналитика и риск-аналитика в инвестиционных компаниях (McKinsey, Большая четверка – PricewaterhouseCoopers, Deloitte, Ernst & Young, KPMG).", "Журналистика в ведущих международных новостных агентств, СМИ («RUSSIA TODAY», Sputnik International, «ИТАР-ТАСС», «РИА-НОВОСТИ» и др.), а также издательств (Elsevier, Thomson Reuters, McGraw-Hill).", "Государственные структуры, связанные с международным сотрудничеством (МИД и международные отделы в других министерствах, посольства, торгово-промышленные палаты).", "Пресс-служба государственных ведомств и журналисты пула (включая зарубежные представительства российских СМИ) в области международных отношений и внутренней политики."]}, {"level": "2", "text": "Что нужно знать для поступления", "response": ["Образовательная программа предлагает 80 платных мест и 10 платных мест для иностранцев. Прием осуществляется по результатам ЕГЭ и олимпиад", "Вступительные испытания в 2023 году включают три предмета:", "Иностранный язык (минимальный балл ЕГЭ – 75)", "Русский язык (минимальный балл ЕГЭ – 60)", "История (минимальный балл ЕГЭ – 60) или обществознание (минимальный балл ЕГЭ – 60) по выбору.", "Подробную информацию о правилах и условиях приема можно найти на странице Траектория поступления."]}, {"level": "2", "text": "Новости", "response": ["ФМЭиМП в гостях у Лицея 153522 апреля сотрудники ФМЭиМП выступили перед школьниками московского Лицея 1535.Поступающиммастер-классырепортаж о событииМеждународный креативный центр «Абитуриент. Студент. Выпускник»25 апреляДень открытых дверей программы “Меж­ду­на­род­ные отношения и глобальные ис­сле­до­ва­ния”: привычные ценности, новые цели, точечные измененияПоступающимрепортаж о событии24 апреля5 апреля завершился первый запуск Менторской программы ФМЭиМП х ВШЭ AlumniВ течение двух месяцев менторы-выпускники помогали менти сделать первыешаги в своем профессиональном развитии, разобраться с карьерными траекториями, составить резюме, сопроводительные письма и подготовиться к интервью. Некоторым менти по итогу сотрудничества удалось пройти отбор на стажировку и даже получить оффер.Университетская жизньне учебавыпускникистудентымастер-классырепортаж о событииМеждународный креативный центр «Абитуриент. Студент. Выпускник»10 апреля7 апреля прошёл прямой эфир для абитуриентов мирового факультета7 апреля в видеостудии на Малой Ордынке 17, впервые прошёл прямой эфир факультета мировой экономики и мировой политики для абитуриентов.Поступающиммастер-классырепортаж о событииМеждународный креативный центр «Абитуриент. Студент. Выпускник»10 апреля", "Еще новости"]}, {"level": "2", "text": "Другие бакалаврские программы", "response": ["Международные отношения4 годаОчная форма обучения45/40/545 бюджетных мест25 государственных стипендий Правительства РФ для иностранцев40 платных мест5 платных мест для иностранцевRUS+ENGОбучение ведется на русском и частично на английском языке"]}], "links": ["https://we.hse.ru/icc/news/913085900.html", "https://we.hse.ru/icc/news/913085984.html", "https://we.hse.ru/icc/news/917716908.html", "https://www.hse.ru/ba/ia/", "https://www.hse.ru/ba/ir/announcements/917726775.html", "https://www.hse.ru/ba/ir/certification", "https://www.hse.ru/ba/ir/certification/", "https://www.hse.ru/ba/ir/news/917495876.html", "https://www.hse.ru/ba/ir/news/admission/", "https://www.hse.ru/ba/ir/news/life/", "https://www.hse.ru/ba/ir/news/ou/831410746/", "https://www.hse.ru/ba/ir/news/page2.html", "https://www.hse.ru/ba/ir/news/tags/alumni/", "https://www.hse.ru/ba/ir/news/tags/erep/", "https://www.hse.ru/ba/ir/news/tags/extra/", "https://www.hse.ru/ba/ir/news/tags/mclass/", "https://www.hse.ru/ba/ir/news/tags/stud/", "https://www.hse.ru/ba/ir/tracks"], "text": ["4 года", "Очная форма обучения", "80/5", "80 платных мест5 платных мест для иностранцев", "ENG", "Обучение ведётся полностью на английском языке", "Государственная аккредитацияНезависимая оценка качества образования", "Что я буду изучать", "Дисциплины программы:", "Теория международных отношений;", "Политология;", "Внешнеполитический анализ;", "Политическая и экономическая география;", "История международных отношений;", "Международная политическая экономия;", "Политическая философия;", "Дисциплины по выбору.", "Дисциплины специализаций:", "Международные и корпоративные финансы;", "Управление стратегическими коммуникациями;", "Международное корпоративное право", "Журналистика и глобальные СМИ.", "Преимущества программы", "Программа позволяет не только погрузиться в англоязычную среду, но и выучить еще один язык, в числе которых: немецкий, испанский, французский, итальянский, китайский, японский, арабский, корейский.", "На программе двух дипломов на 2 и 3 курсе преподается Data Culture – навык культуры работы с данными. Концепция проекта Data Culture направлена на развитие у студентов всех программ бакалавриата Высшей школы экономики понимание возможностей современных технологий в области Data Science. В нашем случае предметы цикла Data Culture сопряжены с дисциплинами специализаций, что позволяет студентам максимально продвинуть собственные как softskills, так и hardskills в предметном поле.", "Сильнейший преподавательский состав, в том числе: профессора факультета мировой экономики и мировой политики, доктора и кандидаты наук Оксфордского университета, приглашенные исследователи Гарвардского университета, профессора Стэнфордского университета.", "В завершение студенты получат актуальные навыки профессионального ориентирования (Career Planning and Job Hunting Strategies), а фактор наличия двух дипломов даст конкурентное преимущество в карьере или позволит продолжить учебу в любой стране мира.", "Во время обучения", "На Международной программе \"Международные отношения и глобальные исследования\" (МОиГИ) учебный план предусматривает два обязательных проекта:", "Академическое чтение (Academic Reading)", "Продвинутое академическое чтение (Academic Reading: advanced)", "Помимо обязательных курсов, студенты могут выбрать факультативы:", "Выбор карьерного пути", "Введение в стратегический консалтинг", "История искусств", "История религий", "Социальная психология", "Современная история Восточной Азии", "Интеграционная модель ЕС в системе нового регионализма", "На базе программы действует карьерный центр, который помогает студентам программы определиться с их будущей карьерой, подготовиться к отбору, устроиться на работу или найти подходящую стажировку.", "Перспективы после обучения", "Опыт трудоустройства выпускников Международной программы \"Международные отношения и глобальные исследования\" позволяет обозначить для студентов следующие карьерные и образовательные траектории:", "Международные департаменты в российских и зарубежных организациях, отвечающих за международные коммуникации, переговоры, сопровождение сделок и заключение контрактов.", "Информационная эксперт-аналитика и риск-аналитика в инвестиционных компаниях (McKinsey, Большая четверка – PricewaterhouseCoopers, Deloitte, Ernst & Young, KPMG).", "Журналистика в ведущих международных новостных агентств, СМИ («RUSSIA TODAY», Sputnik International, «ИТАР-ТАСС», «РИА-НОВОСТИ» и др.), а также издательств (Elsevier, Thomson Reuters, McGraw-Hill).", "Государственные структуры, связанные с международным сотрудничеством (МИД и международные отделы в других министерствах, посольства, торгово-промышленные палаты).", "Пресс-служба государственных ведомств и журналисты пула (включая зарубежные представительства российских СМИ) в области международных отношений и внутренней политики.", "Что нужно знать для поступления", "Образовательная программа предлагает 80 платных мест и 10 платных мест для иностранцев. Прием осуществляется по результатам ЕГЭ и олимпиад", "Вступительные испытания в 2023 году включают три предмета:", "Иностранный язык (минимальный балл ЕГЭ – 75)", "Русский язык (минимальный балл ЕГЭ – 60)", "История (минимальный балл ЕГЭ – 60) или обществознание (минимальный балл ЕГЭ – 60) по выбору.", "Подробную информацию о правилах и условиях приема можно найти на странице Траектория поступления.", "26 мая12:00День открытых дверей международной программы \"Международные отношения и глобальные исследования\"улица Малая Ордынка, 29, Россия, Москва", "НовостиФМЭиМП в гостях у Лицея 153522 апреля сотрудники ФМЭиМП выступили перед школьниками московского Лицея 1535.Поступающиммастер-классырепортаж о событииМеждународный креативный центр «Абитуриент. Студент. Выпускник»25 апреляДень открытых дверей программы “Меж­ду­на­род­ные отношения и глобальные ис­сле­до­ва­ния”: привычные ценности, новые цели, точечные измененияПоступающимрепортаж о событии24 апреля5 апреля завершился первый запуск Менторской программы ФМЭиМП х ВШЭ AlumniВ течение двух месяцев менторы-выпускники помогали менти сделать первыешаги в своем профессиональном развитии, разобраться с карьерными траекториями, составить резюме, сопроводительные письма и подготовиться к интервью. Некоторым менти по итогу сотрудничества удалось пройти отбор на стажировку и даже получить оффер.Университетская жизньне учебавыпускникистудентымастер-классырепортаж о событииМеждународный креативный центр «Абитуриент. Студент. Выпускник»10 апреля7 апреля прошёл прямой эфир для абитуриентов мирового факультета7 апреля в видеостудии на Малой Ордынке 17, впервые прошёл прямой эфир факультета мировой экономики и мировой политики для абитуриентов.Поступающиммастер-классырепортаж о событииМеждународный креативный центр «Абитуриент. Студент. Выпускник»10 апреляЕще новости", "Другие бакалаврские программыМеждународные отношения4 годаОчная форма обучения45/40/545 бюджетных мест25 государственных стипендий Правительства РФ для иностранцев40 платных мест5 платных мест для иностранцевRUS+ENGОбучение ведется на русском и частично на английском языке"]}