{"title": "Руководство университета – О Высшей школе экономики – Национальный исследовательский университет «Высшая школа экономики»", "description": "", "url": "https://www.hse.ru/info/management", "data": [{"level": "1", "text": "Руководство университета", "response": ["Согласно уставу НИУ ВШЭ учредителем и собственником имущества университета является Российская Федерация. Контроль за деятельностью университета в соответствии с законодательством РФ осуществляют Правительство РФ, Министерство образования и науки РФ и Федеральное агентство по управлению государственным имуществом. Органами управления университета являются наблюдательный совет университета, конференция работников и обучающихся университета, ученый совет университета, президиум ученого совета, ректор университета и попечительский совет университета.", "Ректор", "Президент", "Полномочия", "Биография", "Секретариат", "Научный руководитель", "Биография", "Аппарат", "Оргструктура"]}], "links": ["https://studsovet.hse.ru", "https://studsovet.hse.ru/", "https://www.hse.ru/info/council/", "https://www.hse.ru/info/supervisory/", "https://www.hse.ru/info/ustav/", "https://www.hse.ru/org/hse/strategyconf", "https://www.hse.ru/orgstructure/", "https://www.hse.ru/orgstructure/keyblocks/rector/", "https://www.hse.ru/personal/kouzminov/", "https://www.hse.ru/personal/kouzminov/bio", "https://www.hse.ru/personal/kouzminov/contacts", "https://www.hse.ru/personal/shohin/", "https://www.hse.ru/personal/shohin/authority", "https://www.hse.ru/personal/shohin/bio", "https://www.hse.ru/personal/shohin/contacts", "https://www.hse.ru/staff/anisimov", "https://www.hse.ru/us", "https://www.hse.ru/us/presidium"], "text": ["Руководство университета", "Согласно уставу НИУ ВШЭ учредителем и собственником имущества университета является Российская Федерация. Контроль за деятельностью университета в соответствии с законодательством РФ осуществляют Правительство РФ, Министерство образования и науки РФ и Федеральное агентство по управлению государственным имуществом. Органами управления университета являются наблюдательный совет университета, конференция работников и обучающихся университета, ученый совет университета, президиум ученого совета, ректор университета и попечительский совет университета.", "Ректор", "Президент", "Полномочия", "Биография", "Секретариат", "Научный руководитель", "Биография", "Аппарат", "Оргструктура"]}