{"title": "Магистерская программа «ЛигалТех (Legal Tech)» — Национальный исследовательский университет «Высшая школа экономики»", "description": "", "url": "https://www.hse.ru/ma/legaltech/", "data": [{"level": "1", "text": "ЛигалТех / Legal Tech", "response": ["100% онлайнПервая магистратура по legal technology в России будет готовить высококлассных специалистов по автоматизации и цифровизации юридической функции. Программа включает курсы по анализу данных, программированию, автоматизации юридических процессов, машиночитаемому праву. При этом программа позволяет даже человеку с непрофильным образованием прийти и овладеть необходимыми компетенциями в legal tech.Онлайн-программа. Диплом магистра по специальности «Прикладная математика и информатика»", "Поступить   Задать вопрос", "АбитуриентамПаспорт программыБудущая профессияТраектории поступленияПодготовкаСостав портфолиоСтудентамДоска объявленийАттестационная комиссияВыбор траектории обученияДополнительные иностранные языкиПервокурсникам 2024Практическая подготовкаРейтингиСтуденческая мобильностьИтоговая аттестация"]}, {"level": "2", "text": "Прием документов на программу - до 16 сентября.", "response": ["Начало занятий у 1 курса в 2024 году – 01 октября."]}, {"level": "2", "text": "О чем магистерская онлайн-программа «ЛигалТех (Legal Tech)»", "response": ["Первая магистерская программа в России, готовящая специалистов по автоматизации и цифровизации юридической функции. Образовательным партнером программы выступает «Нетология-групп».", "Участники LegalTech-рынка разрабатывают платформы, программы и инструменты, которые упрощают и оптимизируют работу профессиональных юристов и бизнеса. В числе таких решений:", "Специалисты в этой отрасли разбираются и в праве, и в технологиях. Они управляют автоматизацией юридических задач, внедряют новые стандарты и разрабатывают LegalTech-решения. На нашей программе мы как раз обучаем юристов ИТ-технологиям, праву, разработке на Python, использованию решений без кода, чтобы выпускник мог разговаривать на одном языке как с разработчиком, так и с коллегами - юристами.", "Мы хотим, чтобы наши выпускники смогли задать новую планку для рынка."]}, {"level": "2", "text": "Требования к поступающим", "response": ["диплом бакалавра или специалиста", "конкурс портфолио"]}, {"level": "2", "text": "Приглашенные преподаватели", "response": ["Юрий ДонниковДиректор юридического департамента и комплаенс HeadHunterПреподает дисциплину «Семинар наставника Введение в LegalTech»", "Андрей КотлярМенеджер продуктов Casebook и Caselook компании Pravo TechПреподает дисциплину «Семинар наставника Введение в LegalTech»", "Кирилл СиротинскийСооснователь и технический директор в компании LawGeekПреподает дисциплину «Наука о данных для юристов»", "Егор ТрубниковМенеджер по управлению договорным процессом, ООО «СИБУР»Преподает дисциплину «Семинар наставника Введение в LegalTech»", "Артем СаперовРуководитель направления по интеграции бизнес-процессов юридической функции в ЧеркизовоПреподает дисциплину «Семинар наставника Введение в LegalTech»", "Денис ШоновОснователь nocode- агентства Shontech.red  Преподает дисциплину «Программирование без кода»", "Андрей Мд ГоламСТО & co-founder nocode-агентства Shontech.redПреподает дисциплину «Программирование без кода»"]}, {"level": "2", "text": "Этапы поступления", "response": []}, {"level": "2", "text": "Новости", "response": ["Декан факультета права Вадим Виноградов поздравил студентов с Днем знаний и началом учебного года1 сентября отмечается День знаний, знаменующий начало нового учебного года. В честь праздника к студентам факультета права НИУ ВШЭ обратился декан Вадим Виноградов.Университетская жизньпрофессорастудентыФакультет права1 сентября, 2023 г.Студентам факультета права доступна подача заявлений через личный кабинетСпешим представить вам нововведение Центра управления учебным процессом факультета права.ОбразованиестудентыофициальноЦентр управления учебным процессом22 марта, 2023 г.ВШЭ в третий раз подряд возглавила рейтинг вузов ForbesВысшая школа экономики третий год подряд занимает первое место в рейтинге 100 лучших университетов России, который в пятый раз опубликовал журнал Forbes.Образованиедостижениярейтинг Forbesрейтинги вузов23 декабря, 2022 г.Стартовала регистрация на конкурс для студентов и выпускников «Твой проект»Конкурс «Твой проект» — интеллектуальное состязание для тех, кто хочет открыть для себя новые грани в выбранной профессии или попробовать свои силы в новой сфере, найти единомышленников и получить льготы при поступлении в магистратуру НИУ ВШЭ. «Вышка.Главное» рассказывает, какие направления доступны для участия в этом году и в какие сроки пройдут основные этапы конкурса. Регистрация — до 25 февраля.Образованиевыпускникистудентыприглашение к участиюконкурс «Твой проект»олимпиады НИУ ВШЭ19 декабря, 2022 г.", "Еще новости"]}, {"level": "2", "text": "Другие магистерские программы", "response": ["Аналитика данных и прикладная статистика / Data Analytics and Social Statistics2 годаОчная форма обученияОнлайн-программа25/325 платных мест3 платных места для иностранцевENGОбучение ведётся полностью на английском языкеМагистр по наукам о данных2 годаОчная форма обученияОнлайн-программа100/15100 платных мест15 платных мест для иностранцевENGОбучение ведётся полностью на английском языкеИскусственный интеллект в маркетинге и управлении продуктом2 годаОчная форма обученияОнлайн-программа5050 платных местRUSОбучение ведётся полностью на русском языкеМатематика машинного обучения2 годаОчная форма обучения20/5/120 бюджетных мест3 государственные стипендии Правительства РФ для иностранцев5 платных мест1 платное место для иностранцевENGОбучение ведётся полностью на английском языкеИскусственный интеллект2 годаОчная форма обученияОнлайн-программа100/3100 платных мест3 платных места для иностранцевRUSОбучение ведётся полностью на русском языкеНауки о данных (Data Science)2 годаОчная форма обучения36/10/1036 бюджетных мест10 государственных стипендий Правительства РФ для иностранцев10 платных мест10 платных мест для иностранцевRUS/ENG Обучение ведется на русском или английском языкахСовременные компьютерные науки2 годаОчная форма обучения52/552 бюджетных места5 платных местRUSОбучение ведётся полностью на русском языкеИсследования и предпринимательство в искусственном интеллекте2 годаОчная форма обучения3030 платных местRUSОбучение ведётся полностью на русском языкеСистемный анализ и математические технологии2 годаОчная форма обучения50/5/150 бюджетных мест1 государственная стипендия Правительства РФ для иностранцев5 платных мест1 платное место для иностранцевRUS+ENGОбучение ведется на русском и частично на английском языкеАналитика больших данных2 годаОчная форма обученияОнлайн-программа5050 платных местRUSОбучение ведётся полностью на русском языкеПродуктовый подход и аналитика данных в HR-менеджменте2 годаОчная форма обучения3030 платных местRUSОбучение ведётся полностью на русском языкеАнализ данных в биологии и медицине2 годаОчная форма обучения25/525 бюджетных мест5 платных местRUS+ENGОбучение ведется на русском и частично на английском языкеАнализ данных в девелопменте2 годаОчная форма обучения3535 платных местRUSОбучение ведётся полностью на русском языкеПрикладные модели искусственного интеллекта2 годаОчная форма обучения15/5/115 бюджетных мест5 платных мест1 платное место для иностранцевRUS+ENGОбучение ведется на русском и частично на английском языкеФинансовые технологии и анализ данных2 годаОчная форма обучения50/150 платных мест1 платное место для иностранцевRUS+ENGОбучение ведется на русском и частично на английском языке"]}], "links": ["https://pmo.hse.ru/servicedesk/customer/portal/137", "https://pravo.hse.ru/centre/news/822218664.html", "https://pravo.hse.ru/ma/", "https://pravo.hse.ru/news/856381918.html", "https://www.hse.ru/ma/adbm/", "https://www.hse.ru/ma/ai-productmanagement/", "https://www.hse.ru/ma/aim/", "https://www.hse.ru/ma/bigdata-analytics/", "https://www.hse.ru/ma/datasci/", "https://www.hse.ru/ma/development/", "https://www.hse.ru/ma/fintech/", "https://www.hse.ru/ma/ipii/", "https://www.hse.ru/ma/legaltech/certification", "https://www.hse.ru/ma/legaltech/certification/", "https://www.hse.ru/ma/legaltech/news/edu/", "https://www.hse.ru/ma/legaltech/news/keywords/374747383/", "https://www.hse.ru/ma/legaltech/news/keywords/658573244/", "https://www.hse.ru/ma/legaltech/news/keywords/72639832/", "https://www.hse.ru/ma/legaltech/news/keywords/73230094/", "https://www.hse.ru/ma/legaltech/news/life/", "https://www.hse.ru/ma/legaltech/news/ou/22753/", "https://www.hse.ru/ma/legaltech/news/ou/786771430/", "https://www.hse.ru/ma/legaltech/news/page2.html", "https://www.hse.ru/ma/legaltech/news/tags/achievements/", "https://www.hse.ru/ma/legaltech/news/tags/alumni/", "https://www.hse.ru/ma/legaltech/news/tags/inv/", "https://www.hse.ru/ma/legaltech/news/tags/official/", "https://www.hse.ru/ma/legaltech/news/tags/prof/", "https://www.hse.ru/ma/legaltech/news/tags/stud/", "https://www.hse.ru/ma/legaltech/polls/410021124.html", "https://www.hse.ru/ma/legaltech/polls/542382809.html", "https://www.hse.ru/ma/legaltech/tracks", "https://www.hse.ru/ma/mcs/", "https://www.hse.ru/ma/mds/", "https://www.hse.ru/ma/mlds/", "https://www.hse.ru/ma/ppadhr/", "https://www.hse.ru/ma/samt/", "https://www.hse.ru/ma/sltheory/", "https://www.hse.ru/ma/sna/", "https://www.hse.ru/mirror/pubs/share/793910532.pdf", "https://www.hse.ru/studyspravka/credit"], "text": ["2 года", "Очная форма обученияОнлайн-программа", "40/1", "40 платных мест1 платное место для иностранцев", "RUS", "Обучение ведётся полностью на русском языке", "Государственная аккредитацияНезависимая оценка качества образования", "Прием документов на программу - до 16 сентября.Начало занятий у 1 курса в 2024 году – 01 октября.", "Важные объявления✔Как юристу перейти в LegalTech и стать LegalOps-специалистом✔Способен ли искусственный интеллект написать статью в юридический журнал?✔Новая форма подачи заявлений", "О чем магистерская онлайн-программа «ЛигалТех (Legal Tech)»Первая магистерская программа в России, готовящая специалистов по автоматизации и цифровизации юридической функции. Образовательным партнером программы выступает «Нетология-групп». Участники LegalTech-рынка разрабатывают платформы, программы и инструменты, которые упрощают и оптимизируют работу профессиональных юристов и бизнеса. В числе таких решений:  конструкторы документов, которые помогают составить договор без помощи юриста (например, сервисы Case.one и Doczilla) криптографические технологии для цифрового подписания документов и заключения контрактов онлайн; сервисы, которые помогают бороться с подделками и защищать права на интеллектуальную собственность; электронный формат ведения судебных дел и онлайн-заседания; чат боты для первичных юридических консультаций и типовых вопросов.  Специалисты в этой отрасли разбираются и в праве, и в технологиях. Они управляют автоматизацией юридических задач, внедряют новые стандарты и разрабатывают LegalTech-решения. На нашей программе мы как раз обучаем юристов ИТ-технологиям, праву, разработке на Python, использованию решений без кода, чтобы выпускник мог разговаривать на одном языке как с разработчиком, так и с коллегами - юристами. Мы хотим, чтобы наши выпускники смогли задать новую планку для рынка.", "Поступить", "Задать вопрос", "Для кого предназначена очная онлайн-программа «ЛигалТех (Legal Tech)»  Для юристов, которые хотят получить дополнительную профессию на стыке дисциплин, чтобы строить карьеру на новом рынке юридических услуг Для корпоративных юристов, которые хотят использовать информационные технологии в бизнесе и оптимизировать работу компании Для практикующих юристов, которые хотят работать в LegalTech-компаниях или создавать собственные продукты", "Преимущества магистерской онлайн-программы «ЛигалТех (Legal Tech)»  Первая магистратура по LegalTech в России. Точка. Программа основана на изучении технологий, а не права: мы действительно учим создавать продукты в LegalTech, а не рассказываем о существующих продуктах. Это настоящий LegalTech с большим количеством работы «руками» и минимумом теории. Мы проводим ежегодный хакатон по LegalTech, ВКР также защищается в форме LegalTech — проекта (индивидуального или группового). Программа ориентирована на практику. Студенты смогут стажироваться в ведущих компаниях отрасли. Возможность создать индивидуальный трек обучения: за счет дисциплин по выбору и дисциплин по выбору из общеуниверситетского пула (МАГОЛЕГО). Программа онлайновая, поэтому можно одновременно учиться и работать.", "Карьера после окончания онлайн-программы «ЛигалТех (Legal Tech)» Выпускники программы смогут работать в таких должностях, как:  Эксперт по управлению и автоматизации юридических процессов (LegalOps) Legal operation manager Руководитель департамента по автоматизации Юрисконсульт LegalTech Юрист — product owner Legal Design Юрист в IT  Зарплата для специалиста в отрасли стартует от 100 000, что существенно выше, чем у начинающего юриста без востребованной специализации. Профессионалы в legal tech могут рассчитывать на 200-350 тысяч рублей в месяц. Лучшие студенты получат шанс стать частью компаний-партнеров программы.", "Требования к поступающим", "диплом бакалавра или специалиста", "конкурс портфолио", "Дополнительными преимуществами при отборе будут:  документы о дополнительном образовании, профессиональные сертификаты, дипломы победителей и лауреатов конкурсов, публикации, наличие практического опыта по специфике программы.", "Получить консультацию по портфолио", "Траектории поступления", "Как проходит обучение  Программа будет реализована в полностью онлайновом формате. Часть дисциплин — предзаписанные онлайновые курсы (MOOC); часть — вебинары. Вебинары проводятся по будням и субботам после 18 часов. Ежегодный Юридический хакатон будет проходить офлайн с онлайновой трансляцией Формат обучения синхронный У каждого потока есть координаторы и наставники — они внимательно следят за групповой динамикой, помогают студентам вовлекаться в учебный процесс, направляют и поддерживают на протяжении всего обучения. Студенты смогут пообщаться с сокурсниками и преподавателями в закрытых чатах в соцсетях Обучение на программе возможно совмещать с рабочими и личными делами. Чтобы изучать материал и делать задания, понадобится от 15 до 25 часов в неделю", "Приглашенные преподавателиЮрий ДонниковДиректор юридического департамента и комплаенс HeadHunterПреподает дисциплину «Семинар наставника Введение в LegalTech»Андрей КотлярМенеджер продуктов Casebook и Caselook компании Pravo TechПреподает дисциплину «Семинар наставника Введение в LegalTech»Кирилл СиротинскийСооснователь и технический директор в компании LawGeekПреподает дисциплину «Наука о данных для юристов»Егор ТрубниковМенеджер по управлению договорным процессом, ООО «СИБУР»Преподает дисциплину «Семинар наставника Введение в LegalTech»Артем СаперовРуководитель направления по интеграции бизнес-процессов юридической функции в ЧеркизовоПреподает дисциплину «Семинар наставника Введение в LegalTech»Денис ШоновОснователь nocode- агентства Shontech.red  Преподает дисциплину «Программирование без кода»Андрей Мд ГоламСТО & co-founder nocode-агентства Shontech.redПреподает дисциплину «Программирование без кода»", "Этапы поступления", "1", "Подача документов", "с 1 апреля по 16 сентября", "2", "Вступительные испытания", "в апреле, июне и августе", "3", "Начало обучения", "1 октября", "Стоимость обучения Полная стоимость обучения – 800 000 рублей Стоимость семестра – 200 000 рублей  Налоговый вычет Вы можете получить 13% налогового вычета за обучение на программе Образовательный кредит Воспользуйтесь кредитом с господдержкой Оплата за счет работодателя  Предложите работодателю оплатить ваше обучение", "Поступить", "Задать вопрос", "НовостиДекан факультета права Вадим Виноградов поздравил студентов с Днем знаний и началом учебного года1 сентября отмечается День знаний, знаменующий начало нового учебного года. В честь праздника к студентам факультета права НИУ ВШЭ обратился декан Вадим Виноградов.Университетская жизньпрофессорастудентыФакультет права1 сентября, 2023 г.Студентам факультета права доступна подача заявлений через личный кабинетСпешим представить вам нововведение Центра управления учебным процессом факультета права.ОбразованиестудентыофициальноЦентр управления учебным процессом22 марта, 2023 г.ВШЭ в третий раз подряд возглавила рейтинг вузов ForbesВысшая школа экономики третий год подряд занимает первое место в рейтинге 100 лучших университетов России, который в пятый раз опубликовал журнал Forbes.Образованиедостижениярейтинг Forbesрейтинги вузов23 декабря, 2022 г.Стартовала регистрация на конкурс для студентов и выпускников «Твой проект»Конкурс «Твой проект» — интеллектуальное состязание для тех, кто хочет открыть для себя новые грани в выбранной профессии или попробовать свои силы в новой сфере, найти единомышленников и получить льготы при поступлении в магистратуру НИУ ВШЭ. «Вышка.Главное» рассказывает, какие направления доступны для участия в этом году и в какие сроки пройдут основные этапы конкурса. Регистрация — до 25 февраля.Образованиевыпускникистудентыприглашение к участиюконкурс «Твой проект»олимпиады НИУ ВШЭ19 декабря, 2022 г.Еще новости", "Другие магистерские программыАналитика данных и прикладная статистика / Data Analytics and Social Statistics2 годаОчная форма обученияОнлайн-программа25/325 платных мест3 платных места для иностранцевENGОбучение ведётся полностью на английском языкеМагистр по наукам о данных2 годаОчная форма обученияОнлайн-программа100/15100 платных мест15 платных мест для иностранцевENGОбучение ведётся полностью на английском языкеИскусственный интеллект в маркетинге и управлении продуктом2 годаОчная форма обученияОнлайн-программа5050 платных местRUSОбучение ведётся полностью на русском языкеМатематика машинного обучения2 годаОчная форма обучения20/5/120 бюджетных мест3 государственные стипендии Правительства РФ для иностранцев5 платных мест1 платное место для иностранцевENGОбучение ведётся полностью на английском языкеИскусственный интеллект2 годаОчная форма обученияОнлайн-программа100/3100 платных мест3 платных места для иностранцевRUSОбучение ведётся полностью на русском языкеНауки о данных (Data Science)2 годаОчная форма обучения36/10/1036 бюджетных мест10 государственных стипендий Правительства РФ для иностранцев10 платных мест10 платных мест для иностранцевRUS/ENG Обучение ведется на русском или английском языкахСовременные компьютерные науки2 годаОчная форма обучения52/552 бюджетных места5 платных местRUSОбучение ведётся полностью на русском языкеИсследования и предпринимательство в искусственном интеллекте2 годаОчная форма обучения3030 платных местRUSОбучение ведётся полностью на русском языкеСистемный анализ и математические технологии2 годаОчная форма обучения50/5/150 бюджетных мест1 государственная стипендия Правительства РФ для иностранцев5 платных мест1 платное место для иностранцевRUS+ENGОбучение ведется на русском и частично на английском языкеАналитика больших данных2 годаОчная форма обученияОнлайн-программа5050 платных местRUSОбучение ведётся полностью на русском языкеПродуктовый подход и аналитика данных в HR-менеджменте2 годаОчная форма обучения3030 платных местRUSОбучение ведётся полностью на русском языкеАнализ данных в биологии и медицине2 годаОчная форма обучения25/525 бюджетных мест5 платных местRUS+ENGОбучение ведется на русском и частично на английском языкеАнализ данных в девелопменте2 годаОчная форма обучения3535 платных местRUSОбучение ведётся полностью на русском языкеПрикладные модели искусственного интеллекта2 годаОчная форма обучения15/5/115 бюджетных мест5 платных мест1 платное место для иностранцевRUS+ENGОбучение ведется на русском и частично на английском языкеФинансовые технологии и анализ данных2 годаОчная форма обучения50/150 платных мест1 платное место для иностранцевRUS+ENGОбучение ведется на русском и частично на английском языке"]}