{"title": "Магистерская программа «Финансы» (Нижний Новгород) — Национальный исследовательский университет «Высшая школа экономики»", "description": "", "url": "https://nnov.hse.ru/ma/finance/", "data": [{"level": "1", "text": "Финансы", "response": ["Магистерская программа «Финансы» - это практико-ориентированная программа для тех, кто хочет стать лидером финансового рынка. Большое внимание на программе уделено проектной деятельности, которая поддерживается нашими партнерами – ведущими российскими и зарубежными компаниями. Широкая сеть бизнес-партнёров даёт возможность ещё на этапе обучения погрузиться в профессиональную среду, решать реальные задачи из области финансов и бизнеса.Гибкий учебный план позволяет нашим студентам формировать свою собственную профессиональную и карьерную траекторию. Получение программой международной и профессиональной аккредитации означает независимую профессиональную экспертизу качества программы.", "Задать вопрос о программе  Поступить", "О программеО программеОбразовательные траекторииСтруктура учебного планаПартнерыДостижения студентовВыпускникиНаучно-исследовательский семинарАбитуриентамПаспорт программыБудущая профессияТраектории поступленияПодготовкаВопросы и ответыСерия вебинаров для абитуриентов-2023СтудентамДоска объявленийРейтингиВыбор траектории обученияРекомендованные онлайн-курсыСтуденческая мобильностьПрактическая подготовкаКаталог ВКРИтоговая аттестацияРасписание зачётно-экзаменационных недельДополнительные иностранные языкиСписки группСправкиПеревод и восстановление на образовательную программуКорпоративная почта студентаБланки заявлений"]}, {"level": "2", "text": "Что я буду изучать", "response": ["Магистерская программа «Финансы» - это практико-ориентированная программа для тех, кто хочет стать лидером финансового рынка. Большое внимание на программе уделено проектной деятельности, которая поддерживается нашими партнерами – ведущими российскими и зарубежными компаниями. Благодаря этому еще на этапе обучения есть возможность погрузиться в профессиональную среду, решать реальные задачи из области финансов и бизнеса. Гибкий учебный план позволяет нашим студентам формировать свою собственную профессиональную и карьерную траекторию. Получение программой международной и профессиональной аккредитации означает независимую профессиональную экспертизу качества программы.", "Программа «Финансы» - для тех, кто недавно закончил бакалавриат и хочет получить профессиональные компетенции в области финансов, а также для тех, кто уже работает в области финансов.", "В рамках программы предусмотрены 3 образовательных трека:", "«Финансы фирмы»", "«Банки и финансовые рынки»", "«Аудит и консалтинг»", "Учебный план магистерской программы включает обязательные дисциплины, которые обеспечивают фундаментальную подготовку в области финансов:", "Корпоративные финансы", "Анализ данных в финансах", "Макроэкономика (подвинутый уровень)", "Эконометрика (продвинутый уровень)", "Теория финансов", "Кроме базовых дисциплин на программе реализуется большой блок дисциплин по выбору. Реализуя выбор, студенты сами определяют свой образовательный трек, исходя из карьерных предпочтений."]}, {"level": "2", "text": "Преимущества программы", "response": ["Программа «Финансы» имеет международную аккредитацию АССА и профессиональную аккредитацию.", "В рамках магистратуры «Финансы» НИУ ВШЭ - Нижний Новгород реализуется совместная российско-итальянская программа. Студенты имеют возможность продолжить обучение на втором курсе магистратуры в университете Витербо, г. Тушия и получить по окончании обучения дипломы двух университетов."]}, {"level": "2", "text": "Во время обучения", "response": ["Значительное время на программе занимает проектная деятельность, которая поддерживается нашими партнерами – ведущими российскими и зарубежными компаниями:", "Волго-Вятский банк ПАО «Сбербанк»,", "Волго-Вятское главное управление Центрального Банка Российской Федерации,", "АО \"Кэпт\",", "ОАО «РЖД»,", "ООО «СИБУР – Центр Обслуживания Бизнеса»,", "холдинг STADA CIS,", "Международная корпорация Intel,", "АО «Технологии Доверия- Аудит»,", "ООО НИЭР \"Аудит\",", "АОА «Ростелеком»,", "и другие."]}, {"level": "2", "text": "Перспективы после обучения", "response": ["Выпускники магистерской программы «Финансы» востребованы в качестве руководителей и специалистов профильных подразделений фирм, банков, аудиторских и консалтинговых организаций, инвестиционных, финансовых, лизинговых, страховых и других типов компаний.", "Тесное взаимодействие с потенциальными работодателями еще в процессе обучения позволяет нашим магистрантам повести «тест-драйв» различных карьерных направлений, и сделать осознанный выбор будущей карьеры."]}, {"level": "2", "text": "Что нужно знать для поступления", "response": ["Магистерская программа «Финансы» предлагает 30 бюджетных мест, 10 платных мест и 3 платных мест для иностранцев.", "Поступление на образовательную программу «Финансы», реализуемую НИУ ВШЭ – Нижний Новгород возможно следующими способами:", "Через вступительные испытания", "По итогам участия в олимпиадах «Я – профессионал» и «Высшая лига»", "На коммерческой основе", "С особенностями приема иностранных граждан можно ознакомиться здесь."]}, {"level": "2", "text": "Новости", "response": ["«Цифровые технологии в современной молодежной науке»: в НИУ ВШЭ – Нижний Новгород прошла VIII Всероссийская научная студенческая конференцияМолодые российские ученые представили в Нижнем Новгороде доклады о применении искусственного интеллекта и современных методов обработки данных в широком спектре научных исследований. Аспиранты, студенты бакалавриата и магистратуры, преподаватели НИУ ВШЭ и эксперты обсудили, насколько применимы цифровые инструменты для решения научных задач и способны ли они обеспечить значимый прорыв в интересующей их области знаний.Наукарепортаж о событииНИУ ВШЭ в Нижнем Новгороде22 апреляСтуденты нижегородской Вышки стали лауреатами стипендии имени К. Минина и Д. ПожарскогоСтудентам нижегородского кампуса Высшей школы экономики назначена Городская именная стипендия имени К. Минина и Д. Пожарского. Стипендия назначается за хорошие и отличные успехи в учебе, научно-исследовательскую работу, участие в предметных олимпиадах, научных и научно-практических конференциях, в общественной жизни университета и города.ОбразованиедостиженияНИУ ВШЭ в Нижнем Новгороде5 апреляЕкатерина Миронычева о выборе профессии и межкампусной мобильностиВ поиске «своей» программы Екатерина Миронычева сначала поступила на «Прикладную математику и информатику», а затем стала студенткой «Международного бакалавриата по бизнесу и экономике». Сейчас Екатерина учится по программе внутриуниверситетской мобильности в Москве. О своей истории поступления и о том, кому точно не подойдет программа студенческой мобильности, Екатерина рассказала службе портала. ПоступающимстудентыНИУ ВШЭ в Нижнем Новгороде25 мартаОт цифрового банкинга до идеи собственного бизнеса: студенты прошли дополнительное обучение от Альфа-банкаСтуденты нижегородского кампуса НИУ ВШЭ прошли обучение по дополнительной программе «Перемены, которых не надо бояться. Успешный опыт Альфа-Банка». Топ-менеджеры банка провели лекции по инновациям, развитию розничной сети и решениям для малого бизнеса в банковской отрасли.Образованиеидеи и опытНИУ ВШЭ в Нижнем Новгороде19 марта", "Еще новости"]}], "links": ["https://nnov.hse.ru/admissions/ma/step1", "https://nnov.hse.ru/economics/44609348/audit", "https://nnov.hse.ru/economics/44609348/finansyfirmy", "https://nnov.hse.ru/economics/announcements/876791118.html", "https://nnov.hse.ru/library/announcements/911107091.html", "https://nnov.hse.ru/ma/finance/bank", "https://nnov.hse.ru/ma/finance/certification", "https://nnov.hse.ru/ma/finance/certification/", "https://nnov.hse.ru/ma/finance/news/admission/", "https://nnov.hse.ru/ma/finance/news/edu/", "https://nnov.hse.ru/ma/finance/news/ou/135288/", "https://nnov.hse.ru/ma/finance/news/page2.html", "https://nnov.hse.ru/ma/finance/news/science/", "https://nnov.hse.ru/ma/finance/news/tags/achievements/", "https://nnov.hse.ru/ma/finance/news/tags/erep/", "https://nnov.hse.ru/ma/finance/news/tags/practice/", "https://nnov.hse.ru/ma/finance/news/tags/stud/", "https://nnov.hse.ru/magnn/cost", "https://nnov.hse.ru/magnn/exams", "https://nnov.hse.ru/news/906626752.html", "https://nnov.hse.ru/news/908446213.html", "https://nnov.hse.ru/news/911674077.html", "https://nnov.hse.ru/news/916838177.html", "https://olymp.hse.ru/ma/", "https://olymp.hse.ru/profi/"], "text": ["2 года", "Очная форма обучения", "30/5/2", "30 бюджетных мест5 платных мест2 платных места для иностранцев", "RUS+ENG", "Обучение ведется на русском и частично на английском языке", "Государственная аккредитацияНезависимая оценка качества образования", "Что я буду изучать", "Магистерская программа «Финансы» - это практико-ориентированная программа для тех, кто хочет стать лидером финансового рынка. Большое внимание на программе уделено проектной деятельности, которая поддерживается нашими партнерами – ведущими российскими и зарубежными компаниями. Благодаря этому еще на этапе обучения есть возможность погрузиться в профессиональную среду, решать реальные задачи из области финансов и бизнеса. Гибкий учебный план позволяет нашим студентам формировать свою собственную профессиональную и карьерную траекторию. Получение программой международной и профессиональной аккредитации означает независимую профессиональную экспертизу качества программы.", "Программа «Финансы» - для тех, кто недавно закончил бакалавриат и хочет получить профессиональные компетенции в области финансов, а также для тех, кто уже работает в области финансов.", "В рамках программы предусмотрены 3 образовательных трека:", "«Финансы фирмы»", "«Банки и финансовые рынки»", "«Аудит и консалтинг»", "Учебный план магистерской программы включает обязательные дисциплины, которые обеспечивают фундаментальную подготовку в области финансов:", "Корпоративные финансы", "Анализ данных в финансах", "Макроэкономика (подвинутый уровень)", "Эконометрика (продвинутый уровень)", "Теория финансов", "Кроме базовых дисциплин на программе реализуется большой блок дисциплин по выбору. Реализуя выбор, студенты сами определяют свой образовательный трек, исходя из карьерных предпочтений.", "Преимущества программы", "Программа «Финансы» имеет международную аккредитацию АССА и профессиональную аккредитацию.", "В рамках магистратуры «Финансы» НИУ ВШЭ - Нижний Новгород реализуется совместная российско-итальянская программа. Студенты имеют возможность продолжить обучение на втором курсе магистратуры в университете Витербо, г. Тушия и получить по окончании обучения дипломы двух университетов.", "Во время обучения", "Значительное время на программе занимает проектная деятельность, которая поддерживается нашими партнерами – ведущими российскими и зарубежными компаниями:", "Волго-Вятский банк ПАО «Сбербанк»,", "Волго-Вятское главное управление Центрального Банка Российской Федерации,", "АО \"Кэпт\",", "ОАО «РЖД»,", "ООО «СИБУР – Центр Обслуживания Бизнеса»,", "холдинг STADA CIS,", "Международная корпорация Intel,", "АО «Технологии Доверия- Аудит»,", "ООО НИЭР \"Аудит\",", "АОА «Ростелеком»,", "и другие.", "Перспективы после обучения", "Выпускники магистерской программы «Финансы» востребованы в качестве руководителей и специалистов профильных подразделений фирм, банков, аудиторских и консалтинговых организаций, инвестиционных, финансовых, лизинговых, страховых и других типов компаний.", "Тесное взаимодействие с потенциальными работодателями еще в процессе обучения позволяет нашим магистрантам повести «тест-драйв» различных карьерных направлений, и сделать осознанный выбор будущей карьеры.", "Что нужно знать для поступления", "Магистерская программа «Финансы» предлагает 30 бюджетных мест, 10 платных мест и 3 платных мест для иностранцев.", "Поступление на образовательную программу «Финансы», реализуемую НИУ ВШЭ – Нижний Новгород возможно следующими способами:", "Через вступительные испытания", "По итогам участия в олимпиадах «Я – профессионал» и «Высшая лига»", "На коммерческой основе", "С особенностями приема иностранных граждан можно ознакомиться здесь.", "1 декабря 2023 – 15мая 2024Областной конкурс студенческих работ «Экология: проблемы и решения» от Законодательного Собрания Нижегородской области19 апреля – 24маяВсероссийская акция «Библионочь-2024»: Читаем всей семьей", "Новости«Цифровые технологии в современной молодежной науке»: в НИУ ВШЭ – Нижний Новгород прошла VIII Всероссийская научная студенческая конференцияМолодые российские ученые представили в Нижнем Новгороде доклады о применении искусственного интеллекта и современных методов обработки данных в широком спектре научных исследований. Аспиранты, студенты бакалавриата и магистратуры, преподаватели НИУ ВШЭ и эксперты обсудили, насколько применимы цифровые инструменты для решения научных задач и способны ли они обеспечить значимый прорыв в интересующей их области знаний.Наукарепортаж о событииНИУ ВШЭ в Нижнем Новгороде22 апреляСтуденты нижегородской Вышки стали лауреатами стипендии имени К. Минина и Д. ПожарскогоСтудентам нижегородского кампуса Высшей школы экономики назначена Городская именная стипендия имени К. Минина и Д. Пожарского. Стипендия назначается за хорошие и отличные успехи в учебе, научно-исследовательскую работу, участие в предметных олимпиадах, научных и научно-практических конференциях, в общественной жизни университета и города.ОбразованиедостиженияНИУ ВШЭ в Нижнем Новгороде5 апреляЕкатерина Миронычева о выборе профессии и межкампусной мобильностиВ поиске «своей» программы Екатерина Миронычева сначала поступила на «Прикладную математику и информатику», а затем стала студенткой «Международного бакалавриата по бизнесу и экономике». Сейчас Екатерина учится по программе внутриуниверситетской мобильности в Москве. О своей истории поступления и о том, кому точно не подойдет программа студенческой мобильности, Екатерина рассказала службе портала. ПоступающимстудентыНИУ ВШЭ в Нижнем Новгороде25 мартаОт цифрового банкинга до идеи собственного бизнеса: студенты прошли дополнительное обучение от Альфа-банкаСтуденты нижегородского кампуса НИУ ВШЭ прошли обучение по дополнительной программе «Перемены, которых не надо бояться. Успешный опыт Альфа-Банка». Топ-менеджеры банка провели лекции по инновациям, развитию розничной сети и решениям для малого бизнеса в банковской отрасли.Образованиеидеи и опытНИУ ВШЭ в Нижнем Новгороде19 мартаЕще новости"]}