{"title": "Проектно-учебная лаборатория управления репутацией в образовании — Национальный исследовательский университет «Высшая школа экономики»", "description": "", "url": "https://spb.hse.ru/soc/reputationlab/", "data": [{"level": "1", "text": "Проектно-учебная лаборатория управления репутацией в образовании", "response": []}, {"level": "1", "text": "Проектно-учебная лаборатория управления репутацией в образовании", "response": []}, {"level": "2", "text": "Новости", "response": ["Обучение служением, киберспорт и картина мира: Вышка на Всемирном фестивале молодежиВ «Сириусе» 6 марта завершился Всемирный фестиваль молодежи. В его работе активное участие приняла большая команда Высшей школы экономики. О некоторых важных проектах и дискуссиях, в которых приняли участие вышкинцы в дни ВФМ, — в нашем материале.Обществоэкспертизаобучение служением7 мартаОбучение служением как принцип образования представили на форуме «Сильные идеи для нового времени»Эксперты из НИУ ВШЭ представили на форуме «Сильные идеи для нового времени» идею международного центра «Служение как принцип образования». Авторы получат от партнеров экспертную обратную связь, участие в акселерационных программах, индивидуальное сопровождение проектов и медийное продвижение.Экспертизадискуссиирепортаж о событииобучение служением21 февраляНеконференция по вопросам исследования образовательного подхода «Обучение служением»НеКонференция по 'Обучению служению'. Собирая представителей университетов для обсуждения опыта исследований в области обучения служению как в России, так и за рубежом, а также особенностей исследования этого подхода в России. РепЛаб активно изучает и работает с этой методологией.Образованиеновое в ВШЭисследования и аналитикарепортаж о событии15 февраляЭксперты РепЛаб приняли участие в Международной конференции ИВО в Москве25–27 октября 2023 года в Московском кампусе НИУ ВШЭ прошла XIV Международная конференция исследователей высшего образования (конференция ИВО) . Последние десятилетия характеризуются значительными изменениями в сфере высшего образования. В свою очередь, эти изменения формируют новую образовательную среду и новый опыт студентов, и требуют внимательного изучения. Именно поэтому участники Конференции ИВО 2023 сосредоточились на теме “Студенческий опыт в современном университете: от абитуриента до выпускника” .НаукаУниверситет, открытый городупубликацииисследования и аналитикастатистические данные30 октября, 2023 г.«Студенты начинают видеть связь между получаемыми ими знаниями и реальной жизнью»Со следующего года студенты программы «Политология и мировая политика» смогут развить навыки проектной деятельности на специальном семинаре, а также в проектах, основанных на методике «обучения служением» (project service learning). Вести «Проектный семинар» и координировать проекты будет Магдалена Гаете, руководительница Проектно-учебной лаборатории управления репутацией в образовании (РепЛаб). Мы поговорили с Магдаленой о том, что ожидает студентов программы и чем полезно участие в проектах.Образованиепрофессора17 июля, 2023 г.«Сегодня социальная миссия университета становится лейтмотивом»Технология обучения служением предполагает участие студентов и преподавателей в решении социально значимых задач. Какую пользу она приносит участникам и обществу и как ее включить в образовательный процесс, эксперты обсуждали на пленарной сессии «Образование: личное благо или общественное? Обучение служением как хорда современного образования» XXIV Ясинской (Апрельской) международной научной конференции.Обществодискуссиирепортаж о событииЯсинская конференция 202314 апреля, 2023 г.В Питерской Вышке прошла конференция о социально-значимой миссии университета и обучении служением21 февраля в Питерской Вышке состоялась конференция, посвященная теме «обучения служением». Представители разных вузов России и общественных организаций собрались вместе, чтобы обсудить пути включения новой методологии в образовательный процесс университета. Одним из запоминающихся событий конференции стала презентация методического пособия Магдалены Гаете.Образованиеидеи и опытпрофессорапубликациидискуссииэкспертизарепортаж о событииобщественная деятельностьНИУ ВШЭ в Санкт-Петербурге22 февраля, 2023 г.РепЛаб выпустил книгу «Обучение служением через проектно-прикладную деятельность. Методические рекомендации для университетов»Материал подготовлен Проектно-учебной лаборатории «Управления репутацией в образовании» и АНО «Агентство социальных инвестиций и инноваций» совместно в рамках проекта «Развитие интеллектуального волонтёрства социальной направленности и социального предпринимательства в вузах», реализуемого при поддержке Фонда президентских грантов.Экспертизадостиженияисследования и аналитикаэкспертизаобучение служением10 января, 2023 г.Сотрудничество проектно-учебной лаборатории «Управление репутацией в образовании» с благотворительным фондом «Точка Опоры» в рамках работы над социальным проектомС марта по начало июня 2022 года проектно-учебная лаборатория «Управление репутацией в образовании» при НИУ ВШЭ в Санкт-Петербурге совместно с благотворительным фондом «Точка Опоры» проводила социальный проект. В рамках проекта необходимо было составить план по маркетинговому продвижению организации с целью увеличения лояльной̆ аудитории.Экспертизадискуссииисследования и аналитика27 октября, 2022 г.Магдалена Гаете, руководитель Проектно-учебной лаборатории «Управление репутацией в образовании» НИУ ВШЭ в Санкт-Петербурге выступила на международном форуме «Алтай-Азия 2022».С 15 по 17 сентября 2022 года в Барнауле проходит V Международный образовательный форум «Алтай-Азия 2022: Евразийское образовательное пространство – новые вызовы и лучшие практики». Организаторами встречи выступили Алтайский государственный университет, Российский̆ университет дружбы народов совместно с Университетом Шанхайской организации сотрудничества и Ассоциацией Азиатских университетов.ОбществоУниверситет, открытый городустуденты21 сентября, 2022 г.", "Еще новости"]}], "links": ["https://spb.hse.ru/news/816643859.html", "https://spb.hse.ru/soc/reputationlab/blag", "https://spb.hse.ru/soc/reputationlab/musrep", "https://spb.hse.ru/soc/reputationlab/news/773650357.html", "https://spb.hse.ru/soc/reputationlab/news/789694509.html", "https://spb.hse.ru/soc/reputationlab/news/807214689.html", "https://spb.hse.ru/soc/reputationlab/news/836053248.html", "https://spb.hse.ru/soc/reputationlab/news/847242117.html", "https://spb.hse.ru/soc/reputationlab/news/869677975.html", "https://spb.hse.ru/soc/reputationlab/news/898867953.html", "https://spb.hse.ru/soc/reputationlab/news/community/", "https://spb.hse.ru/soc/reputationlab/news/edu/", "https://spb.hse.ru/soc/reputationlab/news/expertise/", "https://spb.hse.ru/soc/reputationlab/news/keywords/821892453/", "https://spb.hse.ru/soc/reputationlab/news/keywords/824807714/", "https://spb.hse.ru/soc/reputationlab/news/ou/135083/", "https://spb.hse.ru/soc/reputationlab/news/page2.html", "https://spb.hse.ru/soc/reputationlab/news/science/", "https://spb.hse.ru/soc/reputationlab/news/tags/achievements/", "https://spb.hse.ru/soc/reputationlab/news/tags/discus/", "https://spb.hse.ru/soc/reputationlab/news/tags/erep/", "https://spb.hse.ru/soc/reputationlab/news/tags/expert/", "https://spb.hse.ru/soc/reputationlab/news/tags/newhse/", "https://spb.hse.ru/soc/reputationlab/news/tags/practice/", "https://spb.hse.ru/soc/reputationlab/news/tags/prof/", "https://spb.hse.ru/soc/reputationlab/news/tags/pubact/", "https://spb.hse.ru/soc/reputationlab/news/tags/publicat/", "https://spb.hse.ru/soc/reputationlab/news/tags/resanl/", "https://spb.hse.ru/soc/reputationlab/news/tags/statdata/", "https://spb.hse.ru/soc/reputationlab/news/tags/stud/", "https://spb.hse.ru/soc/reputationlab/news/tags/univ/", "https://spb.hse.ru/soc/reputationlab/projects", "https://spb.hse.ru/soc/reputationlab/report", "https://spb.hse.ru/soc/reputationlab/socpr", "https://spb.hse.ru/soc/reputationlab/studk", "https://spb.hse.ru/soc/reputationlab/unirep", "https://spb.hse.ru/soc/reputationlab/ustoy"], "text": ["Управление и репутация университетов: исследования                        Репутация университетов                      Студенческие кампусы                             Образование                        Проекты в Ярмарке Проектов                         Устойчивое развитие университетов                     Устойчивость университетов                      Обучение Служением - Социальные проекты                      Социальная миссия университетов                      Благополучие студентов                             Репутация в культуре                        Репутация музеев", "НовостиОбучение служением, киберспорт и картина мира: Вышка на Всемирном фестивале молодежиВ «Сириусе» 6 марта завершился Всемирный фестиваль молодежи. В его работе активное участие приняла большая команда Высшей школы экономики. О некоторых важных проектах и дискуссиях, в которых приняли участие вышкинцы в дни ВФМ, — в нашем материале.Обществоэкспертизаобучение служением7 мартаОбучение служением как принцип образования представили на форуме «Сильные идеи для нового времени»Эксперты из НИУ ВШЭ представили на форуме «Сильные идеи для нового времени» идею международного центра «Служение как принцип образования». Авторы получат от партнеров экспертную обратную связь, участие в акселерационных программах, индивидуальное сопровождение проектов и медийное продвижение.Экспертизадискуссиирепортаж о событииобучение служением21 февраляНеконференция по вопросам исследования образовательного подхода «Обучение служением»НеКонференция по 'Обучению служению'. Собирая представителей университетов для обсуждения опыта исследований в области обучения служению как в России, так и за рубежом, а также особенностей исследования этого подхода в России. РепЛаб активно изучает и работает с этой методологией.Образованиеновое в ВШЭисследования и аналитикарепортаж о событии15 февраляЭксперты РепЛаб приняли участие в Международной конференции ИВО в Москве25–27 октября 2023 года в Московском кампусе НИУ ВШЭ прошла XIV Международная конференция исследователей высшего образования (конференция ИВО) . Последние десятилетия характеризуются значительными изменениями в сфере высшего образования. В свою очередь, эти изменения формируют новую образовательную среду и новый опыт студентов, и требуют внимательного изучения. Именно поэтому участники Конференции ИВО 2023 сосредоточились на теме “Студенческий опыт в современном университете: от абитуриента до выпускника” .НаукаУниверситет, открытый городупубликацииисследования и аналитикастатистические данные30 октября, 2023 г.«Студенты начинают видеть связь между получаемыми ими знаниями и реальной жизнью»Со следующего года студенты программы «Политология и мировая политика» смогут развить навыки проектной деятельности на специальном семинаре, а также в проектах, основанных на методике «обучения служением» (project service learning). Вести «Проектный семинар» и координировать проекты будет Магдалена Гаете, руководительница Проектно-учебной лаборатории управления репутацией в образовании (РепЛаб). Мы поговорили с Магдаленой о том, что ожидает студентов программы и чем полезно участие в проектах.Образованиепрофессора17 июля, 2023 г.«Сегодня социальная миссия университета становится лейтмотивом»Технология обучения служением предполагает участие студентов и преподавателей в решении социально значимых задач. Какую пользу она приносит участникам и обществу и как ее включить в образовательный процесс, эксперты обсуждали на пленарной сессии «Образование: личное благо или общественное? Обучение служением как хорда современного образования» XXIV Ясинской (Апрельской) международной научной конференции.Обществодискуссиирепортаж о событииЯсинская конференция 202314 апреля, 2023 г.В Питерской Вышке прошла конференция о социально-значимой миссии университета и обучении служением21 февраля в Питерской Вышке состоялась конференция, посвященная теме «обучения служением». Представители разных вузов России и общественных организаций собрались вместе, чтобы обсудить пути включения новой методологии в образовательный процесс университета. Одним из запоминающихся событий конференции стала презентация методического пособия Магдалены Гаете.Образованиеидеи и опытпрофессорапубликациидискуссииэкспертизарепортаж о событииобщественная деятельностьНИУ ВШЭ в Санкт-Петербурге22 февраля, 2023 г.РепЛаб выпустил книгу «Обучение служением через проектно-прикладную деятельность. Методические рекомендации для университетов»Материал подготовлен Проектно-учебной лаборатории «Управления репутацией в образовании» и АНО «Агентство социальных инвестиций и инноваций» совместно в рамках проекта «Развитие интеллектуального волонтёрства социальной направленности и социального предпринимательства в вузах», реализуемого при поддержке Фонда президентских грантов.Экспертизадостиженияисследования и аналитикаэкспертизаобучение служением10 января, 2023 г.Сотрудничество проектно-учебной лаборатории «Управление репутацией в образовании» с благотворительным фондом «Точка Опоры» в рамках работы над социальным проектомС марта по начало июня 2022 года проектно-учебная лаборатория «Управление репутацией в образовании» при НИУ ВШЭ в Санкт-Петербурге совместно с благотворительным фондом «Точка Опоры» проводила социальный проект. В рамках проекта необходимо было составить план по маркетинговому продвижению организации с целью увеличения лояльной̆ аудитории.Экспертизадискуссииисследования и аналитика27 октября, 2022 г.Магдалена Гаете, руководитель Проектно-учебной лаборатории «Управление репутацией в образовании» НИУ ВШЭ в Санкт-Петербурге выступила на международном форуме «Алтай-Азия 2022».С 15 по 17 сентября 2022 года в Барнауле проходит V Международный образовательный форум «Алтай-Азия 2022: Евразийское образовательное пространство – новые вызовы и лучшие практики». Организаторами встречи выступили Алтайский государственный университет, Российский̆ университет дружбы народов совместно с Университетом Шанхайской организации сотрудничества и Ассоциацией Азиатских университетов.ОбществоУниверситет, открытый городустуденты21 сентября, 2022 г.Еще новости"]}