{"title": "Сервисы – Управление размещения студентов – Национальный исследовательский университет «Высшая школа экономики»", "description": "", "url": "https://www.hse.ru/sho/services_ru", "data": [{"level": "2", "text": "Student Housing Office", "response": []}, {"level": "1", "text": "Сервисы", "response": ["В настоящий момент УРС запустило дополнительный Сервис который поможет Вам при выборе места размещения на свободном рынке аренды жилья в переделах Москвы и Подмосковья", "Начиная c 1 июля 2022 года Вам доступна возможность использования бесплатных сервисов, предоставляемых Управлением размещения студентов:", "Как это работает", "Шаг", "1:", "Зайти в личный кабинет абитуриента / студента", "Шаг", "2:", "В разделе «Размещение» перейти на страницу предоставляемых сервисов", "Шаг", "3:", "Оставить заявку на использование сервисов", "Важно заметить, что сервис-менеджер университета не берет на себя переговоры с собственником об условиях найма или времени просмотра квартиры и не заключает акты осмотра квартиры. Услуга действует для жилья, которое находится в пределах МКАДа.", "Заявку на выезд риелтора на осмотр квартиры необходимо оставлять минимум за 3 рабочих дня.", "Если у вас возникли проблемы с бронированием, просьба написать нам на почту: sho@hse.ru", "Оставить заявку на использование сервисов"]}, {"level": "2", "text": "Как это работает", "response": []}], "links": ["https://smarthostel.hse.ru/"], "text": ["Сервисы", "В настоящий момент УРС запустило дополнительный Сервис который поможет Вам при выборе места размещения на свободном рынке аренды жилья в переделах Москвы и Подмосковья", "Начиная c 1 июля 2022 года Вам доступна возможность использования бесплатных сервисов, предоставляемых Управлением размещения студентов:", "Как это работает", "Шаг", "1:", "Зайти в личный кабинет абитуриента / студента", "Шаг", "2:", "В разделе «Размещение» перейти на страницу предоставляемых сервисов", "Шаг", "3:", "Оставить заявку на использование сервисов", "Важно заметить, что сервис-менеджер университета не берет на себя переговоры с собственником об условиях найма или времени просмотра квартиры и не заключает акты осмотра квартиры. Услуга действует для жилья, которое находится в пределах МКАДа.", "Заявку на выезд риелтора на осмотр квартиры необходимо оставлять минимум за 3 рабочих дня.", "Если у вас возникли проблемы с бронированием, просьба написать нам на почту: sho@hse.ru", "Оставить заявку на использование сервисов"]}