{"title": "Что в меню и есть ли очереди – Новости – Отдел мобильных приложений – Национальный исследовательский университет «Высшая школа экономики»", "description": "", "url": "https://www.hse.ru/web/mobile/news/879365022.html", "data": [{"level": "1", "text": "Что в меню и есть ли очереди", "response": []}], "links": ["https://www.hse.ru/aukr/projects2023/", "https://www.hse.ru/org/persons/642282852", "https://www.hse.ru/web/mobile/", "https://www.hse.ru/web/mobile/news/communication/", "https://www.hse.ru/web/mobile/news/tags/newhse/"], "text": ["Что в меню и есть ли очереди", "В приложении HSE App X появился раздел со столовыми и кафе", "© Высшая школа экономики", "Если вы еще не обновили приложение HSE App X, самое время сделать это, потому что в нем стало доступно актуальное меню столовых и кафе Вышки. Это результат взаимодействия Управления социальной сферы НИУ ВШЭ и команды разработки приложений Цифрового блока. А для столовой на Покровском бульваре, 11 добавлена экспериментальная опция – в режиме реального времени можно узнать, сколько там людей и длинные ли очереди.", "Начнем с этой экспериментальной опции. В любое время, пока столовая открыта, теперь можно узнать ее загруженность. Все предельно просто: индикатор загруженности показывает, что посетителей мало (например, утром или в вечерние часы), много (как бывает обычно в промежутке с 12:30 до 14:00 в рабочие дни), или же загруженность средняя.", "Чтобы сделать это, потребовалось настроить модель с элементами машинного обучения для обработки данных с камер внутреннего наблюдения. Значение показателя обновляется каждые несколько минут. В планах распространить этот сервис и на другие точки общественного питания Покровки и других зданий университета.", "Проект реализуется совместно Отделом мобильных приложений Цифрового блока и командой под эгидой Административного кадрового резерва. Узнать больше о проекте CampusCaféMonitor можно на сайте АКР.", "В перспективе приложение сообщит не только о текущей загруженности, но и даст прогноз на ближайшие часы. Для этого будет использована другая ML-модель. Она уже применяется в рекомендательных сервисах на портале Вышки, таких как Робот Гэри. Но для этого необходимо накопить больше данных.", "Если удобство этого сервиса еще предстоит оценить, то свежее меню столовых и кафе доступно уже сейчас. Информация обновляется по пунктам питания московского кампуса. Задача была реализована совместно с Управлением социальной сферы НИУ ВШЭ.", "Дата", "12 декабря, 2023 г.", "Рубрики", "Свободное общение", "Темы", "новое в ВШЭ", "В статье упомянуты", "Отдел мобильных приложений"]}