{"title": "Магистерская программа «Прикладная политология» — Национальный исследовательский университет «Высшая школа экономики»", "description": "", "url": "https://www.hse.ru/ma/ps/", "data": [{"level": "1", "text": "Прикладная политология", "response": ["Программа готовит высококвалифицированных специалистов, способных к самостоятельному определению исследовательских и прикладных задач, выработке собственного аналитического инструментария и его использованию в научно-исследовательской и аналитической работе, проектной и практической деятельности.Выпускники могут применить полученные знания в сферах политического и государственного управления, политической экспертизы, консультирования, PR, GR, СМИ.", "Задать вопрос о программе", "О программеО программеПартнерыДостижения студентовВыпускникиНаучно-исследовательский семинарАбитуриентамПаспорт программыБудущая профессияТраектории поступленияПодготовкаВыпускники о программе (видео)Часто задаваемые вопросыЗадать вопрос о программеСтудентамДоска объявленийПервокурсникамИтоговая аттестацияКаталог ВКРПрактическая подготовкаПроектыРейтингиПеревод и восстановление на программуВыбор траектории обученияСтуденческая мобильностьЗаказ справокДополнительные иностранные языкиОплата обученияКонтакты"]}, {"level": "2", "text": "Кого и зачем здесь учат", "response": ["Мы готовим профессиональных политологов, владеющих методами анализа данных и способных применять их для решения практических задач.", "Наши выпускники работают как в ведущих научно-исследовательских центрах, так и в российской политике.", "На программе реализуется  2 трека обучения: «Политический анализ» и «Политические технологии».", "Трек «Политический анализ» – это погружение в самые современные методы обработки и анализа данных, в первую очередь количественных. Здесь готовят исследователей, конкурентоспособных в мировой политической науке и на рынке высокотехнологичных продуктов для политической сферы. Акцент в учебных курсах делается на методы исследований, результаты которых могут быть опубликованы в высоко цитируемых журналах Scopus и WoS.", "Трек «Политические технологии» – это изучение путем learning-by-doing богатства мира политтехнологий. Здесь готовят будущих лоббистов, GR-консультантов, специалистов по оценке политических рисков, а также глав избирательных штабов, способных совмещать стратегию с тактикой, а «поле» со «штабом».", "Подробнее читайте в интервью академического руководителя программы Андрея Ахременко: «“Прикладная политология” — это магистратура, где теория и практика работают друг на друга»."]}, {"level": "2", "text": "Преимущества магистратуры", "response": ["Программа ориентирована на последние достижения мировой политической науки и практики и дает широкие возможности для профессионального роста:", "• Единственная в России магистерская программа по политическим наукам, где учат количественным методам анализа и компьютерного моделирования", "• Возможность учиться у лучших исследователей: преподаватели программы следят за новейшими достижениями в науке и сами активно публикуются в журналах, руководят крупными грантовыми проектами (участие студентов – приветствуется!), работают в политическом консалтинге.", "• Практика во время обучения – проекты с преподавателями-практиками: из in house и консалтинга в сфере GR;;", "• Зарубежные стажировки  с партнерскими университетами;", "• Возможность для студентов провести собственное полноценное исследование и опубликовать его результаты во влиятельных журналах;", "• Возможность поступить в лучшую в России Аспирантскую школу по политическим наукам (ее руководитель, О.Ю. Малинова ведет Научно-исследовательский семинар на нашей программе).", "• Магистратура в Москве —  комфортные условия для реализации потенциала студентов – доступ к инфраструктуре НИУ ВШЭ: самая лучшая в России электронная библиотека с удаленным доступом, все новейшее программное обеспечение в компьютерных классах."]}, {"level": "2", "text": "Во время обучения", "response": ["Для студентов, приходящих на обучение из других специальностей и профилей, в рамках магистерской программы работают адаптационные курсы: общий курс по политической науке, основы статистического анализа, начальный курс по программированию в Python.", "На каждом из образовательных треков предусмотрен свой набор взаимосвязанных дисциплин. Цикл общих предметов осваивается студентами обоих направлений.", "Общие дисциплины:", "• Современная политическая наука;", "• Methods of Political Research;", "• Институты и практики российской политики", "• Научно-исследовательские и проектные семинары", "«Политический анализ»:", "• Big Data в политических исследованиях;", "• Вычислительное моделирование в политической науке;", "• Байесовский анализ данных;", "• Методы машинного обучения", "• Анализ неоднородных данных и паттерн-анализ", "• Сетевой анализ", "«Политические технологии»:", "• Взаимодействие с органами государственной власти: GR-менеджмент", "• Политическое письмо", "• Российские политические процессы на субнациональном уровне", "• Политический менеджмент", "• Правительство и государственная политика в эпоху цифровых технологий", "Во время обучения студенты проводят исследования и публикуют статьи в научных журналах, принимают участие в конкурсах и выступают на конференциях."]}, {"level": "2", "text": "Перспективы после обучения", "response": ["На программе готовят специалистов, которые могут реализоваться в дальнейшем по нескольким траекториям:", "Академическая карьера", "Выпускники образовательного трека «Политический анализ» способны участвовать в международных научных проектах, публиковаться в ведущих исследовательских журналах, быть руководителями и участниками крупных грантов, быть достаточно конкурентоспособными, чтобы работать в ведущих университетах.", "Консалтинговая и экспертная деятельность в сферах политического и государственного управления, политической экспертизы, консультирования, PR, GR, СМИ.", "Выпускники, обучавшиеся по треку «Политические технологии», работают в таких организациях, как:", "• Государственная Дума и Совет Федерации ФС РФ;", "• Федеральное агентство по делам молодежи;", "• Правительство Москвы;", "• Евразийская экономическая комиссия.", "• GR-агентство «Кесарев-консалтинг»;", "• Центр политических технологий;", "• Комитет гражданских инициатив;", "• и GR-подразделения компаний лидеров рынка."]}, {"level": "2", "text": "Что нужно знать для поступления", "response": ["Магистерская программа «Прикладная политология» ведёт набор на бюджетные места, на места с оплатой стоимости обучения на договорной основе, на места  с оплатой стоимости обучения на договорной основе для иностранцев и  на места для иностранных граждан в рамках межгосударственных соглашений.", "• Прием на обучение осуществляется по результатам конкурса портфолио.", "• Максимальный балл получают победители и призеры Олимпиады для студентов и выпускников, проводимой Высшей школой экономики и победители конкурса научно-исследовательских работ.", "• На программу могут поступать выпускники любых вузов с дипломами о получении высшего образования по любым  специальностям (диплом специалиста) или направлениям подготовки (диплом бакалавра или магистра).", "Программа проводит конкурс \"Раннее приглашение к поступлению\"", "Подробности, сроки подачи документов, сроки проведения вступительных испытаний см. на сайте Приемной комиссии."]}, {"level": "2", "text": "Новости", "response": ["Запуск Студенческой оценки преподавания в 3 модуле 2023-244 марта запущена волна студенческой оценки преподавания по 3 модулю 2023-2024 учебного годаУниверситетская жизньстудентыисследования и аналитикаприглашение к участиюбакалавриатмагистратураСтуденческая оценка преподавания5 мартаПоздравляем победителей и лауреатов Конкурса НИРС-20235 февраля состоялась церемония награждения победителей и лауреатов Конкурса научно-исследовательских работ студентов (НИРС) — 2023. Конкурс, на который поступило 1730 работ учащихся вузов со всей России, был проведен по 25 направлениям. В номинации «Лучшая научно-исследовательская работа по политологии для студентов магистратуры и выпускников 2023 года» по направлению Политология, призовые места заняли студенты программы «Прикладная политология».Наукадостижениястудентырепортаж о событиимагистратура5 февраляСтуденты факультета социальных наук побывали с экскурсией в Московской городской думеС 14 по 21 декабря студенты программ бакалавриата и магистратуры направления “Политология” и “Государственное и муниципальное управление” приняли участие в экскурсии в Московскую городскую думу.Свободное общениене учебастудентырепортаж о событиибакалавриатмагистратураОтдел по работе со студентами и выпускниками25 декабря, 2023 г.«Политические вызовы и политический диалог в условиях глобальной турбулентности»Второго декабря студентка магистерской программы «Прикладная политология» Кечик Ульяна выступила с докладом на Ежегодной конференции РАПН «Политические вызовы и политический диалог в условиях глобальной турбулентности».НаукаРабочая группа \"Цена стабильности: как расходы на оборону связаны с устойчивостью государств?\"Проектные группы факультета социальных наук14 декабря, 2023 г.", "Еще новости"]}, {"level": "2", "text": "Другие магистерские программы", "response": ["Политика. Экономика. Философия / Politics. Economics. Philosophy2 годаОчная форма обучения20/5/320 бюджетных мест30 государственных стипендий Правительства РФ для иностранцев5 платных мест3 платных места для иностранцевENGОбучение ведётся полностью на английском языкеСовременные социальные науки в преподавании обществознания в школе2,5 годаОчно-заочная форма обучения8/58 бюджетных мест5 платных местRUSОбучение ведётся полностью на русском языке"]}], "links": ["http://aspirantura.hse.ru/ps/", "https://ma.hse.ru/", "https://ma.hse.ru/earlyinvitation", "https://olymp.hse.ru/ma/", "https://social.hse.ru/pg/news/879807644.html", "https://social.hse.ru/sao/news/888178213.html", "https://www.hse.ru/evaluation/news/902406644.html", "https://www.hse.ru/ma/mps/", "https://www.hse.ru/ma/pep/", "https://www.hse.ru/ma/ps/alumni-selfie", "https://www.hse.ru/ma/ps/certification", "https://www.hse.ru/ma/ps/certification/", "https://www.hse.ru/ma/ps/news/216847184.html", "https://www.hse.ru/ma/ps/news/898872112.html", "https://www.hse.ru/ma/ps/news/communication/", "https://www.hse.ru/ma/ps/news/keywords/866922239/", "https://www.hse.ru/ma/ps/news/life/", "https://www.hse.ru/ma/ps/news/ou/148487093/", "https://www.hse.ru/ma/ps/news/ou/405126231/", "https://www.hse.ru/ma/ps/news/ou/746829650/", "https://www.hse.ru/ma/ps/news/page2.html", "https://www.hse.ru/ma/ps/news/science/", "https://www.hse.ru/ma/ps/news/tags/achievements/", "https://www.hse.ru/ma/ps/news/tags/bprep/", "https://www.hse.ru/ma/ps/news/tags/erep/", "https://www.hse.ru/ma/ps/news/tags/extra/", "https://www.hse.ru/ma/ps/news/tags/inv/", "https://www.hse.ru/ma/ps/news/tags/mag/", "https://www.hse.ru/ma/ps/news/tags/resanl/", "https://www.hse.ru/ma/ps/news/tags/stud/", "https://www.hse.ru/ma/ps/seminar", "https://www.hse.ru/org/persons/34164950"], "text": ["Важные объявления01.02.2024Конкурс «Раннее приглашение к поступлению» в 2024 годуДля тех, кто планирует поступление в магистратуру НИУ ВШЭ", "2 года", "Очная форма обучения", "25/5/1", "25 бюджетных мест2 государственные стипендии Правительства РФ для иностранцев5 платных мест1 платное место для иностранцев", "RUS+ENG", "Обучение ведется на русском и частично на английском языке", "Государственная аккредитацияМеждународная аккредитацияНезависимая оценка качества образования", "Кого и зачем здесь учат", "Мы готовим профессиональных политологов, владеющих методами анализа данных и способных применять их для решения практических задач.", "Наши выпускники работают как в ведущих научно-исследовательских центрах, так и в российской политике.", "На программе реализуется  2 трека обучения: «Политический анализ» и «Политические технологии».", "Трек «Политический анализ» – это погружение в самые современные методы обработки и анализа данных, в первую очередь количественных. Здесь готовят исследователей, конкурентоспособных в мировой политической науке и на рынке высокотехнологичных продуктов для политической сферы. Акцент в учебных курсах делается на методы исследований, результаты которых могут быть опубликованы в высоко цитируемых журналах Scopus и WoS.", "Трек «Политические технологии» – это изучение путем learning-by-doing богатства мира политтехнологий. Здесь готовят будущих лоббистов, GR-консультантов, специалистов по оценке политических рисков, а также глав избирательных штабов, способных совмещать стратегию с тактикой, а «поле» со «штабом».", "Подробнее читайте в интервью академического руководителя программы Андрея Ахременко: «“Прикладная политология” — это магистратура, где теория и практика работают друг на друга».", "Преимущества магистратуры", "Программа ориентирована на последние достижения мировой политической науки и практики и дает широкие возможности для профессионального роста:", "• Единственная в России магистерская программа по политическим наукам, где учат количественным методам анализа и компьютерного моделирования", "• Возможность учиться у лучших исследователей: преподаватели программы следят за новейшими достижениями в науке и сами активно публикуются в журналах, руководят крупными грантовыми проектами (участие студентов – приветствуется!), работают в политическом консалтинге.", "• Практика во время обучения – проекты с преподавателями-практиками: из in house и консалтинга в сфере GR;;", "• Зарубежные стажировки  с партнерскими университетами;", "• Возможность для студентов провести собственное полноценное исследование и опубликовать его результаты во влиятельных журналах;", "• Возможность поступить в лучшую в России Аспирантскую школу по политическим наукам (ее руководитель, О.Ю. Малинова ведет Научно-исследовательский семинар на нашей программе).", "• Магистратура в Москве —  комфортные условия для реализации потенциала студентов – доступ к инфраструктуре НИУ ВШЭ: самая лучшая в России электронная библиотека с удаленным доступом, все новейшее программное обеспечение в компьютерных классах.", "Во время обучения", "Для студентов, приходящих на обучение из других специальностей и профилей, в рамках магистерской программы работают адаптационные курсы: общий курс по политической науке, основы статистического анализа, начальный курс по программированию в Python.", "На каждом из образовательных треков предусмотрен свой набор взаимосвязанных дисциплин. Цикл общих предметов осваивается студентами обоих направлений.", "Общие дисциплины:", "• Современная политическая наука;", "• Methods of Political Research;", "• Институты и практики российской политики", "• Научно-исследовательские и проектные семинары", "«Политический анализ»:", "• Big Data в политических исследованиях;", "• Вычислительное моделирование в политической науке;", "• Байесовский анализ данных;", "• Методы машинного обучения", "• Анализ неоднородных данных и паттерн-анализ", "• Сетевой анализ", "«Политические технологии»:", "• Взаимодействие с органами государственной власти: GR-менеджмент", "• Политическое письмо", "• Российские политические процессы на субнациональном уровне", "• Политический менеджмент", "• Правительство и государственная политика в эпоху цифровых технологий", "Во время обучения студенты проводят исследования и публикуют статьи в научных журналах, принимают участие в конкурсах и выступают на конференциях.", "Перспективы после обучения", "На программе готовят специалистов, которые могут реализоваться в дальнейшем по нескольким траекториям:", "Академическая карьера", "Выпускники образовательного трека «Политический анализ» способны участвовать в международных научных проектах, публиковаться в ведущих исследовательских журналах, быть руководителями и участниками крупных грантов, быть достаточно конкурентоспособными, чтобы работать в ведущих университетах.", "Консалтинговая и экспертная деятельность в сферах политического и государственного управления, политической экспертизы, консультирования, PR, GR, СМИ.", "Выпускники, обучавшиеся по треку «Политические технологии», работают в таких организациях, как:", "• Государственная Дума и Совет Федерации ФС РФ;", "• Федеральное агентство по делам молодежи;", "• Правительство Москвы;", "• Евразийская экономическая комиссия.", "• GR-агентство «Кесарев-консалтинг»;", "• Центр политических технологий;", "• Комитет гражданских инициатив;", "• и GR-подразделения компаний лидеров рынка.", "Что нужно знать для поступления", "Магистерская программа «Прикладная политология» ведёт набор на бюджетные места, на места с оплатой стоимости обучения на договорной основе, на места  с оплатой стоимости обучения на договорной основе для иностранцев и  на места для иностранных граждан в рамках межгосударственных соглашений.", "• Прием на обучение осуществляется по результатам конкурса портфолио.", "• Максимальный балл получают победители и призеры Олимпиады для студентов и выпускников, проводимой Высшей школой экономики и победители конкурса научно-исследовательских работ.", "• На программу могут поступать выпускники любых вузов с дипломами о получении высшего образования по любым  специальностям (диплом специалиста) или направлениям подготовки (диплом бакалавра или магистра).", "Программа проводит конкурс \"Раннее приглашение к поступлению\"", "Подробности, сроки подачи документов, сроки проведения вступительных испытаний см. на сайте Приемной комиссии.", "НовостиЗапуск Студенческой оценки преподавания в 3 модуле 2023-244 марта запущена волна студенческой оценки преподавания по 3 модулю 2023-2024 учебного годаУниверситетская жизньстудентыисследования и аналитикаприглашение к участиюбакалавриатмагистратураСтуденческая оценка преподавания5 мартаПоздравляем победителей и лауреатов Конкурса НИРС-20235 февраля состоялась церемония награждения победителей и лауреатов Конкурса научно-исследовательских работ студентов (НИРС) — 2023. Конкурс, на который поступило 1730 работ учащихся вузов со всей России, был проведен по 25 направлениям. В номинации «Лучшая научно-исследовательская работа по политологии для студентов магистратуры и выпускников 2023 года» по направлению Политология, призовые места заняли студенты программы «Прикладная политология».Наукадостижениястудентырепортаж о событиимагистратура5 февраляСтуденты факультета социальных наук побывали с экскурсией в Московской городской думеС 14 по 21 декабря студенты программ бакалавриата и магистратуры направления “Политология” и “Государственное и муниципальное управление” приняли участие в экскурсии в Московскую городскую думу.Свободное общениене учебастудентырепортаж о событиибакалавриатмагистратураОтдел по работе со студентами и выпускниками25 декабря, 2023 г.«Политические вызовы и политический диалог в условиях глобальной турбулентности»Второго декабря студентка магистерской программы «Прикладная политология» Кечик Ульяна выступила с докладом на Ежегодной конференции РАПН «Политические вызовы и политический диалог в условиях глобальной турбулентности».НаукаРабочая группа \"Цена стабильности: как расходы на оборону связаны с устойчивостью государств?\"Проектные группы факультета социальных наук14 декабря, 2023 г.Еще новости", "Другие магистерские программыПолитика. Экономика. Философия / Politics. Economics. Philosophy2 годаОчная форма обучения20/5/320 бюджетных мест30 государственных стипендий Правительства РФ для иностранцев5 платных мест3 платных места для иностранцевENGОбучение ведётся полностью на английском языкеСовременные социальные науки в преподавании обществознания в школе2,5 годаОчно-заочная форма обучения8/58 бюджетных мест5 платных местRUSОбучение ведётся полностью на русском языке"]}