{"title": "Сотрудники - Борзых Дмитрий Александрович — Национальный исследовательский университет «Высшая школа экономики»", "description": "", "url": "https://www.hse.ru/org/persons/10299881", "data": [{"level": "2", "text": "", "response": []}, {"level": "1", "text": "Борзых Дмитрий Александрович", "response": ["Домашняя страницаПреподаваниеПубликации и исследованияОпыт работыДля студентовВ новостях", "Образование, учёные степени2022Кандидат физико-математических наук: Национальный исследовательский университет «Высшая школа экономики»2006Магистратура: Государственный университет – Высшая школа экономики, факультет: Экономики, специальность «Экономика», квалификация «Магистр»2006Магистратура: Высшая школа экономики, факультет: Экономики, специальность «Математические методы анализа экономики»2004Бакалавриат: Национальный исследовательский университет «Высшая школа экономики», специальность «Экономика», квалификация «Бакалавр»", "Дополнительное образование / Повышение квалификации / Стажировки", "«Правила организации учебного процесса преподавателями НИУ ВШЭ» (код: 70007), январь 2019", "«Введение в стохастические дифференциальные уравнения Ито», сентябрь 2014", "Профессиональные интересыфинансовая эконометрикафункциональный анализтеория вероятностейстохастический анализслучайные процессымодель стохастической волатильностиструктурные сдвиги в моделях временных рядов", "Достижения и поощренияБлагодарность Высшей школы экономики (декабрь 2022)Благодарность факультета экономических наук НИУ ВШЭ (январь 2022)Благодарность Департамента прикладной экономики НИУ ВШЭ (февраль 2019)Лучший преподаватель – 2023, 2022, 2021, 2020, 2019, 2018, 2017, 2016, 2014", "Группа высокого профессионального потенциала (кадровый резерв НИУ ВШЭ)Категория \"Новые преподаватели\" (2008)", "Учебные курсы (2023/2024 уч. год)Probability Theory and Mathematical Statistics (Магистратура; где читается: Факультет экономических наук; 1-й курс, 1, 2 модуль)АнгТеория вероятностей и математическая статистика 1 (Бакалавриат; где читается: Факультет экономических наук; 2-й курс, 1, 2 модуль)РусТеория вероятностей и математическая статистика 1 (углубленный курс) (Бакалавриат; где читается: Факультет экономических наук; направление \"01.03.02. Прикладная математика и информатика\", направление \"38.03.01. Экономика\"; 2-й курс, 1, 2 модуль)РусТеория вероятностей и математическая статистика 2 (Бакалавриат; где читается: Факультет экономических наук; 2-й курс, 3, 4 модуль)РусТеория вероятностей и математическая статистика 2 (углубленный курс) (Бакалавриат; где читается: Факультет экономических наук; направление \"01.03.02. Прикладная математика и информатика\", направление \"38.03.01. Экономика\"; 2-й курс, 3, 4 модуль)РусЭконометрика (продвинутый уровень) (Магистратура; где читается: Факультет экономических наук; 1-й курс, 1-4 модуль)РусЭлементы стохастического анализа (Маго-лего; 3, 4 модуль)РусЭлементы стохастического анализа (Магистратура; где читается: Факультет экономических наук; 1-й курс, 3, 4 модуль)РусАрхив учебных курсов", "Учебные курсы (2022/2023 уч. год)Прикладные методы математической статистики (Бакалавриат; где читается: Факультет компьютерных наук; 2-й курс, 3, 4 модуль)РусProbability Theory and Mathematical Statistics (Магистратура; где читается: Факультет экономических наук; 1-й курс, 1, 2 модуль)АнгЭконометрика (продвинутый уровень) (Магистратура; где читается: Факультет экономических наук; 1-й курс, 1-4 модуль)РусЭконометрика (продвинутый уровень) (Магистратура; где читается: Факультет экономических наук; направление \"38.04.08. Финансы и кредит\", направление \"38.04.08. Финансы и кредит\"; 1-й курс, 1, 2 модуль)Рус", "Учебные курсы (2021/2022 уч. год)Прикладные методы математической статистики (Бакалавриат; где читается: Факультет компьютерных наук; 2-й курс, 3, 4 модуль)РусProbability Theory and Mathematical Statistics (Магистратура; где читается: Факультет экономических наук; 1-й курс, 1, 2 модуль)АнгТеория вероятностей и статистика (Бакалавриат; где читается: Факультет экономических наук; 2-й курс, 1-4 модуль)РусЭконометрика (продвинутый уровень) (Магистратура; где читается: Факультет экономических наук; 1-й курс, 1-4 модуль)РусЭконометрика (продвинутый уровень) (Магистратура; где читается: Факультет экономических наук; 1-й курс, 1, 2 модуль)Рус", "Учебные курсы (2020/2021 уч. год)Probability Theory and Mathematical Statistics (Магистратура; где читается: Факультет экономических наук; 1-й курс, 1, 2 модуль)АнгТеория вероятностей и статистика (Бакалавриат; где читается: Факультет экономических наук; 2-й курс, 1-4 модуль)РусЭконометрика (продвинутый уровень) (Магистратура; где читается: Факультет экономических наук; 1-й курс, 1, 2 модуль)РусЭконометрика (продвинутый уровень) (Магистратура; где читается: Факультет экономических наук; направление \"38.04.08. Финансы и кредит\", направление \"38.04.01. Экономика\"; 1-й курс, 1-4 модуль)Рус", "Учебные курсы (2019/2020 уч. год)Probability Theory and Mathematical Statistics (Магистратура; где читается: Факультет экономических наук; 1-й курс, 1, 2 модуль)АнгТеория вероятностей и статистика (Бакалавриат; где читается: Факультет экономических наук; 2-й курс, 1-4 модуль)РусЭконометрика (продвинутый уровень) (Магистратура; где читается: Факультет экономических наук; направление \"38.04.01. Экономика\", направление \"38.04.08. Финансы и кредит\"; 1-й курс, 1-4 модуль)РусЭконометрика (продвинутый уровень) (Магистратура; где читается: Факультет экономических наук; 1-й курс, 1, 2 модуль)Рус", "Темы КР и ВКР:1. Методы обнаружения структурных сдвигов в моделях временных рядов2. Моделирование волатильности финансовых инструментов с учетом структурных сдвигов", "Конференции2023III Конференция Математических центров России (Майкоп). Доклад: Совместные распределения обобщенных интегрируемых возрастающих процессов и их обобщенных компенсаторов20213-й семинар \"Прикладная эконометрика\" в рамках XXII Апрельская международная научная конференция НИУ ВШЭ по проблемам развития экономики и общества (Москва). Доклад: Structural break detection in GARCH(1, 1) models in case of t-distributed random errors (continued)LSA Autumn Meeting 2021 (Москва). Доклад: On the denseness of the subset of discrete distributions in a certain set of two-dimensional distributionsНаучный семинар ЦЭМИ \"Вероятностные проблемы управления и стохастические модели в экономике, финансах и страховании\" (Москва). Доклад: Совместные распределения возрастающих процессов и их компенсаторов2020Онлайн научная конференция \"Осенний коллоквиум ЛСА 2020\" (Москва). Доклад: Locally integrable increasing processes with continuous compensators5th International Conference on Stoсhastic Methods 2020 (Москва). Доклад: Locally integrable increasing processes with continuous compensators  LSA Autumn Meeting 2020 (Москва). Доклад: Locally integrable increasing processes with continuous compensators2019Семинар «Прикладная эконометрика» в рамках XX Апрельской международной научной конференции по проблемам развития экономики и общества (Москва). Доклад: Новый способ обнаружения единичного структурного сдвига в GARCH(1,1)-модели, основанный на статистике Колмогорова–Смирнова6th International Conference on Modern Econometric Tools and Applications (Nizhny Novgorod). Доклад: Structural break detection in GARCH(1,1) models in case of t-distributed random errorsModern Econometric Tools and Applications – META2019 (Нижний Новгород). Доклад: Structurl Break Detection in GARCH(1, 1) Models in Case of t-distributed Random Errors2018XI-я Международная научная конференция «Применение многомерного статистического анализа в экономике и оценке качества» (Москва). Доклад: Численное сравнение двух CUSUM-алгоритмов обнаружения структурных сдвигов в EGARCH-моделяхIX International Conference Optimization and Applications (OPTIMA-2018) (Петровац). Доклад: A numerical comparison of CUSUM-type tests for piecewise-specified EGARCH-models2017Семинар научно-учебной лаборатории макроструктурного моделирования экономики России (Москва). Доклад: О способе построения динамически сопоставимых композитных индексов XVIII Апрельская международная научная конференция по проблемам развития экономики и общества (Москва). Доклад: Построение динамически сопоставимых композитных индексов 8-я Международная научно-практическая конференция студентов и аспирантов «Статистические методы анализа экономики и общества» (Москва). Доклад: Новый способ обнаружения структурных сдвигов в GARCH-моделях  International conference 'Statistics meets Stochastics 2' (Москва). Доклад: Integrated quantile functions: properties and applications  Всероссийская научная конференция с международным участием \"Моделирование коэволюции природы и общества: проблемы и опыт. К 100-летию со дня рождения академика Н.Н. Моисеева\" (Москва). Доклад: Способ обнаружения структурных сдвигов в GARCH-моделях, основанный на скользящей статистике отношения правдоподобия 2016XVII Всероссийский симпозиум по прикладной и промышленной математике (Кисловодск). Доклад: Формула Тейлора для операторов и метод интегрирования по частям", "Диссертация на соискание ученой степени кандидата наук2022Борзых Д. А. Совместные распределения обобщенных интегрируемых возрастающих процессов и их обобщенных компенсаторов", "Публикации38Статья Борзых Д. А. Совместные распределения обобщенных интегрируемых возрастающих процессов и их обобщенных компенсаторов // Теория вероятностей и ее применения. 2024. Т. 69. № 1. С. 3-32. doiКнига Борзых Д. А., Вакуленко Е. С., Фурманов К. К. Эконометрика: работа с данными на компьютере. Практикум: Элементы теории. Практические задания. Ответы и решения / Издание стереотипное. М. : Издательская группа URSS, 2024.Статья D. A. Borzykh, A. A. Yazykov. Structural Break Detection in Autoregressional Conditional Heteroskedasticity Model: Case of Student’s Distribution / Пер. с рус. // Mathematical Models and Computer Simulations. 2023. Vol. 15. No. 4. P. 654-659. doiСтатья Борзых Д. А., Языков А. А. Метод обнаружения структурного сдвига в модели авторегрессионной условной гетероскедастичности: случай распределения Стьюдента // Математическое моделирование. 2023. Т. 35. № 1. С. 51-58. doiСтатья Borzykh D., Gushchin A. A. On the denseness of the subset of discrete distributions in a certain set of two-dimensional distributions // Modern Stochastics: Theory and Applications. 2022. Vol. 9. No. 3. P. 265-277. doiСтатья Borzykh D., Penikas H. I. IRB PD Model Accuracy Validation in the Presence of Default Correlation: a Twin Confidence Interval Approach // Risk Management. 2021. Vol. 23. No. 4. P. 282-300. doiКнига Борзых Д. А. Математическая статистика в задачах. ЛЕНАНД, 2021.Книга Борзых Д. А. Теория вероятностей в задачах. ЛЕНАНД, 2021.Книга Борзых Д. А., Вакуленко Е. С., Фурманов К. К. Эконометрика: работа с данными на компьютере. Практикум: Элементы теории. Практические задания. Ответы и решения. Издательская группа URSS, 2021.Книга Борзых Д. А. Экспресс-курс по теории вероятностей для начинающего эконометриста. ЛЕНАНД, 2021.Книга Борзых Д. А. Элементарное введение в ФУНКЦИОНАЛЬНЫЙ АНАЛИЗ: Теория, примеры и задачи с решениями. Более 200 подробно разобранных примеров и задач. ЛЕНАНД, 2021.Глава книги Borzykh D. Locally integrable increasing processes with continuous compensators, in: Сборник материалов V-й Международной конференции по стохастическим методам: The 5th International Conference on Stochastic Methods (ICSM5). 23-27 November 2020, Russia, Moscow.. M. : RUDN, 2020. P. 43-47.Глава книги Борзых Д. А., Пеникас Г. И. Валидация точности моделей бинарного выбора в случае коррелированных исходов в приложении к задачам оценки кредитного риска // В кн.: Труды X-й Международной школы-семинара «Многомерный статистический анализ, эконометрика и моделирование реальных процессов» имени С.А. Айвазяна Ч. 1. М. : ЦЭМИ РАН, 2020. С. 35-36.Статья Борзых Д. А., Языков А. А. О практической применимости трех CUSUM-методов к обнаружению структурных сдвигов в EGARCH-моделях // Вестник Санкт-Петербургского университета. Серия 10. Прикладная математика. Информатика. Процессы управления. 2020. Т. 16. № 1. С. 19-30. doiКнига Борзых Д. А. Теория вероятностей и математическая статистика в задачах: Более 360 задач и упражнений. М. : Издательская группа URSS, 2020.Статья Борзых Д. А., Языков А. А. KS-метод обнаружения структурного сдвига в GARCH(1,1) моделях // Прикладная эконометрика. 2019. Т. 54. С. 90-104. doiСтатья Borzykh D. On a property of joint terminal distributions of locally integrable increasing processes and their compensators // Theory of Stochastic Processes. 2018. Vol. 23. No. 39 (2). P. 7-20.Статья Борзых Д. А., Хасыков М. А. Процедура уточнения ICSS алгоритма обнаружения структурных сдвигов в GARCH-моделях // Прикладная эконометрика. 2018. Т. 51. С. 126-139.Книга Борзых Д. А. Эконометрика в задачах: Базовый курс. С примерами в среде MATLAB. М. : Издательская группа URSS, 2018.Статья Borzykh D., Gushchin A. A. Integrated quantile functions: properties and applications // Modern Stochastics: Theory and Applications. 2017. Vol. 4. No. 4. P. 285-314. doiСтатья Борзых Д. А., Хасыков М. А., Языков А. А. Новый способ обнаружения структурных сдвигов в GARCH-моделях // Вестник Воронежского государственного университета. Серия: Экономика и управление. 2017. № 2. С. 97-105.Статья Борзых Д. А., Хасыков М. А., Языков А. А. Численное сравнение V-MLR и CUSUM методов обнаружения структурных сдвигов для кусочно-заданных GARCH-моделей // Труды Московского физико-технического института. 2017. Т. 9. № 3. С. 115-121.Книга Борзых Д. А., Демешев Б. Б. Эконометрика в задачах и упражнениях. Издание 2. М. : Издательская группа URSS, 2017.Статья Борзых О. А., Борзых Д. А. Анализ согласованности временной структуры активов и пассивов крупных российских коммерческих банков // Учет и статистика. 2016. Т. 41. № 1. С. 44-52.Статья Борзых (Зюзина) О. А., Борзых Д. А. Анализ согласованности временной структуры активов и пассивов крупных российских коммерческих банков // Учет и статистика. 2016. Т. 41. № 1. С. 44-52.Статья Борзых Д. А. Количественный анализ динамики уровня здоровья населения РФ // Вестник НГУЭУ. 2016. № 1. С. 133-143.Препринт Борзых Д. А. О методе канонических корреляций / Высшая школа экономики. Серия WP2 \"Количественный анализ в экономике\". 2016. № 01.Статья Борзых Д. А., Фурманов К. К., Чернышева И. К. О способе построения динамически сопоставимых композитных индексов // Вестник НГУЭУ. 2016. № 4. С. 67-83.Статья Борзых Д. А. Об одном классе функционалов, непрерывных в топологии Скорохода // Вестник Воронежского государственного университета. Серия: Физика. Математика. 2016. № 4. С. 83-88.Книга Борзых Д. А. Теория вероятностей и математическая статистика в задачах. М. : ЛЕНАНД, 2016.Статья Борзых Д. А. Формула Тейлора в нормированных пространствах и метод интегрирования по частям // Математика в высшем образовании. 2016. № 14. С. 17-24.Статья Борзых Д. А. Формула Тейлора для операторов и метод интегрирования по частям // Обозрение прикладной и промышленной математики. 2016. Т. 23. № 1. С. 1-2.Книга Борзых Д. А. Элементарное введение в функциональный анализ: теория, примеры и задачи с решениями. М. : ЛЕНАНД, 2016.Статья Борзых Д. А. Динамическое рейтингование здоровья населения регионов РФ по данным Росстат за 2005–2012 гг. // Учет и статистика. 2015. Т. 39. № 3. С. 84-96.Книга Борзых Д. А., Демешев Б. Б. Эконометрика в задачах и упражнениях. М. : Издательская группа URSS, 2014.Глава книги Борзых Д. А. Численное сравнение метода максимального квазиправдоподобия и симуляционного метода моментов для модели со стохастической волатильностью // В кн.: Сборник статей аспирантов — 2012 [Электронный ресурс] / Нац.исслед. ун-т «Высшая школа экономики», ф-т экономики / Науч. ред.: К. А. Букин. М. : Издательский дом НИУ ВШЭ, 2013. С. 4-18.Статья Борзых Д. А., Шоломицкий А. Г. Модель жизненного цикла с «близоруким» принятием решений // Экономический журнал Высшей школы экономики. 2011. Т. 15. № 3. С. 383-398.Статья Шоломицкий А. Г., Борзых Д. А. Модель жизненного цикла с “близоруким” принятием решений 2011. № 15 (3). С. 383-398.", "Опыт работы", "2006--2008         Факультет экономики НИУ ВШЭ, кафедра математической экономики и эконометрики, преподаватель", "2008--2009         Инвестиционный Банк \"ТРАСТ\", департамент макроэкономики и количественного анализа, аналитик", "2009--2013         Факультет экономики НИУ ВШЭ, кафедра математической экономики и эконометрики, преподаватель", "2013--2014         Факультет экономики НИУ ВШЭ, кафедра математической экономики и эконометрики, старший преподаватель", "2014--2015         Факультет экономики НИУ ВШЭ, департамент прикладной экономики, старший                                  преподаватель", "2015--2023         Факультет экономических наук НИУ ВШЭ, департамент прикладной экономики, старший преподаватель", "2023--н. в.           Факультет экономических наук НИУ ВШЭ, департамент прикладной экономики, доцент", "2020--н. в.           НИУ ВШЭ, Международная лаборатория стохастического анализа и его приложений, научный сотрудник", "2020--2022         МФТИ, кафедра математического моделирования сложных процессов и систем, старший преподаватель", "Информация*Общий стаж: 17 летНаучно-педагогический стаж: 16 летПреподавательский стаж: 14 лет", "Данные выводятся в соответствии с требованиями приказа  N 831 от 14 августа 2020 г.  Федеральной службы по надзору в сфере образования и науки", "Зарегистрирован в RePEchttp://ideas.repec.org/f/pbo676.html", "Консультации для студентовКонсультации для студентов проводятся по вторникам с 14:40 до 16:00 и с 16:20 до 17:40.", "Они проходят в онлайн формате в zoom по ссылке: https://zoom.us/j/8326076132?pwd=ZU1hbTdNNkJDdFdLaVFJMEpIV25QUT09Консультации проводятся исключительно по предварительной договоренности с преподавателем по почте borzykh.dmitriy@gmail.com", "Видеозаписи лекций", "Видеозапись лекций по курсу «Стохастический анализ» в 2013--2014 учебном году для студентов 2 курса факультета экономических наук. Ссылка в youtube: https://www.youtube.com/playlist?list=PL1poMUvVlAqeZOvhE75ViZPKnCTmWLRxf", "Данные к пособию Борзых Д.А., Вакуленко Е.С., Фурманов К.К.  Эконометрика: работа с данными на компьютере. Практикум: Элементы теории. Практические задания. Ответы и решения. URSS. 2021. 224 с.dataset.rar (RAR, 389 Кб)", "Список опечаток в книге Борзых Д. А. Эконометрика в задачах: Базовый курс. С примерами в среде MATLAB. М. : Издательская группа URSS, 2018.Errata_2.0 (PDF, 11,65 Мб)", "Расписание занятий на сегодняПоказать архивное расписаниеРасписание занятий  по физической культуре в спортивных секцияхПолное расписание", "12сен2023Faculty of Economic Sciences Holds Math BootCamps for Those Starting Bachelor’s and Master’s DegreesMore than 200 future bachelor’s and master’s students from around the world spent the last two weeks of summer improving their mathematical knowledge and honing their problem-solving skills. The free online classes have been held for the fourth year in a row. They allow first-year students not only to succeed in their studies, research, and project activities at HSE University’s Faculty of Economic Sciences (FES), but also to quickly integrate into the international community of students, graduates, and teachers.4сен2023ФЭН ВШЭ провел математические лагеря для поступивших на 1-й курс бакалавриата и магистратурыПоследние две недели лета более 200 будущих бакалавров и магистров из разных стран мира провели за совершенствованием математических знаний и оттачиванием навыков решения задач. Бесплатные онлайн-занятия проходят четвертый год подряд. Они позволяют первокурсникам не только преуспеть в учебе, научной и проектной деятельности факультета экономических наук Вышки, но и быстрее интегрироваться в международное комьюнити студентов, выпускников и преподавателей.17авг2022«Боги терпения» вышли в онлайнПоследние две недели лета абитуриенты факультета экономических наук проведут за совершенствованием своих математических знаний и навыков решения задач. Более 200 иностранных и российских абитуриентов приступили к занятиям школьной математикой (для бакалавров) и высшей математикой, теорией вероятностей и мат.статистикой (для магистров) онлайн. Такие занятия позволят первокурсникам активизировать учебные достижения, заложить базу для вовлечения в научную и проектную деятельность ФЭН, улучшить взаимодействие российских и иностранных студентов24июл2018Как выбрать магистерскую программу. Личный опытСтудентка теперь уже 2 курса магистратуры «Финансовый инжиниринг» Алена Поданева очень придирчиво выбирала магистерскую программу. Какими критериями она руководствовалась, что из этого получилось и на что обратить внимание нынешним абитуриентам, Алена рассказала в интервью."]}, {"level": "2", "text": "Faculty of Economic Sciences Holds Math BootCamps for Those Starting Bachelor’s and Master’s Degrees", "response": ["More than 200 future bachelor’s and master’s students from around the world spent the last two weeks of summer improving their mathematical knowledge and honing their problem-solving skills. The free online classes have been held for the fourth year in a row. They allow first-year students not only to succeed in their studies, research, and project activities at HSE University’s Faculty of Economic Sciences (FES), but also to quickly integrate into the international community of students, graduates, and teachers."]}, {"level": "2", "text": "ФЭН ВШЭ провел математические лагеря для поступивших на 1-й курс бакалавриата и магистратуры", "response": ["Последние две недели лета более 200 будущих бакалавров и магистров из разных стран мира провели за совершенствованием математических знаний и оттачиванием навыков решения задач. Бесплатные онлайн-занятия проходят четвертый год подряд. Они позволяют первокурсникам не только преуспеть в учебе, научной и проектной деятельности факультета экономических наук Вышки, но и быстрее интегрироваться в международное комьюнити студентов, выпускников и преподавателей."]}, {"level": "2", "text": "«Боги терпения» вышли в онлайн", "response": ["Последние две недели лета абитуриенты факультета экономических наук проведут за совершенствованием своих математических знаний и навыков решения задач. Более 200 иностранных и российских абитуриентов приступили к занятиям школьной математикой (для бакалавров) и высшей математикой, теорией вероятностей и мат.статистикой (для магистров) онлайн. Такие занятия позволят первокурсникам активизировать учебные достижения, заложить базу для вовлечения в научную и проектную деятельность ФЭН, улучшить взаимодействие российских и иностранных студентов"]}, {"level": "2", "text": "Как выбрать магистерскую программу. Личный опыт", "response": ["Студентка теперь уже 2 курса магистратуры «Финансовый инжиниринг» Алена Поданева очень придирчиво выбирала магистерскую программу. Какими критериями она руководствовалась, что из этого получилось и на что обратить внимание нынешним абитуриентам, Алена рассказала в интервью."]}], "links": ["http://ruz2018.hse.ru", "https://cs.hse.ru/", "https://economics.hse.ru/", "https://economics.hse.ru/depe/", "https://economics.hse.ru/io/news/729898694.html", "https://lsa.hse.ru/", "https://publications.hse.ru/view/127104052", "https://publications.hse.ru/view/141399101", "https://publications.hse.ru/view/152398262", "https://publications.hse.ru/view/168305888", "https://publications.hse.ru/view/173162617", "https://publications.hse.ru/view/173805400", "https://publications.hse.ru/view/175077654", "https://publications.hse.ru/view/177847329", "https://publications.hse.ru/view/179374215", "https://publications.hse.ru/view/180899007", "https://publications.hse.ru/view/196600486", "https://publications.hse.ru/view/198296268", "https://publications.hse.ru/view/205619012", "https://publications.hse.ru/view/207418788", "https://publications.hse.ru/view/208425453", "https://publications.hse.ru/view/211702728", "https://publications.hse.ru/view/213515908", "https://publications.hse.ru/view/223307367", "https://publications.hse.ru/view/257169334", "https://publications.hse.ru/view/303023176", "https://publications.hse.ru/view/328862570", "https://publications.hse.ru/view/357824334", "https://publications.hse.ru/view/374871181", "https://publications.hse.ru/view/392194450", "https://publications.hse.ru/view/438936268", "https://publications.hse.ru/view/438936695", "https://publications.hse.ru/view/445153428", "https://publications.hse.ru/view/459860701", "https://publications.hse.ru/view/461859116", "https://publications.hse.ru/view/489149095", "https://publications.hse.ru/view/579150308", "https://publications.hse.ru/view/590084700", "https://publications.hse.ru/view/63621637", "https://publications.hse.ru/view/74661740", "https://publications.hse.ru/view/800864469", "https://publications.hse.ru/view/81314229", "https://publications.hse.ru/view/866327383", "https://publications.hse.ru/view/885862037", "https://sport.hse.ru/sc", "https://stm.hse.ru/2017", "https://www.hse.ru/edu/courses/292700885", "https://www.hse.ru/edu/courses/298696208", "https://www.hse.ru/edu/courses/301408373", "https://www.hse.ru/edu/courses/301821696", "https://www.hse.ru/edu/courses/322630696", "https://www.hse.ru/edu/courses/339565317", "https://www.hse.ru/edu/courses/375294193", "https://www.hse.ru/edu/courses/383214544", "https://www.hse.ru/edu/courses/384748005", "https://www.hse.ru/edu/courses/384752580", "https://www.hse.ru/edu/courses/402857453", "https://www.hse.ru/edu/courses/470909583", "https://www.hse.ru/edu/courses/470988351", "https://www.hse.ru/edu/courses/470988355", "https://www.hse.ru/edu/courses/476627626", "https://www.hse.ru/edu/courses/646514781", "https://www.hse.ru/edu/courses/646514785", "https://www.hse.ru/edu/courses/646514789", "https://www.hse.ru/edu/courses/646517012", "https://www.hse.ru/edu/courses/835139972", "https://www.hse.ru/edu/courses/835139976", "https://www.hse.ru/edu/courses/835141991", "https://www.hse.ru/edu/courses/835141995", "https://www.hse.ru/edu/courses/835152423", "https://www.hse.ru/edu/courses/835160533", "https://www.hse.ru/edu/courses/835244822", "https://www.hse.ru/edu/courses/838240258", "https://www.hse.ru/edu/courses/838246544", "https://www.hse.ru/edu/courses/872873873", "https://www.hse.ru/edu/courses/918083947", "https://www.hse.ru/en/news/206275675.html", "https://www.hse.ru/ma/fineng/news/221876908.html", "https://www.hse.ru/staff/dborzykh/timetable"], "text": ["Борзых Дмитрий АлександровичДоцент:Факультет экономических наук / Департамент прикладной экономикиНаучный сотрудник:Международная лаборатория стохастического анализа и его приложенийНачал работать в НИУ ВШЭ в 2006 году.Научно-педагогический стаж: 16 лет.Домашняя страницаПреподаваниеПубликации и исследованияОпыт работыДля студентовВ новостяхОбразование, учёные степени2022Кандидат физико-математических наук: Национальный исследовательский университет «Высшая школа экономики»2006Магистратура: Государственный университет – Высшая школа экономики, факультет: Экономики, специальность «Экономика», квалификация «Магистр»2006Магистратура: Высшая школа экономики, факультет: Экономики, специальность «Математические методы анализа экономики»2004Бакалавриат: Национальный исследовательский университет «Высшая школа экономики», специальность «Экономика», квалификация «Бакалавр»Дополнительное образование / Повышение квалификации / Стажировки", "«Правила организации учебного процесса преподавателями НИУ ВШЭ» (код: 70007), январь 2019", "«Введение в стохастические дифференциальные уравнения Ито», сентябрь 2014", "Профессиональные интересыфинансовая эконометрикафункциональный анализтеория вероятностейстохастический анализслучайные процессымодель стохастической волатильностиструктурные сдвиги в моделях временных рядовДостижения и поощренияБлагодарность Высшей школы экономики (декабрь 2022)Благодарность факультета экономических наук НИУ ВШЭ (январь 2022)Благодарность Департамента прикладной экономики НИУ ВШЭ (февраль 2019)Лучший преподаватель – 2023, 2022, 2021, 2020, 2019, 2018, 2017, 2016, 2014Группа высокого профессионального потенциала (кадровый резерв НИУ ВШЭ)Категория \"Новые преподаватели\" (2008)Учебные курсы (2023/2024 уч. год)Probability Theory and Mathematical Statistics (Магистратура; где читается: Факультет экономических наук; 1-й курс, 1, 2 модуль)АнгТеория вероятностей и математическая статистика 1 (Бакалавриат; где читается: Факультет экономических наук; 2-й курс, 1, 2 модуль)РусТеория вероятностей и математическая статистика 1 (углубленный курс) (Бакалавриат; где читается: Факультет экономических наук; направление \"01.03.02. Прикладная математика и информатика\", направление \"38.03.01. Экономика\"; 2-й курс, 1, 2 модуль)РусТеория вероятностей и математическая статистика 2 (Бакалавриат; где читается: Факультет экономических наук; 2-й курс, 3, 4 модуль)РусТеория вероятностей и математическая статистика 2 (углубленный курс) (Бакалавриат; где читается: Факультет экономических наук; направление \"01.03.02. Прикладная математика и информатика\", направление \"38.03.01. Экономика\"; 2-й курс, 3, 4 модуль)РусЭконометрика (продвинутый уровень) (Магистратура; где читается: Факультет экономических наук; 1-й курс, 1-4 модуль)РусЭлементы стохастического анализа (Маго-лего; 3, 4 модуль)РусЭлементы стохастического анализа (Магистратура; где читается: Факультет экономических наук; 1-й курс, 3, 4 модуль)РусАрхив учебных курсовУчебные курсы (2022/2023 уч. год)Прикладные методы математической статистики (Бакалавриат; где читается: Факультет компьютерных наук; 2-й курс, 3, 4 модуль)РусProbability Theory and Mathematical Statistics (Магистратура; где читается: Факультет экономических наук; 1-й курс, 1, 2 модуль)АнгЭконометрика (продвинутый уровень) (Магистратура; где читается: Факультет экономических наук; 1-й курс, 1-4 модуль)РусЭконометрика (продвинутый уровень) (Магистратура; где читается: Факультет экономических наук; направление \"38.04.08. Финансы и кредит\", направление \"38.04.08. Финансы и кредит\"; 1-й курс, 1, 2 модуль)РусУчебные курсы (2021/2022 уч. год)Прикладные методы математической статистики (Бакалавриат; где читается: Факультет компьютерных наук; 2-й курс, 3, 4 модуль)РусProbability Theory and Mathematical Statistics (Магистратура; где читается: Факультет экономических наук; 1-й курс, 1, 2 модуль)АнгТеория вероятностей и статистика (Бакалавриат; где читается: Факультет экономических наук; 2-й курс, 1-4 модуль)РусЭконометрика (продвинутый уровень) (Магистратура; где читается: Факультет экономических наук; 1-й курс, 1-4 модуль)РусЭконометрика (продвинутый уровень) (Магистратура; где читается: Факультет экономических наук; 1-й курс, 1, 2 модуль)РусУчебные курсы (2020/2021 уч. год)Probability Theory and Mathematical Statistics (Магистратура; где читается: Факультет экономических наук; 1-й курс, 1, 2 модуль)АнгТеория вероятностей и статистика (Бакалавриат; где читается: Факультет экономических наук; 2-й курс, 1-4 модуль)РусЭконометрика (продвинутый уровень) (Магистратура; где читается: Факультет экономических наук; 1-й курс, 1, 2 модуль)РусЭконометрика (продвинутый уровень) (Магистратура; где читается: Факультет экономических наук; направление \"38.04.08. Финансы и кредит\", направление \"38.04.01. Экономика\"; 1-й курс, 1-4 модуль)РусУчебные курсы (2019/2020 уч. год)Probability Theory and Mathematical Statistics (Магистратура; где читается: Факультет экономических наук; 1-й курс, 1, 2 модуль)АнгТеория вероятностей и статистика (Бакалавриат; где читается: Факультет экономических наук; 2-й курс, 1-4 модуль)РусЭконометрика (продвинутый уровень) (Магистратура; где читается: Факультет экономических наук; направление \"38.04.01. Экономика\", направление \"38.04.08. Финансы и кредит\"; 1-й курс, 1-4 модуль)РусЭконометрика (продвинутый уровень) (Магистратура; где читается: Факультет экономических наук; 1-й курс, 1, 2 модуль)РусТемы КР и ВКР:1. Методы обнаружения структурных сдвигов в моделях временных рядов2. Моделирование волатильности финансовых инструментов с учетом структурных сдвиговКонференции2023III Конференция Математических центров России (Майкоп). Доклад: Совместные распределения обобщенных интегрируемых возрастающих процессов и их обобщенных компенсаторов20213-й семинар \"Прикладная эконометрика\" в рамках XXII Апрельская международная научная конференция НИУ ВШЭ по проблемам развития экономики и общества (Москва). Доклад: Structural break detection in GARCH(1, 1) models in case of t-distributed random errors (continued)LSA Autumn Meeting 2021 (Москва). Доклад: On the denseness of the subset of discrete distributions in a certain set of two-dimensional distributionsНаучный семинар ЦЭМИ \"Вероятностные проблемы управления и стохастические модели в экономике, финансах и страховании\" (Москва). Доклад: Совместные распределения возрастающих процессов и их компенсаторов2020Онлайн научная конференция \"Осенний коллоквиум ЛСА 2020\" (Москва). Доклад: Locally integrable increasing processes with continuous compensators5th International Conference on Stoсhastic Methods 2020 (Москва). Доклад: Locally integrable increasing processes with continuous compensators  LSA Autumn Meeting 2020 (Москва). Доклад: Locally integrable increasing processes with continuous compensators2019Семинар «Прикладная эконометрика» в рамках XX Апрельской международной научной конференции по проблемам развития экономики и общества (Москва). Доклад: Новый способ обнаружения единичного структурного сдвига в GARCH(1,1)-модели, основанный на статистике Колмогорова–Смирнова6th International Conference on Modern Econometric Tools and Applications (Nizhny Novgorod). Доклад: Structural break detection in GARCH(1,1) models in case of t-distributed random errorsModern Econometric Tools and Applications – META2019 (Нижний Новгород). Доклад: Structurl Break Detection in GARCH(1, 1) Models in Case of t-distributed Random Errors2018XI-я Международная научная конференция «Применение многомерного статистического анализа в экономике и оценке качества» (Москва). Доклад: Численное сравнение двух CUSUM-алгоритмов обнаружения структурных сдвигов в EGARCH-моделяхIX International Conference Optimization and Applications (OPTIMA-2018) (Петровац). Доклад: A numerical comparison of CUSUM-type tests for piecewise-specified EGARCH-models2017Семинар научно-учебной лаборатории макроструктурного моделирования экономики России (Москва). Доклад: О способе построения динамически сопоставимых композитных индексов XVIII Апрельская международная научная конференция по проблемам развития экономики и общества (Москва). Доклад: Построение динамически сопоставимых композитных индексов 8-я Международная научно-практическая конференция студентов и аспирантов «Статистические методы анализа экономики и общества» (Москва). Доклад: Новый способ обнаружения структурных сдвигов в GARCH-моделях  International conference 'Statistics meets Stochastics 2' (Москва). Доклад: Integrated quantile functions: properties and applications  Всероссийская научная конференция с международным участием \"Моделирование коэволюции природы и общества: проблемы и опыт. К 100-летию со дня рождения академика Н.Н. Моисеева\" (Москва). Доклад: Способ обнаружения структурных сдвигов в GARCH-моделях, основанный на скользящей статистике отношения правдоподобия 2016XVII Всероссийский симпозиум по прикладной и промышленной математике (Кисловодск). Доклад: Формула Тейлора для операторов и метод интегрирования по частям  Диссертация на соискание ученой степени кандидата наук2022Борзых Д. А. Совместные распределения обобщенных интегрируемых возрастающих процессов и их обобщенных компенсаторовПубликации38Статья Борзых Д. А. Совместные распределения обобщенных интегрируемых возрастающих процессов и их обобщенных компенсаторов // Теория вероятностей и ее применения. 2024. Т. 69. № 1. С. 3-32. doiКнига Борзых Д. А., Вакуленко Е. С., Фурманов К. К. Эконометрика: работа с данными на компьютере. Практикум: Элементы теории. Практические задания. Ответы и решения / Издание стереотипное. М. : Издательская группа URSS, 2024.Статья D. A. Borzykh, A. A. Yazykov. Structural Break Detection in Autoregressional Conditional Heteroskedasticity Model: Case of Student’s Distribution / Пер. с рус. // Mathematical Models and Computer Simulations. 2023. Vol. 15. No. 4. P. 654-659. doiСтатья Борзых Д. А., Языков А. А. Метод обнаружения структурного сдвига в модели авторегрессионной условной гетероскедастичности: случай распределения Стьюдента // Математическое моделирование. 2023. Т. 35. № 1. С. 51-58. doiСтатья Borzykh D., Gushchin A. A. On the denseness of the subset of discrete distributions in a certain set of two-dimensional distributions // Modern Stochastics: Theory and Applications. 2022. Vol. 9. No. 3. P. 265-277. doiСтатья Borzykh D., Penikas H. I. IRB PD Model Accuracy Validation in the Presence of Default Correlation: a Twin Confidence Interval Approach // Risk Management. 2021. Vol. 23. No. 4. P. 282-300. doiКнига Борзых Д. А. Математическая статистика в задачах. ЛЕНАНД, 2021.Книга Борзых Д. А. Теория вероятностей в задачах. ЛЕНАНД, 2021.Книга Борзых Д. А., Вакуленко Е. С., Фурманов К. К. Эконометрика: работа с данными на компьютере. Практикум: Элементы теории. Практические задания. Ответы и решения. Издательская группа URSS, 2021.Книга Борзых Д. А. Экспресс-курс по теории вероятностей для начинающего эконометриста. ЛЕНАНД, 2021.Книга Борзых Д. А. Элементарное введение в ФУНКЦИОНАЛЬНЫЙ АНАЛИЗ: Теория, примеры и задачи с решениями. Более 200 подробно разобранных примеров и задач. ЛЕНАНД, 2021.Глава книги Borzykh D. Locally integrable increasing processes with continuous compensators, in: Сборник материалов V-й Международной конференции по стохастическим методам: The 5th International Conference on Stochastic Methods (ICSM5). 23-27 November 2020, Russia, Moscow.. M. : RUDN, 2020. P. 43-47.Глава книги Борзых Д. А., Пеникас Г. И. Валидация точности моделей бинарного выбора в случае коррелированных исходов в приложении к задачам оценки кредитного риска // В кн.: Труды X-й Международной школы-семинара «Многомерный статистический анализ, эконометрика и моделирование реальных процессов» имени С.А. Айвазяна Ч. 1. М. : ЦЭМИ РАН, 2020. С. 35-36.Статья Борзых Д. А., Языков А. А. О практической применимости трех CUSUM-методов к обнаружению структурных сдвигов в EGARCH-моделях // Вестник Санкт-Петербургского университета. Серия 10. Прикладная математика. Информатика. Процессы управления. 2020. Т. 16. № 1. С. 19-30. doiКнига Борзых Д. А. Теория вероятностей и математическая статистика в задачах: Более 360 задач и упражнений. М. : Издательская группа URSS, 2020.Статья Борзых Д. А., Языков А. А. KS-метод обнаружения структурного сдвига в GARCH(1,1) моделях // Прикладная эконометрика. 2019. Т. 54. С. 90-104. doiСтатья Borzykh D. On a property of joint terminal distributions of locally integrable increasing processes and their compensators // Theory of Stochastic Processes. 2018. Vol. 23. No. 39 (2). P. 7-20.Статья Борзых Д. А., Хасыков М. А. Процедура уточнения ICSS алгоритма обнаружения структурных сдвигов в GARCH-моделях // Прикладная эконометрика. 2018. Т. 51. С. 126-139.Книга Борзых Д. А. Эконометрика в задачах: Базовый курс. С примерами в среде MATLAB. М. : Издательская группа URSS, 2018.Статья Borzykh D., Gushchin A. A. Integrated quantile functions: properties and applications // Modern Stochastics: Theory and Applications. 2017. Vol. 4. No. 4. P. 285-314. doiСтатья Борзых Д. А., Хасыков М. А., Языков А. А. Новый способ обнаружения структурных сдвигов в GARCH-моделях // Вестник Воронежского государственного университета. Серия: Экономика и управление. 2017. № 2. С. 97-105.Статья Борзых Д. А., Хасыков М. А., Языков А. А. Численное сравнение V-MLR и CUSUM методов обнаружения структурных сдвигов для кусочно-заданных GARCH-моделей // Труды Московского физико-технического института. 2017. Т. 9. № 3. С. 115-121.Книга Борзых Д. А., Демешев Б. Б. Эконометрика в задачах и упражнениях. Издание 2. М. : Издательская группа URSS, 2017.Статья Борзых О. А., Борзых Д. А. Анализ согласованности временной структуры активов и пассивов крупных российских коммерческих банков // Учет и статистика. 2016. Т. 41. № 1. С. 44-52.Статья Борзых (Зюзина) О. А., Борзых Д. А. Анализ согласованности временной структуры активов и пассивов крупных российских коммерческих банков // Учет и статистика. 2016. Т. 41. № 1. С. 44-52.Статья Борзых Д. А. Количественный анализ динамики уровня здоровья населения РФ // Вестник НГУЭУ. 2016. № 1. С. 133-143.Препринт Борзых Д. А. О методе канонических корреляций / Высшая школа экономики. Серия WP2 \"Количественный анализ в экономике\". 2016. № 01.Статья Борзых Д. А., Фурманов К. К., Чернышева И. К. О способе построения динамически сопоставимых композитных индексов // Вестник НГУЭУ. 2016. № 4. С. 67-83.Статья Борзых Д. А. Об одном классе функционалов, непрерывных в топологии Скорохода // Вестник Воронежского государственного университета. Серия: Физика. Математика. 2016. № 4. С. 83-88.Книга Борзых Д. А. Теория вероятностей и математическая статистика в задачах. М. : ЛЕНАНД, 2016.Статья Борзых Д. А. Формула Тейлора в нормированных пространствах и метод интегрирования по частям // Математика в высшем образовании. 2016. № 14. С. 17-24.Статья Борзых Д. А. Формула Тейлора для операторов и метод интегрирования по частям // Обозрение прикладной и промышленной математики. 2016. Т. 23. № 1. С. 1-2.Книга Борзых Д. А. Элементарное введение в функциональный анализ: теория, примеры и задачи с решениями. М. : ЛЕНАНД, 2016.Статья Борзых Д. А. Динамическое рейтингование здоровья населения регионов РФ по данным Росстат за 2005–2012 гг. // Учет и статистика. 2015. Т. 39. № 3. С. 84-96.Книга Борзых Д. А., Демешев Б. Б. Эконометрика в задачах и упражнениях. М. : Издательская группа URSS, 2014.Глава книги Борзых Д. А. Численное сравнение метода максимального квазиправдоподобия и симуляционного метода моментов для модели со стохастической волатильностью // В кн.: Сборник статей аспирантов — 2012 [Электронный ресурс] / Нац.исслед. ун-т «Высшая школа экономики», ф-т экономики / Науч. ред.: К. А. Букин. М. : Издательский дом НИУ ВШЭ, 2013. С. 4-18.Статья Борзых Д. А., Шоломицкий А. Г. Модель жизненного цикла с «близоруким» принятием решений // Экономический журнал Высшей школы экономики. 2011. Т. 15. № 3. С. 383-398.Статья Шоломицкий А. Г., Борзых Д. А. Модель жизненного цикла с “близоруким” принятием решений 2011. № 15 (3). С. 383-398.Опыт работы", "2006--2008         Факультет экономики НИУ ВШЭ, кафедра математической экономики и эконометрики, преподаватель", "2008--2009         Инвестиционный Банк \"ТРАСТ\", департамент макроэкономики и количественного анализа, аналитик", "2009--2013         Факультет экономики НИУ ВШЭ, кафедра математической экономики и эконометрики, преподаватель", "2013--2014         Факультет экономики НИУ ВШЭ, кафедра математической экономики и эконометрики, старший преподаватель", "2014--2015         Факультет экономики НИУ ВШЭ, департамент прикладной экономики, старший                                  преподаватель", "2015--2023         Факультет экономических наук НИУ ВШЭ, департамент прикладной экономики, старший преподаватель", "2023--н. в.           Факультет экономических наук НИУ ВШЭ, департамент прикладной экономики, доцент", "2020--н. в.           НИУ ВШЭ, Международная лаборатория стохастического анализа и его приложений, научный сотрудник", "2020--2022         МФТИ, кафедра математического моделирования сложных процессов и систем, старший преподаватель", "Информация*Общий стаж: 17 летНаучно-педагогический стаж: 16 летПреподавательский стаж: 14 лет", "Данные выводятся в соответствии с требованиями приказа  N 831 от 14 августа 2020 г.  Федеральной службы по надзору в сфере образования и науки", "Зарегистрирован в RePEchttp://ideas.repec.org/f/pbo676.htmlКонсультации для студентовКонсультации для студентов проводятся по вторникам с 14:40 до 16:00 и с 16:20 до 17:40.", "Они проходят в онлайн формате в zoom по ссылке: https://zoom.us/j/8326076132?pwd=ZU1hbTdNNkJDdFdLaVFJMEpIV25QUT09Консультации проводятся исключительно по предварительной договоренности с преподавателем по почте borzykh.dmitriy@gmail.comВидеозаписи лекций", "Видеозапись лекций по курсу «Стохастический анализ» в 2013--2014 учебном году для студентов 2 курса факультета экономических наук. Ссылка в youtube: https://www.youtube.com/playlist?list=PL1poMUvVlAqeZOvhE75ViZPKnCTmWLRxf", "Данные к пособию Борзых Д.А., Вакуленко Е.С., Фурманов К.К.  Эконометрика: работа с данными на компьютере. Практикум: Элементы теории. Практические задания. Ответы и решения. URSS. 2021. 224 с.dataset.rar (RAR, 389 Кб) Список опечаток в книге Борзых Д. А. Эконометрика в задачах: Базовый курс. С примерами в среде MATLAB. М. : Издательская группа URSS, 2018.Errata_2.0 (PDF, 11,65 Мб) Расписание занятий на сегодняПоказать архивное расписаниеРасписание занятий  по физической культуре в спортивных секцияхПолное расписание12сен2023Faculty of Economic Sciences Holds Math BootCamps for Those Starting Bachelor’s and Master’s DegreesMore than 200 future bachelor’s and master’s students from around the world spent the last two weeks of summer improving their mathematical knowledge and honing their problem-solving skills. The free online classes have been held for the fourth year in a row. They allow first-year students not only to succeed in their studies, research, and project activities at HSE University’s Faculty of Economic Sciences (FES), but also to quickly integrate into the international community of students, graduates, and teachers.4сен2023ФЭН ВШЭ провел математические лагеря для поступивших на 1-й курс бакалавриата и магистратурыПоследние две недели лета более 200 будущих бакалавров и магистров из разных стран мира провели за совершенствованием математических знаний и оттачиванием навыков решения задач. Бесплатные онлайн-занятия проходят четвертый год подряд. Они позволяют первокурсникам не только преуспеть в учебе, научной и проектной деятельности факультета экономических наук Вышки, но и быстрее интегрироваться в международное комьюнити студентов, выпускников и преподавателей.17авг2022«Боги терпения» вышли в онлайнПоследние две недели лета абитуриенты факультета экономических наук проведут за совершенствованием своих математических знаний и навыков решения задач. Более 200 иностранных и российских абитуриентов приступили к занятиям школьной математикой (для бакалавров) и высшей математикой, теорией вероятностей и мат.статистикой (для магистров) онлайн. Такие занятия позволят первокурсникам активизировать учебные достижения, заложить базу для вовлечения в научную и проектную деятельность ФЭН, улучшить взаимодействие российских и иностранных студентов24июл2018Как выбрать магистерскую программу. Личный опытСтудентка теперь уже 2 курса магистратуры «Финансовый инжиниринг» Алена Поданева очень придирчиво выбирала магистерскую программу. Какими критериями она руководствовалась, что из этого получилось и на что обратить внимание нынешним абитуриентам, Алена рассказала в интервью."]}