{"title": "LMS HSE", "description": "", "url": "https://lms.hse.ru/yii_index.php", "data": [], "links": [], "text": ["Информационная образовательная среда НИУ ВШЭ", "Не для школы, но для жизни мы учимся!", "Аутентификация пользователя", "Авторизовавшись в Едином Личном Кабинете, вы сможете без ограничения пользоваться автоматизированными сервисами НИУ ВШЭ", "ВШЭ в сети", "ДОРОЖНАЯ КАРТА ПО ПЕРЕХОДУ НА СИСТЕМУ SMARTLMS", "Объявления", "Служба поддержки", "Прежде чем обратиться в службу поддержки, убедитесь, что на Ваш вопрос ещё нет ответа в справочных материалах    (Справочные материалы. Оглавление.)", "ВШЭ в сети"]}