{"title": "Сотрудники - Чуракова Ийя Юрьевна — Национальный исследовательский университет «Высшая школа экономики»", "description": "", "url": "https://www.hse.ru/org/persons/228551063", "data": [{"level": "2", "text": "", "response": []}, {"level": "1", "text": "Чуракова Ийя Юрьевна", "response": ["Домашняя страницаПреподаваниеПубликации и исследованияОпыт работыВ новостях", "Образование, учёные степени2000Кандидат экономических наук: Санкт-Петербургский государственный университет экономики и финансов1995Специалитет: Ленинградский финансово-экономический институт им. Н.А. Вознесенского, специальность «Статистика», квалификация «Экономист»", "Дополнительное образование / Повышение квалификации / СтажировкиМеждународный \"Конкурс учителей на льготное обучение коучингу\", Международный университет GlobalCoaching. Прошла обучение (155 часов) и получила сертификат Coach ICF по программе «Коучинг в бизнесе» (15 марта 2018г – 24 июня 2018г)", "Профессиональные интересыфинансовый анализ и моделированиеинновации в бизнесемногомерный статистический анализ в экономикеприкладной статистический анализ", "Достижения и поощренияБлагодарность НИУ ВШЭ - Санкт-Петербург (июнь 2023)", "Научный руководитель диссертационных исследованийна соискание учёной степени кандидата наук1Карташов Д. А. Влияние Совета директоров на повышение финансовой устойчивости корпорации в условиях неопределённости внешней среды (aспирантура: 1-й год обучения)2Занько Г. В. Управление корпоративным казначейством в условиях фрагментированной ликвидности рынка (aспирантура: 1-й год обучения)3Зимин А. М. Устойчивые стратегии развития компании: баланс экономической эффективности и целей ESG (aспирантура: 1-й год обучения)4Кумар В. Финансовая эффективность цепи поставок: Анализ потенциальных барьеров и методов их преодоления с использованием теоретических финансовых и нефинансовых моделей и матриц (aспирантура: 1-й год обучения)", "Учебные курсы (2023/2024 уч. год)Introduction into Financial Economics (Бакалавриат; где читается: Санкт-Петербургская школа экономики и менеджмента; 2-й курс, 4 модуль)АнгДашборды: подготовка данных для управленческих решений (Майнор; где читается: Санкт-Петербургская школа экономики и менеджмента; 1, 2 модуль)РусInternational Standards and Consolidation of Financial Statements (Магистратура; где читается: Санкт-Петербургская школа экономики и менеджмента; 1-й курс, 4 модуль)АнгInternational Standards and Consolidation of Financial Statements (Магистратура; где читается: Санкт-Петербургская школа экономики и менеджмента; 2-й курс, 1, 2 модуль)АнгInvestment Portfolio Management (Магистратура; где читается: Факультет экономических наук; направление \"38.04.08. Финансы и кредит\", направление \"38.04.08. Финансы и кредит\", направление \"38.04.08. Финансы и кредит\", направление \"38.04.08. Финансы и кредит\"; 2-й курс, 2 модуль)АнгInvestment Portfolio Management (Магистратура; где читается: Санкт-Петербургская школа экономики и менеджмента; 2-й курс, 2 модуль)АнгInvestment Portfolio Management (Маго-лего; 2 модуль)АнгPerformance Management (Бакалавриат; где читается: Санкт-Петербургская школа экономики и менеджмента; направление \"38.03.01. Экономика\", направление \"38.03.02. Менеджмент\", направление \"38.03.02. Менеджмент\"; 4-й курс, 2 модуль)АнгManagement Accounting (Бакалавриат; где читается: Санкт-Петербургская школа экономики и менеджмента; направление \"38.03.01. Экономика\", направление \"38.03.02. Менеджмент\", направление \"38.03.02. Менеджмент\"; 3-й курс, 2 модуль)АнгFinancial Analysis (Магистратура; где читается: Санкт-Петербургская школа экономики и менеджмента; 1-й курс, 2 модуль)АнгАрхив учебных курсов", "Учебные курсы (2022/2023 уч. год)Analytical tools for enterprise financial management (Дисциплина общефакультетского пула; 1 модуль)АнгInvestment Analysis (Advanced Level) (Магистратура; где читается: Факультет экономических наук; 2-й курс, 2 модуль)АнгInvestment Analysis (Advanced Level) (Магистратура; где читается: Санкт-Петербургская школа экономики и менеджмента; 2-й курс, 2 модуль)АнгControlling (Магистратура; где читается: Санкт-Петербургская школа экономики и менеджмента; 2-й курс, 1, 2 модуль)АнгInternational Financial Reporting Standards (Бакалавриат; где читается: Санкт-Петербургская школа экономики и менеджмента; 4-й курс, 1 модуль)АнгInternational Financial Reporting Standards (Магистратура; где читается: Санкт-Петербургская школа экономики и менеджмента; 2-й курс, 1, 2 модуль)АнгФинансовая аналитика для малого бизнеса (Общеуниверситетский факультатив; 1, 2 модуль)Рус", "Учебные курсы (2021/2022 уч. год)Principles of Accounting (Бакалавриат; где читается: Санкт-Петербургская школа экономики и менеджмента; 2-й курс, 1, 2 модуль)АнгInvestment Analysis (Advanced Level) (Магистратура; где читается: Санкт-Петербургская школа экономики и менеджмента; 2-й курс, 1, 2 модуль)АнгInvestment Analysis (Advanced Level) (Магистратура; где читается: Факультет экономических наук; 2-й курс, 1, 2 модуль)АнгInternational Financial Reporting Standards (Бакалавриат; где читается: Санкт-Петербургская школа экономики и менеджмента; 4-й курс, 1 модуль)АнгInternational Financial Reporting Standards (Магистратура; где читается: Санкт-Петербургская школа экономики и менеджмента; 2-й курс, 1, 2 модуль)АнгФинансовая аналитика для малого бизнеса (Общеуниверситетский факультатив; 1, 2 модуль)РусЭконометрика (Бакалавриат; где читается: Санкт-Петербургская школа экономики и менеджмента; 3-й курс, 1, 2 модуль)Рус", "Учебные курсы (2020/2021 уч. год)Financial Statement Analysis (Маго-лего; 3 модуль)АнгInvestment Analysis (Advanced Level) (Магистратура; где читается: Санкт-Петербургская школа экономики и менеджмента; 2-й курс, 1, 2 модуль)АнгManagement Accounting (Бакалавриат; где читается: Санкт-Петербургская школа экономики и менеджмента; 4-й курс, 1 модуль)АнгManagement Accounting (Бакалавриат; где читается: Санкт-Петербургская школа экономики и менеджмента; 2-й курс, 4 модуль)АнгManagement Accounting (Бакалавриат; где читается: Санкт-Петербургская школа экономики и менеджмента; 3-й курс, 1 модуль)АнгФинансовый анализ (Бакалавриат; где читается: Санкт-Петербургская школа экономики и менеджмента; 2-й курс, 3 модуль)РусЭконометрика (Бакалавриат; где читается: Санкт-Петербургская школа экономики и менеджмента; 3-й курс, 1, 2 модуль)Рус", "Учебные курсы (2019/2020 уч. год)Management Accounting I (Бакалавриат; где читается: Санкт-Петербургская школа экономики и менеджмента; 2-й курс, 1, 2 модуль)АнгManagement Accounting II (Бакалавриат; где читается: Санкт-Петербургская школа экономики и менеджмента; 2-й курс, 3 модуль)АнгФинансовый анализ (Бакалавриат; где читается: Санкт-Петербургская школа экономики и менеджмента; 2-й курс, 3 модуль)Рус", "Публикации", "20242Книга Волкова О. Н., Чуракова И. Ю. Управленческий учет : учебник и практикум для вузов / 2-е изд., перераб. и доп.. М. : Юрайт, 2024.Книга Волкова О. Н., Чуракова И. Ю. Учетная информация для принятия решений : учебник и практикум для вузов / 2-е издание, переработанное и дополненное. М. : Юрайт, 2024.", "20234Статья V. V. Nazarova, I. Yu. Churakova, A. O. Dmitriev. Impact of ESG Disclosure on Financial Performance: Mandatory vs. Voluntary Disclosure // Финансы и бизнес. 2023. Vol. 19. No. 3. P. 51-70. doiСтатья Nazarova V., Churakova I., Sergachev B. D., Orekhovskaya M. A. Responsible and profi table: How does ESG agenda increases company’s evaluation // Vestnik of Saint Petersburg University. Management. 2023. Vol. 22. No. 2. P. 226-248. doiСтатья Варвара В. Назарова, Ийя Ю. Чуракова, Дмитрий А. Куприянов Проверка достоверности финансовой отчетности европейских компаний законом Бенфорда // AlterEconomics (ранее - Журнал экономической теории). 2023. Т. 20. № 3. С. 691-711. doiКнига Назарова В. В., Чуракова И. Ю. Финансы устойчивого развития: вызовы и стратегии 2023 (SFCS2023) Сборник статей IV Международной научно-практической конференции. Москва, РУДН, 2 марта 2023 г. М. : Издательство РУДН, 2023.", "20223Статья V. V. Nazarova, I. YU. Churakova, B. N. Kurilov, D. D. Titova. CONSUMER BEHAVIOR TOWARDS RUSSIAN BRANDS OF FOREIGN FMCG COMPANIES // Russian Management Journal. 2022. Vol. 4. No. 20. P. 546-565. doiГлава книги Чуракова И. Ю. Актуальность разработки интегрального индекса готовности нефтегазового сектора к внедрению принципов циркулярной экономики в России // В кн.: Статистические оценки устойчивого развития: Материалы международной научно-практической конференции, Санкт-Петербург, 27–28 января 2022 г. Издательство Санкт-Петербургского государственного экономического университета, 2022. С. 563-568.Статья Завьялова А. Н., Новикова В. П., Чуракова И. Ю., Чуйнышена С. А., Лузанова О. А. ФИЗИЧЕСКОЕ РАЗВИТИЕ И ВЫРАЖЕННОСТЬ БЕЛКОВО-ЭНЕРГЕТИЧЕСКОЙ НЕДОСТАТОЧНОСТИ У ДЕТЕЙ С ДЕТСКИМ ЦЕРЕБРАЛЬНЫМ ПАРАЛИЧОМ // Профилактическая и клиническая медицина. 2022. № 1. С. 42-52. doi", "20216Статья Freixanet J., I.Y.A. Churakova, Rialp J., Lin H. Riding the storm out: the short- and long-term effects of export promotion on firm performance during an economic downturn // European Journal of International Management. 2021. Vol. 16. No. 1. P. 118-147. doiКнига Елисеева И. И., Батырова Д. К., Боченина М. В., Декина М. П., Курышева С. В., Макаров Г. В., Михайлова Е. Б., Сорокина Ю. И., Нерадовская Ю. В., Потахова Л. М., Силаева С. А., Чуракова И. Ю. Бизнес-статистика : учебник и практикум для вузов - 2е изд. М. : Юрайт, 2021.Статья Чуракова И. Ю., Корехова Е. В., Гумановский М. Г., Герасименко Н. Н. Модель «Бизнес-радар C2GK» как инструмент комплексной диагностики бизнеса // Менеджмент сегодня. 2021. Т. 2. № 114. С. 90-102. doiГлава книги Леевик Ю. С., Леевик Г. Е., Чуракова И. Ю. Особенности интеллекта персонала промышленных предприятий РФ // В кн.: Трансформация труда в (де) глобализирующемся обществе. СПб. : ООО \"Скифия-принт\", 2021. Гл. III-6. С. 268-277.Глава книги Корехова Е. В., Чуракова И. Ю. Профориентационная компетентность в эпоху цифровизации // В кн.: Трансформация труда в (де) глобализирующемся обществе. СПб. : ООО \"Скифия-принт\", 2021. Гл. III-7. С. 278-292.Глава книги Чуракова И. Ю. Тема 2. ОРГАНИЗАЦИЯ МАССОВЫХ ДАННЫХ И АЛГОРИТМЫ ВЫЯВЛЕНИЯ ВЫБРОСОВ // В кн.: Бизнес-статистика : учебник и практикум для вузов - 2е изд. М. : Юрайт, 2021. Гл. 3. С. 63-108.", "20202Статья Freixanet J., Rialp A., Churakova Iya. How Do Innovation, Internationalization, and Organizational Learning Interact and Co-evolve in Small Firms? A Complex Systems Approach // Journal of Small Business Management. 2020. Vol. 58. No. 5. P. 1030-1063. doiГлава книги Леевик Ю. С., Чуракова И. Ю. Роль финансовой составляющей в определении индексов для оценки уровня развития циркулярной экономики в нефтегазовой отрасли // В кн.: Сборник научных трудов Второй Санкт-Петербургской конференции исследователей в сфере экономики, бизнеса и общества: итоги и вызовы 2020 года / Под общ. ред.: Е. М. Рогова, Ю. А. Тарасова, Е. А. Шакина, Е. В. Шушунова. НИУ ВШЭ, 2020. С. 62-68.", "20192Статья Churakova Iya, Серова Л. С. Microenterprises’ Innovative Activities in Relations to Regions' Development in the Russian Federation // Journal of Emerging Issues in Economics, Finance and Banking. 2019. Vol. 8. No. 1. P. 2913-2934.Глава книги Чуракова И. Ю., Леевик Ю. С., Серова Л. С. Оценка влияния экономики совместного использования на малый и средний гостиничный бизнес в России // В кн.: Сборник научных трудов Санкт-Петербургской конференции исследователей в сфере экономики, бизнеса и общества: итоги 2019 года / Под общ. ред.: Е. М. Рогова, Ю. А. Тарасова, Е. А. Шакина. СПб. : Национальный исследовательский университет \"Высшая школа экономики\", 2019. С. 48-55.", "20182Статья Freixanet J., Iya Churakova. Exploring the Relationship between International Stage, Innovation and Performance. The Case of Spanish Companies // International Journal of Business. 2018. Vol. 23. No. 2. P. 130-150.Статья Freixanet J., Iya Churakova. The Impact of Export Promotion Programs on Firms’ Export Competencies and Performance in a Transition Economy: The Case of Russian Manufacturers // Journal of East-West Business. 2018. Vol. 24. No. 4. P. 287-318. doi", "20172Статья Чуракова И. Ю., Серова Л. С., Страхович Э. В. Многосторонние платформы в эволюции бизнес-моделей микропредприятий // Управленец. 2017. № 4. С. 53-60.Статья Чуракова И. Ю., Серова Л. С. Роль микропредприятий в инновационном развитии регионов РФ // Инновации. 2017. № 4 (222). С. 79-88.", "20163Статья Iya Churakova, Frösén J., Jaakkola M., Tikkanen H. Effective Forms of Market Orientation across the Business Cycle: A Longitudinal Analysis of Business-to-Business Firms // Industrial Marketing Management. 2016. Vol. 52. No. C. P. 91-99. doiГлава книги Iya Churakova, Freixanet J. Exploring the Reciprocal Rela-tionship Between Innovation, Internationalization, and Or-ganizational Learning: A Complex System Model for Small Firms, in: GSOM EMERGING MARKETS CONFERENCE 2016. St. Petersburg : St. Petersburg State University Graduate School of Management, 2016. P. 116-118.Глава книги Yya Churakova. Subregional Assymetry in the Development of Micro-Enterprises, in: GSOM EMERGING MARKETS CONFERENCE 2016. St. Petersburg : St. Petersburg State University Graduate School of Management, 2016. P. 345-347.", "20132Книга Churakova I., Hamid K. The Routledge Companion to International Management Education.. Routledge, 2013. doiГлава книги Iya Churakova. The Russian Wildcard in International Management Education., in: The Routledge Companion to International Management Education.. Routledge, 2013. doi Ch. 15. P. 179-192. doi", "Конференции2021V Санкт-Петербургский международный форум труда (Санкт-Петербург). Доклад: Профориентационная компетентность в эпоху цифровизацииV Санкт-Петербургский международный форум труда (Санкт-Петербург). Доклад: Особенности интеллекта персонала промышленных предприятий РФThe 3rd Asia Conference on Business and Management ACBES (Ho Chi Minh City). Доклад: Sharing Economy Impact on Financial Performance Indicators: Lessons Learned from Emerging Economy Development in Russia2019Analytics for Management and Economics Conference (AMEC) (Санкт-Петербург). Доклад: Relevant financial kpi’s in airline industry: the case of European companies 2018VI Международная онлайн конференция \"Коучинг в образовании\". Доклад: Место коучинга в научной работе со студентами 5th International Research GSOM Emerging Markets Conference (Санкт-Петербург). Доклад: Estimating the Impact of sharing economy on small and medium hotel business in Russia.", "Участие в редколлегиях научных журналовС 2015 г.: приглашенный редактор журнала «Journal of Emerging Issues in Economics, Finance and Banking».", "Опыт работы", "2008 – 2019  Высшая школа менеджмента СПбГУ, доцент.", "статистика для менеджеров по стандартам европейских ассоциаций бизнес-школ", "курсы для магистров и бакалавров на английском языке: количественные методы исследований в бизнесе, прикладная бизнес-статистика", "разработка программ курсов, методического обеспечения", "интерактивное обучение (сертифицированный тренер онлайнового обучения в программе BlackBoard)", "2000 – 2008 Экономический факультет СПбГУ, кафедра статистики, учета и аудита, старший преподаватель.", "курсы общей теории статистики, социальной статистики", "курс \"Единая система учета в экономике\" на английском языке", "2000 – 2001 СПбУЭФ (по совместительству) ассистент", "практикум по эконометрике (с применением аналитических пакетов Excel и Statistics -6)", "1996 – август 2000 ООО «Жиллетт Интернешнл ООО» и ЗАО «Петербург Продактс Интернешнл ЗАО» старший финансовый аналитик", "валютные операции (контракты, учет, cash flow report)", "управление финансовыми потоками (расчетные счета, подотчетные суммы, векселя, кредиты)", "работа в команде по разработке и внедрению электронных систем учета Monolit, SAP", "получен сертификат Практика западного учета I (Центр профессионального обучения Артур Андерсен) 1999 г.", "1995 – 1996 Санкт-Петербургский филиал АОЗТ «Пепсико Холдингс А/О» бухгалтер:", "расчеты с поставщиками, кредитный контроль, расчеты с покупателями", "1994 – 1995 ТОО «Частная юридическая фирма «Коллегия». Главный бухгалтер:", "бухгалтерский учет, кадровое делопроизводство", "1994-1995 ПТУ-97 (по совместительству) преподаватель:", "финансы, бухгалтерский учет на учетном факультете", "Информация*Общий стаж: 30 летНаучно-педагогический стаж: 24 годаПреподавательский стаж: 24 года", "Данные выводятся в соответствии с требованиями приказа  N 831 от 14 августа 2020 г.  Федеральной службы по надзору в сфере образования и науки", "Расписание занятий на сегодняПоказать архивное расписаниеРасписание занятий  по физической культуре в спортивных секцияхПолное расписание", "15мар2024Студенты ШЭМ реализовали консалтинговый проект для компании \"Лента\"С октября 2023 по январь 2024 года студентами, обучающимися на магистерских программа «Менеджмент и аналитика для бизнеса» и «Аналитика данных для бизнеса и экономики» был реализован консалтинговый проект для компании «Лента» Санкт-Петербург.4дек2023Деловая игра «Сила финансов» - выбор карьерного трека17 ноября 2023 года прошла деловая игра «Сила финансов» для студентов 1 курса программы «Финансы», реализуемой в Санкт-Петербургской школе экономики и менеджмента НИУ ВШЭ. Игра позволила студентам, выбравшим финансы в качестве карьерного трека, глубже погрузиться в различные виды финансовых функций, функционирование компаний и финансовых продуктов.17авг2023Итоги Международной летней школы — 2023В августе в Питерской Вышке завершилась Международная летняя школа. Участники прослушали курсы по политологии, русскому языку и финансам от преподавателей Питерской Вышки, а также познакомились с Петербургом и исследовали его достопримечательности в ходе культурной программы. Обучение прошли студенты из девяти стран, таких как Венесуэла, Китай, Вьетнам, Южная Корея, Япония, Италия, Германия, Узбекистан и Россия.28июн2021Внедрение кейс-метода в преподавание12 преподавателей НИУ ВШЭ – Санкт-Петербург в рамках обучения по программе Кейс-центра (The Case Centre, Великобритания) подготовили учебные кейсы для внедрения в учебный процесс кампуса и включения в международную базу кейсов. Еще 24 сотрудника кампуса осваивают навыки подготовки мультимедийных кейсов на программе повышения квалификации НИУ ВШЭ – Санкт-Петербург."]}, {"level": "2", "text": "Студенты ШЭМ реализовали консалтинговый проект для компании \"Лента\"", "response": ["С октября 2023 по январь 2024 года студентами, обучающимися на магистерских программа «Менеджмент и аналитика для бизнеса» и «Аналитика данных для бизнеса и экономики» был реализован консалтинговый проект для компании «Лента» Санкт-Петербург."]}, {"level": "2", "text": "Деловая игра «Сила финансов» - выбор карьерного трека", "response": ["17 ноября 2023 года прошла деловая игра «Сила финансов» для студентов 1 курса программы «Финансы», реализуемой в Санкт-Петербургской школе экономики и менеджмента НИУ ВШЭ. Игра позволила студентам, выбравшим финансы в качестве карьерного трека, глубже погрузиться в различные виды финансовых функций, функционирование компаний и финансовых продуктов."]}, {"level": "2", "text": "Итоги Международной летней школы — 2023", "response": ["В августе в Питерской Вышке завершилась Международная летняя школа. Участники прослушали курсы по политологии, русскому языку и финансам от преподавателей Питерской Вышки, а также познакомились с Петербургом и исследовали его достопримечательности в ходе культурной программы. Обучение прошли студенты из девяти стран, таких как Венесуэла, Китай, Вьетнам, Южная Корея, Япония, Италия, Германия, Узбекистан и Россия."]}, {"level": "2", "text": "Внедрение кейс-метода в преподавание", "response": ["12 преподавателей НИУ ВШЭ – Санкт-Петербург в рамках обучения по программе Кейс-центра (The Case Centre, Великобритания) подготовили учебные кейсы для внедрения в учебный процесс кампуса и включения в международную базу кейсов. Еще 24 сотрудника кампуса осваивают навыки подготовки мультимедийных кейсов на программе повышения квалификации НИУ ВШЭ – Санкт-Петербург."]}], "links": ["http://ruz2018.hse.ru", "https://amec.hse.ru/mirror/pubs/share/320114166", "https://economics.hse.ru/", "https://publications.hse.ru/view/315004263", "https://publications.hse.ru/view/315006118", "https://publications.hse.ru/view/315014366", "https://publications.hse.ru/view/315053412", "https://publications.hse.ru/view/315053756", "https://publications.hse.ru/view/316113614", "https://publications.hse.ru/view/317931188", "https://publications.hse.ru/view/318025107", "https://publications.hse.ru/view/346946861", "https://publications.hse.ru/view/346947251", "https://publications.hse.ru/view/346947979", "https://publications.hse.ru/view/346948755", "https://publications.hse.ru/view/346953402", "https://publications.hse.ru/view/466933875", "https://publications.hse.ru/view/476753429", "https://publications.hse.ru/view/520271697", "https://publications.hse.ru/view/520276506", "https://publications.hse.ru/view/529368999", "https://publications.hse.ru/view/529464112", "https://publications.hse.ru/view/749958336", "https://publications.hse.ru/view/828112952", "https://publications.hse.ru/view/836383257", "https://publications.hse.ru/view/846657878", "https://publications.hse.ru/view/850452497", "https://publications.hse.ru/view/863502087", "https://publications.hse.ru/view/871644628", "https://publications.hse.ru/view/881390436", "https://publications.hse.ru/view/885686070", "https://spb.hse.ru/", "https://spb.hse.ru/ma/finance/news/877496548.html", "https://spb.hse.ru/news/482102085.html", "https://spb.hse.ru/news/853269881.html", "https://spb.hse.ru/scem/", "https://spb.hse.ru/scem/fin/", "https://spb.hse.ru/scem/news/905392666.html", "https://sport.hse.ru/sc", "https://www.hse.ru/edu/courses/298719855", "https://www.hse.ru/edu/courses/298721439", "https://www.hse.ru/edu/courses/301847201", "https://www.hse.ru/edu/courses/304874518", "https://www.hse.ru/edu/courses/339502089", "https://www.hse.ru/edu/courses/339570975", "https://www.hse.ru/edu/courses/339572818", "https://www.hse.ru/edu/courses/339573524", "https://www.hse.ru/edu/courses/375307189", "https://www.hse.ru/edu/courses/375310867", "https://www.hse.ru/edu/courses/395921133", "https://www.hse.ru/edu/courses/395921161", "https://www.hse.ru/edu/courses/395922292", "https://www.hse.ru/edu/courses/452805174", "https://www.hse.ru/edu/courses/471004891", "https://www.hse.ru/edu/courses/471045389", "https://www.hse.ru/edu/courses/492548813", "https://www.hse.ru/edu/courses/575422221", "https://www.hse.ru/edu/courses/646531953", "https://www.hse.ru/edu/courses/647342752", "https://www.hse.ru/edu/courses/647357433", "https://www.hse.ru/edu/courses/835178056", "https://www.hse.ru/edu/courses/835178060", "https://www.hse.ru/edu/courses/835178064", "https://www.hse.ru/edu/courses/835178952", "https://www.hse.ru/edu/courses/835178956", "https://www.hse.ru/edu/courses/835178960", "https://www.hse.ru/edu/courses/835179429", "https://www.hse.ru/edu/courses/835179441", "https://www.hse.ru/edu/courses/835183565", "https://www.hse.ru/edu/courses/835183590", "https://www.hse.ru/edu/courses/835183612", "https://www.hse.ru/edu/courses/835183635", "https://www.hse.ru/edu/courses/835183671", "https://www.hse.ru/edu/courses/835185672", "https://www.hse.ru/edu/courses/835237874", "https://www.hse.ru/edu/courses/836736745", "https://www.hse.ru/edu/courses/872905945", "https://www.hse.ru/edu/courses/872910088", "https://www.hse.ru/edu/courses/872910095", "https://www.hse.ru/edu/courses/872911249", "https://www.hse.ru/org/persons/228551063/timetable"], "text": ["Чуракова Ийя ЮрьевнаДоцент:НИУ ВШЭ в Санкт-Петербурге / Санкт-Петербургская школа экономики и менеджмента / Департамент финансовНачала работать в НИУ ВШЭ в 2020 году.Научно-педагогический стаж: 24 года.Домашняя страницаПреподаваниеПубликации и исследованияОпыт работыВ новостяхОбразование, учёные степени2000Кандидат экономических наук: Санкт-Петербургский государственный университет экономики и финансов1995Специалитет: Ленинградский финансово-экономический институт им. Н.А. Вознесенского, специальность «Статистика», квалификация «Экономист»Дополнительное образование / Повышение квалификации / СтажировкиМеждународный \"Конкурс учителей на льготное обучение коучингу\", Международный университет GlobalCoaching. Прошла обучение (155 часов) и получила сертификат Coach ICF по программе «Коучинг в бизнесе» (15 марта 2018г – 24 июня 2018г)Профессиональные интересыфинансовый анализ и моделированиеинновации в бизнесемногомерный статистический анализ в экономикеприкладной статистический анализДостижения и поощренияБлагодарность НИУ ВШЭ - Санкт-Петербург (июнь 2023)Научный руководитель диссертационных исследованийна соискание учёной степени кандидата наук1Карташов Д. А. Влияние Совета директоров на повышение финансовой устойчивости корпорации в условиях неопределённости внешней среды (aспирантура: 1-й год обучения)2Занько Г. В. Управление корпоративным казначейством в условиях фрагментированной ликвидности рынка (aспирантура: 1-й год обучения)3Зимин А. М. Устойчивые стратегии развития компании: баланс экономической эффективности и целей ESG (aспирантура: 1-й год обучения)4Кумар В. Финансовая эффективность цепи поставок: Анализ потенциальных барьеров и методов их преодоления с использованием теоретических финансовых и нефинансовых моделей и матриц (aспирантура: 1-й год обучения)Учебные курсы (2023/2024 уч. год)Introduction into Financial Economics (Бакалавриат; где читается: Санкт-Петербургская школа экономики и менеджмента; 2-й курс, 4 модуль)АнгДашборды: подготовка данных для управленческих решений (Майнор; где читается: Санкт-Петербургская школа экономики и менеджмента; 1, 2 модуль)РусInternational Standards and Consolidation of Financial Statements (Магистратура; где читается: Санкт-Петербургская школа экономики и менеджмента; 1-й курс, 4 модуль)АнгInternational Standards and Consolidation of Financial Statements (Магистратура; где читается: Санкт-Петербургская школа экономики и менеджмента; 2-й курс, 1, 2 модуль)АнгInvestment Portfolio Management (Магистратура; где читается: Факультет экономических наук; направление \"38.04.08. Финансы и кредит\", направление \"38.04.08. Финансы и кредит\", направление \"38.04.08. Финансы и кредит\", направление \"38.04.08. Финансы и кредит\"; 2-й курс, 2 модуль)АнгInvestment Portfolio Management (Магистратура; где читается: Санкт-Петербургская школа экономики и менеджмента; 2-й курс, 2 модуль)АнгInvestment Portfolio Management (Маго-лего; 2 модуль)АнгPerformance Management (Бакалавриат; где читается: Санкт-Петербургская школа экономики и менеджмента; направление \"38.03.01. Экономика\", направление \"38.03.02. Менеджмент\", направление \"38.03.02. Менеджмент\"; 4-й курс, 2 модуль)АнгManagement Accounting (Бакалавриат; где читается: Санкт-Петербургская школа экономики и менеджмента; направление \"38.03.01. Экономика\", направление \"38.03.02. Менеджмент\", направление \"38.03.02. Менеджмент\"; 3-й курс, 2 модуль)АнгFinancial Analysis (Магистратура; где читается: Санкт-Петербургская школа экономики и менеджмента; 1-й курс, 2 модуль)АнгАрхив учебных курсовУчебные курсы (2022/2023 уч. год)Analytical tools for enterprise financial management (Дисциплина общефакультетского пула; 1 модуль)АнгInvestment Analysis (Advanced Level) (Магистратура; где читается: Факультет экономических наук; 2-й курс, 2 модуль)АнгInvestment Analysis (Advanced Level) (Магистратура; где читается: Санкт-Петербургская школа экономики и менеджмента; 2-й курс, 2 модуль)АнгControlling (Магистратура; где читается: Санкт-Петербургская школа экономики и менеджмента; 2-й курс, 1, 2 модуль)АнгInternational Financial Reporting Standards (Бакалавриат; где читается: Санкт-Петербургская школа экономики и менеджмента; 4-й курс, 1 модуль)АнгInternational Financial Reporting Standards (Магистратура; где читается: Санкт-Петербургская школа экономики и менеджмента; 2-й курс, 1, 2 модуль)АнгФинансовая аналитика для малого бизнеса (Общеуниверситетский факультатив; 1, 2 модуль)РусУчебные курсы (2021/2022 уч. год)Principles of Accounting (Бакалавриат; где читается: Санкт-Петербургская школа экономики и менеджмента; 2-й курс, 1, 2 модуль)АнгInvestment Analysis (Advanced Level) (Магистратура; где читается: Санкт-Петербургская школа экономики и менеджмента; 2-й курс, 1, 2 модуль)АнгInvestment Analysis (Advanced Level) (Магистратура; где читается: Факультет экономических наук; 2-й курс, 1, 2 модуль)АнгInternational Financial Reporting Standards (Бакалавриат; где читается: Санкт-Петербургская школа экономики и менеджмента; 4-й курс, 1 модуль)АнгInternational Financial Reporting Standards (Магистратура; где читается: Санкт-Петербургская школа экономики и менеджмента; 2-й курс, 1, 2 модуль)АнгФинансовая аналитика для малого бизнеса (Общеуниверситетский факультатив; 1, 2 модуль)РусЭконометрика (Бакалавриат; где читается: Санкт-Петербургская школа экономики и менеджмента; 3-й курс, 1, 2 модуль)РусУчебные курсы (2020/2021 уч. год)Financial Statement Analysis (Маго-лего; 3 модуль)АнгInvestment Analysis (Advanced Level) (Магистратура; где читается: Санкт-Петербургская школа экономики и менеджмента; 2-й курс, 1, 2 модуль)АнгManagement Accounting (Бакалавриат; где читается: Санкт-Петербургская школа экономики и менеджмента; 4-й курс, 1 модуль)АнгManagement Accounting (Бакалавриат; где читается: Санкт-Петербургская школа экономики и менеджмента; 2-й курс, 4 модуль)АнгManagement Accounting (Бакалавриат; где читается: Санкт-Петербургская школа экономики и менеджмента; 3-й курс, 1 модуль)АнгФинансовый анализ (Бакалавриат; где читается: Санкт-Петербургская школа экономики и менеджмента; 2-й курс, 3 модуль)РусЭконометрика (Бакалавриат; где читается: Санкт-Петербургская школа экономики и менеджмента; 3-й курс, 1, 2 модуль)РусУчебные курсы (2019/2020 уч. год)Management Accounting I (Бакалавриат; где читается: Санкт-Петербургская школа экономики и менеджмента; 2-й курс, 1, 2 модуль)АнгManagement Accounting II (Бакалавриат; где читается: Санкт-Петербургская школа экономики и менеджмента; 2-й курс, 3 модуль)АнгФинансовый анализ (Бакалавриат; где читается: Санкт-Петербургская школа экономики и менеджмента; 2-й курс, 3 модуль)РусПубликации20242Книга Волкова О. Н., Чуракова И. Ю. Управленческий учет : учебник и практикум для вузов / 2-е изд., перераб. и доп.. М. : Юрайт, 2024.Книга Волкова О. Н., Чуракова И. Ю. Учетная информация для принятия решений : учебник и практикум для вузов / 2-е издание, переработанное и дополненное. М. : Юрайт, 2024.20234Статья V. V. Nazarova, I. Yu. Churakova, A. O. Dmitriev. Impact of ESG Disclosure on Financial Performance: Mandatory vs. Voluntary Disclosure // Финансы и бизнес. 2023. Vol. 19. No. 3. P. 51-70. doiСтатья Nazarova V., Churakova I., Sergachev B. D., Orekhovskaya M. A. Responsible and profi table: How does ESG agenda increases company’s evaluation // Vestnik of Saint Petersburg University. Management. 2023. Vol. 22. No. 2. P. 226-248. doiСтатья Варвара В. Назарова, Ийя Ю. Чуракова, Дмитрий А. Куприянов Проверка достоверности финансовой отчетности европейских компаний законом Бенфорда // AlterEconomics (ранее - Журнал экономической теории). 2023. Т. 20. № 3. С. 691-711. doiКнига Назарова В. В., Чуракова И. Ю. Финансы устойчивого развития: вызовы и стратегии 2023 (SFCS2023) Сборник статей IV Международной научно-практической конференции. Москва, РУДН, 2 марта 2023 г. М. : Издательство РУДН, 2023.20223Статья V. V. Nazarova, I. YU. Churakova, B. N. Kurilov, D. D. Titova. CONSUMER BEHAVIOR TOWARDS RUSSIAN BRANDS OF FOREIGN FMCG COMPANIES // Russian Management Journal. 2022. Vol. 4. No. 20. P. 546-565. doiГлава книги Чуракова И. Ю. Актуальность разработки интегрального индекса готовности нефтегазового сектора к внедрению принципов циркулярной экономики в России // В кн.: Статистические оценки устойчивого развития: Материалы международной научно-практической конференции, Санкт-Петербург, 27–28 января 2022 г. Издательство Санкт-Петербургского государственного экономического университета, 2022. С. 563-568.Статья Завьялова А. Н., Новикова В. П., Чуракова И. Ю., Чуйнышена С. А., Лузанова О. А. ФИЗИЧЕСКОЕ РАЗВИТИЕ И ВЫРАЖЕННОСТЬ БЕЛКОВО-ЭНЕРГЕТИЧЕСКОЙ НЕДОСТАТОЧНОСТИ У ДЕТЕЙ С ДЕТСКИМ ЦЕРЕБРАЛЬНЫМ ПАРАЛИЧОМ // Профилактическая и клиническая медицина. 2022. № 1. С. 42-52. doi20216Статья Freixanet J., I.Y.A. Churakova, Rialp J., Lin H. Riding the storm out: the short- and long-term effects of export promotion on firm performance during an economic downturn // European Journal of International Management. 2021. Vol. 16. No. 1. P. 118-147. doiКнига Елисеева И. И., Батырова Д. К., Боченина М. В., Декина М. П., Курышева С. В., Макаров Г. В., Михайлова Е. Б., Сорокина Ю. И., Нерадовская Ю. В., Потахова Л. М., Силаева С. А., Чуракова И. Ю. Бизнес-статистика : учебник и практикум для вузов - 2е изд. М. : Юрайт, 2021.Статья Чуракова И. Ю., Корехова Е. В., Гумановский М. Г., Герасименко Н. Н. Модель «Бизнес-радар C2GK» как инструмент комплексной диагностики бизнеса // Менеджмент сегодня. 2021. Т. 2. № 114. С. 90-102. doiГлава книги Леевик Ю. С., Леевик Г. Е., Чуракова И. Ю. Особенности интеллекта персонала промышленных предприятий РФ // В кн.: Трансформация труда в (де) глобализирующемся обществе. СПб. : ООО \"Скифия-принт\", 2021. Гл. III-6. С. 268-277.Глава книги Корехова Е. В., Чуракова И. Ю. Профориентационная компетентность в эпоху цифровизации // В кн.: Трансформация труда в (де) глобализирующемся обществе. СПб. : ООО \"Скифия-принт\", 2021. Гл. III-7. С. 278-292.Глава книги Чуракова И. Ю. Тема 2. ОРГАНИЗАЦИЯ МАССОВЫХ ДАННЫХ И АЛГОРИТМЫ ВЫЯВЛЕНИЯ ВЫБРОСОВ // В кн.: Бизнес-статистика : учебник и практикум для вузов - 2е изд. М. : Юрайт, 2021. Гл. 3. С. 63-108.20202Статья Freixanet J., Rialp A., Churakova Iya. How Do Innovation, Internationalization, and Organizational Learning Interact and Co-evolve in Small Firms? A Complex Systems Approach // Journal of Small Business Management. 2020. Vol. 58. No. 5. P. 1030-1063. doiГлава книги Леевик Ю. С., Чуракова И. Ю. Роль финансовой составляющей в определении индексов для оценки уровня развития циркулярной экономики в нефтегазовой отрасли // В кн.: Сборник научных трудов Второй Санкт-Петербургской конференции исследователей в сфере экономики, бизнеса и общества: итоги и вызовы 2020 года / Под общ. ред.: Е. М. Рогова, Ю. А. Тарасова, Е. А. Шакина, Е. В. Шушунова. НИУ ВШЭ, 2020. С. 62-68.20192Статья Churakova Iya, Серова Л. С. Microenterprises’ Innovative Activities in Relations to Regions' Development in the Russian Federation // Journal of Emerging Issues in Economics, Finance and Banking. 2019. Vol. 8. No. 1. P. 2913-2934.Глава книги Чуракова И. Ю., Леевик Ю. С., Серова Л. С. Оценка влияния экономики совместного использования на малый и средний гостиничный бизнес в России // В кн.: Сборник научных трудов Санкт-Петербургской конференции исследователей в сфере экономики, бизнеса и общества: итоги 2019 года / Под общ. ред.: Е. М. Рогова, Ю. А. Тарасова, Е. А. Шакина. СПб. : Национальный исследовательский университет \"Высшая школа экономики\", 2019. С. 48-55.20182Статья Freixanet J., Iya Churakova. Exploring the Relationship between International Stage, Innovation and Performance. The Case of Spanish Companies // International Journal of Business. 2018. Vol. 23. No. 2. P. 130-150.Статья Freixanet J., Iya Churakova. The Impact of Export Promotion Programs on Firms’ Export Competencies and Performance in a Transition Economy: The Case of Russian Manufacturers // Journal of East-West Business. 2018. Vol. 24. No. 4. P. 287-318. doi20172Статья Чуракова И. Ю., Серова Л. С., Страхович Э. В. Многосторонние платформы в эволюции бизнес-моделей микропредприятий // Управленец. 2017. № 4. С. 53-60.Статья Чуракова И. Ю., Серова Л. С. Роль микропредприятий в инновационном развитии регионов РФ // Инновации. 2017. № 4 (222). С. 79-88.20163Статья Iya Churakova, Frösén J., Jaakkola M., Tikkanen H. Effective Forms of Market Orientation across the Business Cycle: A Longitudinal Analysis of Business-to-Business Firms // Industrial Marketing Management. 2016. Vol. 52. No. C. P. 91-99. doiГлава книги Iya Churakova, Freixanet J. Exploring the Reciprocal Rela-tionship Between Innovation, Internationalization, and Or-ganizational Learning: A Complex System Model for Small Firms, in: GSOM EMERGING MARKETS CONFERENCE 2016. St. Petersburg : St. Petersburg State University Graduate School of Management, 2016. P. 116-118.Глава книги Yya Churakova. Subregional Assymetry in the Development of Micro-Enterprises, in: GSOM EMERGING MARKETS CONFERENCE 2016. St. Petersburg : St. Petersburg State University Graduate School of Management, 2016. P. 345-347.20132Книга Churakova I., Hamid K. The Routledge Companion to International Management Education.. Routledge, 2013. doiГлава книги Iya Churakova. The Russian Wildcard in International Management Education., in: The Routledge Companion to International Management Education.. Routledge, 2013. doi Ch. 15. P. 179-192. doiКонференции2021V Санкт-Петербургский международный форум труда (Санкт-Петербург). Доклад: Профориентационная компетентность в эпоху цифровизацииV Санкт-Петербургский международный форум труда (Санкт-Петербург). Доклад: Особенности интеллекта персонала промышленных предприятий РФThe 3rd Asia Conference on Business and Management ACBES (Ho Chi Minh City). Доклад: Sharing Economy Impact on Financial Performance Indicators: Lessons Learned from Emerging Economy Development in Russia2019Analytics for Management and Economics Conference (AMEC) (Санкт-Петербург). Доклад: Relevant financial kpi’s in airline industry: the case of European companies 2018VI Международная онлайн конференция \"Коучинг в образовании\". Доклад: Место коучинга в научной работе со студентами 5th International Research GSOM Emerging Markets Conference (Санкт-Петербург). Доклад: Estimating the Impact of sharing economy on small and medium hotel business in Russia.  Участие в редколлегиях научных журналовС 2015 г.: приглашенный редактор журнала «Journal of Emerging Issues in Economics, Finance and Banking».Опыт работы", "2008 – 2019  Высшая школа менеджмента СПбГУ, доцент.", "статистика для менеджеров по стандартам европейских ассоциаций бизнес-школ", "курсы для магистров и бакалавров на английском языке: количественные методы исследований в бизнесе, прикладная бизнес-статистика", "разработка программ курсов, методического обеспечения", "интерактивное обучение (сертифицированный тренер онлайнового обучения в программе BlackBoard)", "2000 – 2008 Экономический факультет СПбГУ, кафедра статистики, учета и аудита, старший преподаватель.", "курсы общей теории статистики, социальной статистики", "курс \"Единая система учета в экономике\" на английском языке", "2000 – 2001 СПбУЭФ (по совместительству) ассистент", "практикум по эконометрике (с применением аналитических пакетов Excel и Statistics -6)", "1996 – август 2000 ООО «Жиллетт Интернешнл ООО» и ЗАО «Петербург Продактс Интернешнл ЗАО» старший финансовый аналитик", "валютные операции (контракты, учет, cash flow report)", "управление финансовыми потоками (расчетные счета, подотчетные суммы, векселя, кредиты)", "работа в команде по разработке и внедрению электронных систем учета Monolit, SAP", "получен сертификат Практика западного учета I (Центр профессионального обучения Артур Андерсен) 1999 г.", "1995 – 1996 Санкт-Петербургский филиал АОЗТ «Пепсико Холдингс А/О» бухгалтер:", "расчеты с поставщиками, кредитный контроль, расчеты с покупателями", "1994 – 1995 ТОО «Частная юридическая фирма «Коллегия». Главный бухгалтер:", "бухгалтерский учет, кадровое делопроизводство", "1994-1995 ПТУ-97 (по совместительству) преподаватель:", "финансы, бухгалтерский учет на учетном факультете", "Информация*Общий стаж: 30 летНаучно-педагогический стаж: 24 годаПреподавательский стаж: 24 года", "Данные выводятся в соответствии с требованиями приказа  N 831 от 14 августа 2020 г.  Федеральной службы по надзору в сфере образования и науки", "Расписание занятий на сегодняПоказать архивное расписаниеРасписание занятий  по физической культуре в спортивных секцияхПолное расписание15мар2024Студенты ШЭМ реализовали консалтинговый проект для компании \"Лента\"С октября 2023 по январь 2024 года студентами, обучающимися на магистерских программа «Менеджмент и аналитика для бизнеса» и «Аналитика данных для бизнеса и экономики» был реализован консалтинговый проект для компании «Лента» Санкт-Петербург.4дек2023Деловая игра «Сила финансов» - выбор карьерного трека17 ноября 2023 года прошла деловая игра «Сила финансов» для студентов 1 курса программы «Финансы», реализуемой в Санкт-Петербургской школе экономики и менеджмента НИУ ВШЭ. Игра позволила студентам, выбравшим финансы в качестве карьерного трека, глубже погрузиться в различные виды финансовых функций, функционирование компаний и финансовых продуктов.17авг2023Итоги Международной летней школы — 2023В августе в Питерской Вышке завершилась Международная летняя школа. Участники прослушали курсы по политологии, русскому языку и финансам от преподавателей Питерской Вышки, а также познакомились с Петербургом и исследовали его достопримечательности в ходе культурной программы. Обучение прошли студенты из девяти стран, таких как Венесуэла, Китай, Вьетнам, Южная Корея, Япония, Италия, Германия, Узбекистан и Россия.28июн2021Внедрение кейс-метода в преподавание12 преподавателей НИУ ВШЭ – Санкт-Петербург в рамках обучения по программе Кейс-центра (The Case Centre, Великобритания) подготовили учебные кейсы для внедрения в учебный процесс кампуса и включения в международную базу кейсов. Еще 24 сотрудника кампуса осваивают навыки подготовки мультимедийных кейсов на программе повышения квалификации НИУ ВШЭ – Санкт-Петербург."]}