{"title": "Факультет мировой экономики и мировой политики – Национальный исследовательский университет «Высшая школа экономики»", "description": "", "url": "http://we.hse.ru/", "data": [{"level": "1", "text": "Факультет мировой экономики и мировой политики", "response": []}, {"level": "2", "text": "Прямой эфир для абитуриентов ФМЭиМП", "response": []}, {"level": "2", "text": "Состоялась V Модель ООН НИУ ВШЭ #HSEMUN24", "response": []}, {"level": "2", "text": "Выпускники ФМЭиМП стали лауреатами Премии для выдающихся выпускников НИУ ВШЭ", "response": []}, {"level": "2", "text": "Факультет мировой экономики и мировой политики встретил Восточный Новый год", "response": []}, {"level": "2", "text": "ФМЭиМП", "response": []}, {"level": "2", "text": "Цифры факультета", "response": []}, {"level": "2", "text": "Факты о факультете", "response": ["Изучение двух иностранных языков", "Английский у всех + основной язык на выбор", "Бесшовность обучения", "Изучение экономики, международных отношений и выбранного региона в комплексе", "Программы двух дипломов", "Бакалаврская и магистерская программы совместно с корейским Университетом Кёнхи", "Обучение у лучших", "Курсы от ведущих преподавателей — опытных практиков и исследователей"]}, {"level": "2", "text": "Новости", "response": ["Мониторинг мировой экономики и геополитических рисков GlobBaro HSE. Выпуск №23. Март – начало апреля 2024", "Опубликован новый ежемесячный мониторинг мировой экономики и геополитических  рисков GlobBaro Выпуск №23.  Март – начало апреля 2024 г. «Продолжение оживления глобальной деловой активности и торговли, ускорение инфляции в США на фоне повышенных цен на нефть, обострение конфликта на Ближнем Востоке»", "Наука", "мониторинги", "исследования и аналитика", "Департамент мировой экономики", "28 апреля", "Выездной День открытых дверей НИУ ВШЭ в Липецке", "26 апреля на площадке  МАОУ СОШ №27 г. Липецка состоялся Выездной День открытых дверей — День с Вышкой.", "Поступающим", "мастер-классы", "репортаж о событии", "Международный креативный центр «Абитуриент. Студент. Выпускник»", "27 апреля", "Анастасия Лихачева выступила на семинаре фонда «Вызов»", "23 апреля состоялся семинар фонда «Вызов» по концепции научной дипломатии «Предвидя новый мир: время действий в научной дипломатии» (\"Anticipating a New World: The Time for Action in Science Diplomacy\").", "Наука", "дискуссии", "27 апреля", "Еще новости"]}, {"level": "2", "text": "Мероприятия", "response": ["Все мероприятия"]}, {"level": "2", "text": "Руководство", "response": ["Караганов Сергей Александрович", "Научный руководитель", "Лихачева Анастасия Борисовна", "Декан"]}, {"level": "2", "text": "Издания и публикации", "response": ["Современная мировая экономика", "Россия в глобальной политике", "Ежемесячный мониторинг мировой экономики GlobBaro", "Портал «Orientalia Rossica — Российское востоковедение XXI века»"]}, {"level": "2", "text": "Публикации", "response": ["Все публикации"]}, {"level": "2", "text": "Медиаматериалы", "response": ["Добро пожаловать на ФМЭиМП НИУ ВШЭ", "Декан А.Б. Лихачёва о Мировом факультете", "Prev", "Next", "/"]}], "links": ["https://cwejournal.hse.ru/", "https://oriental.hse.ru/coc/announcements/913590557.html", "https://publications.hse.ru/view/745715718", "https://publications.hse.ru/view/788595362", "https://publications.hse.ru/view/790191767", "https://publications.hse.ru/view/791090595", "https://publications.hse.ru/view/807020679", "https://we.hse.ru/announcements/908957644.html", "https://we.hse.ru/announcements/915374885.html", "https://we.hse.ru/asp", "https://we.hse.ru/ba", "https://we.hse.ru/edu-dpo", "https://we.hse.ru/events", "https://we.hse.ru/icc/news/918462201.html", "https://we.hse.ru/ma", "https://we.hse.ru/news/918414055.html", "https://we.hse.ru/news/admission/", "https://we.hse.ru/news/announcements/", "https://we.hse.ru/news/ou/133639535/", "https://we.hse.ru/news/ou/831410746/", "https://we.hse.ru/news/page2.html", "https://we.hse.ru/news/science/", "https://we.hse.ru/news/tags/discus/", "https://we.hse.ru/news/tags/erep/", "https://we.hse.ru/news/tags/mclass/", "https://we.hse.ru/news/tags/monitoring/", "https://we.hse.ru/news/tags/resanl/", "https://we.hse.ru/publications/", "https://wec.hse.ru/globbarohse", "https://wec.hse.ru/news/918650823.html", "https://www.hse.ru/ba/ia/announcements/891043656.html", "https://www.hse.ru/ba/oriental/announcements/891284984.html", "https://www.hse.ru/ba/we/announcements/891034117.html", "https://www.hse.ru/news/announcements/", "https://www.hse.ru/org/persons/14276119", "https://www.hse.ru/staff/karaganov"], "text": ["ФМЭиМП", "Факультет мировой экономики и мировой политики (ФМЭиМП) возник в 2006 году путем преобразования из факультета мировой экономики (ФМЭ), созданного в 2002 году.", "Наш главный образовательный принцип — междисциплинарность, когда международные отношения, экономика, регионоведческие и страноведческие дисциплины изучаются неотрывно друг от друга.", "Наш факультет объединяет лучших преподавателей, академиков, ведущих специалистов-практиков, передовых исследователей, талантливых студентов и выдающихся выпускников совокупно из 70+ стран мира.", "Международные проекты и конференции, международная академическая и научная мобильность, программы двух дипломов, языковые курсы в странах изучаемых языков и сеть международных партнерств — это и есть наш мировой факультет.", "Цифры факультета", "3000 +", "студентов и аспирантов", "6000 +", "выпускников", "63", "страны представлено среди студентов ФМЭиМП", "25 +", "студенческих организаций и инициатив", "5", "программ бакалавриата", "6", "программ магистратуры", "11", "исследовательских центров и лабораторий", "200 +", "преподавателей в 4 департаментах", "Факты о факультете", "Изучение двух иностранных языков", "Английский у всех + основной язык на выбор", "Бесшовность обучения", "Изучение экономики, международных отношений и выбранного региона в комплексе", "Программы двух дипломов", "Бакалаврская и магистерская программы совместно с корейским Университетом Кёнхи", "Обучение у лучших", "Курсы от ведущих преподавателей — опытных практиков и исследователей", "Успех факультета — результат работы блистательных ученых и профессоров, заложенный в его философии «бесшовного», комплексного принципа научного поиска и преподавания. Мы не отрываем политику от экономики, а их от востоковедения и региональных исследований. Мы изучаем мир таким, какой он есть — во всей его увлекательной сложности. Ну и мы не следуем в фарватере старых научных школ и учений, хотя и изучаем их. Мы стараемся идти впереди. И у нас часто получается.", "Караганов Сергей Александрович", "Научный руководитель ФМЭиМП НИУ ВШЭ", "Образовательная деятельность", "Бакалавриат", "5 программ бакалавриата с собственными образовательными стандартами.", "Подробнее", "Магистратура", "6 магистерских программ с широким набором вариативных дисциплин.", "Подробнее", "Аспирантура", "2 аспирантских школы по актуальным вопросам исследований.", "Подробнее", "Дополнительное образование", "Изучение иностранных языков, повышение квалификации, профессиональная переподготовка, корпоративное обучение", "Подробнее", "Нет экономики, кроме мировой экономики. Нет мировой экономики без международных отношений. Нет международных отношений без страноведческих и регионоведческих исследований.", "Лихачёва Анастасия Борисовна", "Декан ФМЭиМП НИУ ВШЭ", "Новости", "Мониторинг мировой экономики и геополитических рисков GlobBaro HSE. Выпуск №23. Март – начало апреля 2024", "Опубликован новый ежемесячный мониторинг мировой экономики и геополитических  рисков GlobBaro Выпуск №23.  Март – начало апреля 2024 г. «Продолжение оживления глобальной деловой активности и торговли, ускорение инфляции в США на фоне повышенных цен на нефть, обострение конфликта на Ближнем Востоке»", "Наука", "мониторинги", "исследования и аналитика", "Департамент мировой экономики", "28 апреля", "Выездной День открытых дверей НИУ ВШЭ в Липецке", "26 апреля на площадке  МАОУ СОШ №27 г. Липецка состоялся Выездной День открытых дверей — День с Вышкой.", "Поступающим", "мастер-классы", "репортаж о событии", "Международный креативный центр «Абитуриент. Студент. Выпускник»", "27 апреля", "Анастасия Лихачева выступила на семинаре фонда «Вызов»", "23 апреля состоялся семинар фонда «Вызов» по концепции научной дипломатии «Предвидя новый мир: время действий в научной дипломатии» (\"Anticipating a New World: The Time for Action in Science Diplomacy\").", "Наука", "дискуссии", "27 апреля", "Еще новости", "Мероприятия", "Все мероприятия", "8", "апреля", "—", "30", "апреля", "Онлайн-курс ДПО «Анализ и прогноз санкций ЕС в отношении РФ: возможности базы данных “SanctionsRuBase+”»", "30", "апреля", "18:00", "Лекция «Священные письмена и древние храмы: путевые заметки из Индии»", "Начало: 18:00", "18", "мая", "15:00", "День открытых дверей образовательной программы «Востоковедение»", "Начало: 15:00", "19", "мая", "11:30", "День открытых дверей образовательной программы «Международные отношения»", "Начало: 11:30", "19", "мая", "13:00", "День открытых дверей образовательной программы «Мировая экономика»", "Начало: 13:00", "21", "мая", "19:30", "Лекция Натальи Верниковской «Колесо сервиса в организации»", "Начало: 19:30", "Подписаться на анонсы", "Организовать мероприятие", "Руководство", "Караганов Сергей Александрович", "Научный руководитель", "Лихачева Анастасия Борисовна", "Декан", "Заместители декана", "Ковалев Игорь Георгиевич", "Первый заместитель декана", "Морозкина Александра Константиновна", "Заместитель декана по науке", "Медведев Денис Анатольевич", "Заместитель декана по финансовой и административной работе", "Жихарева Анна Владимировна", "Заместитель декана по работе с абитуриентами и выпускниками", "Цуканова Ольга Александровна", "Заместитель декана по дополнительному образованию", "Издания и публикации", "Современная мировая экономика", "Россия в глобальной политике", "Ежемесячный мониторинг мировой экономики GlobBaro", "Портал «Orientalia Rossica — Российское востоковедение XXI века»", "Публикации", "Глава в книге", "Zakharov A.", "A Comparative Analysis of Russian and French Strategies towards India and South Asia", "In bk.: Global India: The Pursuit of Influence and Status. Vol. 1st Edition. L.: Routledge, 2023. Ch. 7. P. 118-135.", "Статья", "Fyodor A. Lukyanov.", "A World without Borders", "Russia in Global Affairs. 2022. Vol. 20. No. 3. P. 5-8.", "Статья", "Krukov V. A., Nefedkin V.", "Corporations in the Russian Arctic—From Dominance to Leadership", "SEMA SIMAI Springer Series. 2022. P. 137-153.", "Книга", "Bennett Y., Brown S., Christensen T. et al.", "COVID-19 and Foreign Aid Nationalism and Global Development in a New World Order", "Routledge, 2023.", "Статья", "Shein S.", "How To React To Right-Wing Populist Challengers? Lessons From UK Mainstream Parties", "Interdisciplinary Journal of Populism. 2022. No. 3. P. 182-206.", "Все публикации", "Медиаматериалы", "Добро пожаловать на ФМЭиМП НИУ ВШЭ", "Декан А.Б. Лихачёва о Мировом факультете", "Prev", "Next", "/", "Все видео"]}