{"title": "Графический дизайн — дополнительное образование в Школе дизайна НИУ ВШЭ", "description": "", "url": "https://design.hse.ru/dop/communication-design/300", "data": [{"level": "1", "text": "Графический дизайн", "response": []}, {"level": "2", "text": "4", "response": ["модуля"]}, {"level": "2", "text": "102", "response": ["ОНЛАЙН-ЗАНЯТИЯ"]}, {"level": "2", "text": "65", "response": ["тысяч ₽"]}, {"level": "2", "text": "ПРОГРАММА ОБУЧЕНИЯ", "response": []}, {"level": "2", "text": "ПО ОКОНЧАНИИ ОБУЧЕНИЯ", "response": []}, {"level": "2", "text": "ШКОЛА В ЛИЦАХ", "response": []}], "links": [], "text": ["По вопросам поступления:", "Бакалавриат (доб. 710)", "Магистратура (доб. 703)", "Онлайн-бакалавриат (доб. 709, 711)", "Дополнительное образование (Москва — доб. 705, 706, 712, Санкт-Петербург — доб. 701)", "Детская школа (доб. 707)", "С понедельника по пятницу", "с 10:00 до 18:00", "По общим вопросам", "Метро Павелецкая", "Метро Семёновская", "Основное образование", "Дополнительное образование", "модуля", "Занятия начинаются в сентябре 2024", "ОНЛАЙН-ЗАНЯТИЯ", "3 раза в неделю по вечерам", "тысяч ₽", "За 1 модуль.", "Скидки студентам, выпускникам и сотрудникам НИУ ВШЭ", "Программа профессиональной переподготовки Школы дизайна НИУ ВШЭ. Автор — Митя Харшак, дизайнер, учредитель и главный редактор журнала «Проектор». Работы Мити попали в собрания Российской Национальной Библиотеки, Государственного музея Владимира Набокова, Государственного музея Политической истории России, Государственного музея «Царскосельская коллекция».", "На курсе вы освоите профессию с нуля: научитесь проектировать фирменный стиль, создадите серию графических и типографических плакатов, акцидентный шрифт и макет календаря.", "О КУРСЕ", "Фундаментальный курс по графическому дизайну. Программа разработана дизайнерами-практиками, поможет освоить новую профессию и начать карьеру в креативной индустрии за 12 месяцев.", "«Графический дизайн» — короткая версия бакалаврской программы Школы дизайна НИУ ВШЭ.", "На курсе слушатели развивают навыки арт-директора: концептуальное мышление и визуальную культуру, работают с инструментами дизайна и собирают портфолио проектов.", "Групповыми онлайн-семинарами руководят дизайнеры-практики. Вы сразу начнёте формировать идею и концепцию продукта или услуги, а через 2 месяца презентуете первый проект — малый фирменный стиль. Всего проектов будет 4: сначала простые, потом сложные. Если у вас уже есть бизнес, визуальные решения можно разрабатывать для него.", "КОМУ ПОДХОДИТ", "На программе «Графический дизайн» ждём слушателей без опыта в дизайне и профильного образования.", "Курс подойдёт всем, кто хочет работать с графикой и коммуникацией брендов, продвигать собственный проект в социальных сетях и других каналах, где нужно выстроить концепцию и подкрепить её визуальным языком.", "ЧЕМУ НАУЧИТЕСЬ", "Проектировать малый и большой фирменный стиль, создавать логотипы, графические элементы и типографические решения. Слушатели разработают две серии плакатов, макет многостраничного тиражного издания и акцидентный шрифт.", "Во время работы над проектами вы также освоите программы растровой и векторной графики, инструмент вёрстки многостраничных изданий, научитесь презентовать свою работу и пополните цифровое портфолио четырьмя работами — о них обязательно спросит работодатель.", "Запись онлайн-встречи с кураторами", "Если хотите познакомиться с куратором курса и узнать больше о программе, пожалуйста, заполните форму.", "Отправим запись Дня открытых дверей на почту.", "РАБОТЫ СТУДЕНТОВ", "Курс состоит из четырёх образовательных модулей и двух дисциплин: «креативного проектирования» и «технологий дизайна».", "Модуль I", "Модуль II", "Модуль III", "Модуль IV", "Диплом", "Если заканчивали вуз или колледж, выдадим Диплом о профессиональной переподготовке НИУ ВШЭ.", "Если учились без среднего или высшего образования — сертификат.", "Проекты", "Малый фирменный стиль, серия графических, типографических и анимированных плакатов, шрифт и календарь.", "СЛЕДУЮЩИЕ КУРСЫ", "ПРОФИЛИ МАГИСТРАТУРЫ", "КУРАТОР", "Семен Кирилин", "Преподаватель в Школе дизайна НИУ ВШЭ. В 2016 году выиграл первый всероссийский отбор на чемпионат мира по рекламному креативу для специалистов до 30 лет. Работал в рекламных агентствах Friends, «Восход», Leo Burnett, создавал кампании для Google и McDonald’s. Основатель коммуникационного бюро «Свойство».", "Веб-сайт Семёна", "ЧАСТО ЗАДАВАЕМЫЕ ВОПРОСЫ", "Менеджер по работе со слушателями напишет на WhatsApp, на почту или позвонит. Вы получите общую информацию о курсе, сможете задать любой вопрос о процессе обучения и забронировать место в группе.", "Когда вы заполните анкету, менеджер пригласит вас подписать договор. На встрече вы познакомитесь с администратором группы и получите ссылку на закрытый Telegram-канал — там вы будете обмениваться учебными материалами и общаться с преподавателем.", "Три раза в неделю по вечерам. Формат — онлайн-семинары. Точное расписание появится за 3 недели до старта курса.", "Если не успеваете на занятие, пожалуйста, предупредите куратора группы. Куратор отправит презентацию занятия и полезные материалы. Их можно изучить самостоятельно.", "Прием документов заканчивается за 5 дней до старта или по факту набора группы.", "Нет. Поступить на курс можно без высшего или среднего специального образования.", "Если вы заканчивали вуз или колледж, после выпуска вы получите удостоверение о повышении квалификации НИУ ВШЭ. А если у вас нет высшего или среднего специального образования — сертификат.", "По выставленной квитанции от физических лиц или по номеру расчётного счёта от юридического лица.", "Если вы учитесь или уже заканчивали одну из программ дополнительного образования Школы дизайна НИУ ВШЭ — скидка 5%.", "Студентам и аспирантам НИУ ВШЭ — скидка 10%.", "Сотрудникам НИУ ВШЭ — скидка 20%.", "Встреча с куратором", "Если не нашли ответа на свой вопрос, можно задать его куратору программы. Куратор поможет разобраться, подойдёт ли вам курс, и расскажет о деталях, которые вас интересуют.", "Чтобы зарегистрироваться на «Встречу с куратором» по видеосвязи, заполните форму ниже. Если возможно, уточните ваш вопрос — так мы сможем подготовить ответ заранее.", "Пожалуйста, указывайте правильный адрес электронной почты. Туда отправим приглашение на онлайн-конференцию.", "«Не бойтесь меняться». Выпускницы магистратуры «Перформанс» об обучении, творчестве и карьере", "Премьера фильма Николая Коваленко «Место силы» на CoolPlay", "«Когда поймете, что рисуете очень много — рисуйте еще больше». Интервью с Настей Вавиловой", "Студенты и выпускники «Предметного и промышленного дизайна» поучаствовали в нескольких конкурсах в мае", "Новости Школы дизайна", "Обращения студентов", "Поблагодарить или пожаловаться", "По вопросам поступления:", "Бакалавриат (доб. 710)", "Магистратура (доб. 703)", "Онлайн-бакалавриат (доб. 709, 711)", "Дополнительное образование (Москва — доб. 705, 706, 712, Санкт-Петербург — доб. 701)", "Детская школа (доб. 707)", "С понедельника по пятницу", "с 10:00 до 18:00", "По общим вопросам", "Метро Павелецкая", "Метро Семёновская", "Основное образование", "Дополнительное образование", "Новости Школы дизайна", "Спасибо, вы успешно подписаны!", "Извините, что-то пошло не так. Попробуйте позже.", "Мы используем файлы cookies для улучшения работы сайта НИУ ВШЭ и большего удобства его использования. Более подробную информацию об использовании файлов cookies можно найти здесь, наши правила обработки персональных данных – здесь. Продолжая пользоваться сайтом, вы подтверждаете, что были проинформированы об использовании файлов cookies сайтом НИУ ВШЭ и согласны с нашими правилами обработки персональных данных. Вы можете отключить файлы cookies в настройках Вашего браузера."]}