{"title": "Финансовая отчетность – О Высшей школе экономики – Национальный исследовательский университет «Высшая школа экономики»", "description": "", "url": "http://www.hse.ru/info/financial/", "data": [{"level": "1", "text": "Финансовая отчетность", "response": ["План финансово-хозяйственной деятельности (ПФХД) на 2024 г. и плановый период 2025 и 2026 годов", "Проект плана финансово-хозяйственной деятельности (ПВХД) НИУ ВШЭ на 2024 г. и плановый период 2025 и 2026 годов) (утв. 29.12.23) (PDF, 201 Кб)", "План финансово-хозяйственной деятельности (ПФХД) НИУ ВШЭ на 2023 год и на плановый период 2024 и 2025 годов", "План финансово-хозяйственной деятельности (ПФХД) НИУ ВШЭ на 2023 г. и плановый период 2024 и 2025 годов (утв. 29.12.23) (PDF, 201 Кб)", "План финансово-хозяйственной деятельности (ПФХД) НИУ ВШЭ на 2023 год и плановый период 2024 и 2025 годов (утв. 30.06.2023)  (PDF, 201 Кб)", "План финансово-хозяйственной деятельности (ПФХД) НИУ ВШЭ на 2023 год и плановый период 2024-2025 годов (утв. 12.05.2023) (PDF, 216 Кб)", "План финансово-хозяйственной деятельности (ПФХД) НИУ ВШЭ на 2023 год и на плановый период 2024 и 2025 годов (PDF, 191 Кб)", "План финансово-хозяйственной деятельности (ПФХД) НИУ ВШЭ на 2022 год и на плановый период 2023 и 2024 годов", "План финансово-хозяйственной деятельности НИУ ВШЭ на 2022 год и плановый период 2022-2024 годов (утв. 09.03.2023) (PDF, 151 Кб)", "Отчет о выполнении государственного задания", "Отчет о выполнении государственного задания №075-00672-22 на 2022 год и плановый период 2023-2024 годов от 01.01.2023 (PDF, 8.27 Мб)", "Отчет о результатах деятельности за 2022 год", "Отчет о результатах деятельности и об использовании закрепленного за ним имущества НИУ ВШЭ за 2022 год (PDF, 10.78 Мб)", "Приложение к отчету о результатах деятельности и об использовании закрепленного за ним имущества НИУ ВШЭ за 2022 год (PDF, 5.72 Мб)", "Годовой бухгалтерский отчет НИУ ВШЭ за 2022 год", "Баланс государственного (муниципального учреждения) (ф. 0503730) (PDF, 738 Кб)", "Отчет о бюджетных обязательствах (ф.0503128) (PDF, 133 Кб)", "Отчет о движении денежных средств (ф.0503123) (PDF, 636 Кб)", "Отчет о движении денежных средств учреждения (ф. 0503723) (PDF, 1.97 Мб)", "Отчет о финансовых результатах деятельности учреждения(ф. 0503721) (PDF, 1.15 Мб)", "Отчет о финансовых результатах деятельности (ф.0503121) (PDF, 539 Кб)", "Отчет об исполнении бюджета (ф.0503127) (PDF, 232 Кб)", "Отчет об исполнении учреждением плана его финансово-хозяйственной деятельнеости (PDF, 3.20 Мб)", "Отчет об обязательствах учреждения (ф.0503738) (PDF, 1.19 Мб)", "Пояснительная записка к балансу (ф. 0503160) (PDF, 2.74 Мб)", "Пояснительная записка к балансу учреждения (ф. 0503760) (PDF, 7.86 Мб)", "Сведения о вложениях в объекты недвижимого имущества, об объектах незавершенного строительства бюджетного (автономного) учреждения (PDF, 179 Кб)", "Сведения о принятых и неисполненных обязательствах (ф. 0503775) (PDF, 440 Кб)", "Сведения о финансовых вложениях учреждения (ф. 0503771) (PDF, 121 Кб)", "Сведения об изменении остатков валюты баланса учреждения (ф. 0503773) (PDF, 1.71 Мб)", "Сведения об исполнении бюджета (ф.0503164) (PDF, 89 Кб)", "Сведения об исполнении плана финансово-хозяйственной деятельности (ф. 0503766) (PDF, 155 Кб)", "Сведения об исполнении судебных решений по денежным обязательствам учреждения (ф. 0503295) (PDF, 106 Кб)", "Сведения об остатках денежных средств учреждения (ф. 0503779) (PDF, 772 Кб)", "Сведения по дебиторской и кредиторской задолженности (ф. 0503169) (PDF, 126 Кб)", "Сведения по дебиторской и кредиторской задолженности (ф. 0503769) ( в части кредиторской задолженности) (PDF, 3.95 Мб)", "Сведения по дебиторской и кредиторской задолженности (ф. 0503769) (в части дебиторской задолженности) (PDF, 2.60 Мб)", "Справка по заключению счетов бюджетного учета отчетного финансового года (ф. 0503110) (PDF, 138 Кб)", "Справка по заключению учреждением счетов бухгалтерского учета отчетного финансового года (ф. 0503710) (PDF, 1.59 Мб)", "Справка по консолидируемым расчетам учреждения по коду счета бюджетного учета (ф. 0503725) (PDF, 3.29 Мб)", "Аудиторское заключение независимого аудитора о консолидированной финансовой отчетности НИУ ВШЭ за 2022 год (PDF, 762 Кб)", "Аудиторское заключение независимого аудитора по бухгалтерской отчетности НИУ ВШЭ за 2022 год (PDF, 19.19 Мб)", "Аудиторское заключение независимого аудитора по бюджетной отчетности НИУ ВШЭ за 2022 год (PDF, 2.31 Мб)", "Отчет об использовании имущества НИУ ВШЭ за 2022 год", "Сведения о движении нефинансовых активов (ф. 0503768) (PDF, 4.35 Мб)", "Архив:", "Финансовая отчетность за 2021 год", "Финансовая отчетность за 2020 год", "Финансовая отчетность за 2019 год", "Финансовая отчетность за 2018 год", "Финансовая отчетность за 2017 год", "Финансовая отчетность за 2016 год", "Финансовая отчетность за 2015 год", "Финансовая отчетность за 2014 год", "Финансовая отчетность за 2013 год", "Отчет о результатах деятельности и исполнении Плана финансово-хозяйственной деятельности (ПФХД) НИУ ВШЭ за 2020 год"]}], "links": ["http://www.hse.ru/info/financial2013", "http://www.hse.ru/info/financial2014", "http://www.hse.ru/info/financial2015", "http://www.hse.ru/info/financial2016", "http://www.hse.ru/info/financial2017", "http://www.hse.ru/info/financial2018", "http://www.hse.ru/info/financial2019", "https://www.hse.ru/info/financial2020", "https://www.hse.ru/info/financial2021"], "text": ["Финансовая отчетность", "План финансово-хозяйственной деятельности (ПФХД) на 2024 г. и плановый период 2025 и 2026 годов", "Проект плана финансово-хозяйственной деятельности (ПВХД) НИУ ВШЭ на 2024 г. и плановый период 2025 и 2026 годов) (утв. 29.12.23) (PDF, 201 Кб)", "План финансово-хозяйственной деятельности (ПФХД) НИУ ВШЭ на 2023 год и на плановый период 2024 и 2025 годов", "План финансово-хозяйственной деятельности (ПФХД) НИУ ВШЭ на 2023 г. и плановый период 2024 и 2025 годов (утв. 29.12.23) (PDF, 201 Кб)", "План финансово-хозяйственной деятельности (ПФХД) НИУ ВШЭ на 2023 год и плановый период 2024 и 2025 годов (утв. 30.06.2023)  (PDF, 201 Кб)", "План финансово-хозяйственной деятельности (ПФХД) НИУ ВШЭ на 2023 год и плановый период 2024-2025 годов (утв. 12.05.2023) (PDF, 216 Кб)", "План финансово-хозяйственной деятельности (ПФХД) НИУ ВШЭ на 2023 год и на плановый период 2024 и 2025 годов (PDF, 191 Кб)", "План финансово-хозяйственной деятельности (ПФХД) НИУ ВШЭ на 2022 год и на плановый период 2023 и 2024 годов", "План финансово-хозяйственной деятельности НИУ ВШЭ на 2022 год и плановый период 2022-2024 годов (утв. 09.03.2023) (PDF, 151 Кб)", "Отчет о выполнении государственного задания", "Отчет о выполнении государственного задания №075-00672-22 на 2022 год и плановый период 2023-2024 годов от 01.01.2023 (PDF, 8.27 Мб)", "Отчет о результатах деятельности за 2022 год", "Отчет о результатах деятельности и об использовании закрепленного за ним имущества НИУ ВШЭ за 2022 год (PDF, 10.78 Мб)", "Приложение к отчету о результатах деятельности и об использовании закрепленного за ним имущества НИУ ВШЭ за 2022 год (PDF, 5.72 Мб)", "Годовой бухгалтерский отчет НИУ ВШЭ за 2022 год", "Баланс государственного (муниципального учреждения) (ф. 0503730) (PDF, 738 Кб)", "Отчет о бюджетных обязательствах (ф.0503128) (PDF, 133 Кб)", "Отчет о движении денежных средств (ф.0503123) (PDF, 636 Кб)", "Отчет о движении денежных средств учреждения (ф. 0503723) (PDF, 1.97 Мб)", "Отчет о финансовых результатах деятельности учреждения(ф. 0503721) (PDF, 1.15 Мб)", "Отчет о финансовых результатах деятельности (ф.0503121) (PDF, 539 Кб)", "Отчет об исполнении бюджета (ф.0503127) (PDF, 232 Кб)", "Отчет об исполнении учреждением плана его финансово-хозяйственной деятельнеости (PDF, 3.20 Мб)", "Отчет об обязательствах учреждения (ф.0503738) (PDF, 1.19 Мб)", "Пояснительная записка к балансу (ф. 0503160) (PDF, 2.74 Мб)", "Пояснительная записка к балансу учреждения (ф. 0503760) (PDF, 7.86 Мб)", "Сведения о вложениях в объекты недвижимого имущества, об объектах незавершенного строительства бюджетного (автономного) учреждения (PDF, 179 Кб)", "Сведения о принятых и неисполненных обязательствах (ф. 0503775) (PDF, 440 Кб)", "Сведения о финансовых вложениях учреждения (ф. 0503771) (PDF, 121 Кб)", "Сведения об изменении остатков валюты баланса учреждения (ф. 0503773) (PDF, 1.71 Мб)", "Сведения об исполнении бюджета (ф.0503164) (PDF, 89 Кб)", "Сведения об исполнении плана финансово-хозяйственной деятельности (ф. 0503766) (PDF, 155 Кб)", "Сведения об исполнении судебных решений по денежным обязательствам учреждения (ф. 0503295) (PDF, 106 Кб)", "Сведения об остатках денежных средств учреждения (ф. 0503779) (PDF, 772 Кб)", "Сведения по дебиторской и кредиторской задолженности (ф. 0503169) (PDF, 126 Кб)", "Сведения по дебиторской и кредиторской задолженности (ф. 0503769) ( в части кредиторской задолженности) (PDF, 3.95 Мб)", "Сведения по дебиторской и кредиторской задолженности (ф. 0503769) (в части дебиторской задолженности) (PDF, 2.60 Мб)", "Справка по заключению счетов бюджетного учета отчетного финансового года (ф. 0503110) (PDF, 138 Кб)", "Справка по заключению учреждением счетов бухгалтерского учета отчетного финансового года (ф. 0503710) (PDF, 1.59 Мб)", "Справка по консолидируемым расчетам учреждения по коду счета бюджетного учета (ф. 0503725) (PDF, 3.29 Мб)", "Аудиторское заключение независимого аудитора о консолидированной финансовой отчетности НИУ ВШЭ за 2022 год (PDF, 762 Кб)", "Аудиторское заключение независимого аудитора по бухгалтерской отчетности НИУ ВШЭ за 2022 год (PDF, 19.19 Мб)", "Аудиторское заключение независимого аудитора по бюджетной отчетности НИУ ВШЭ за 2022 год (PDF, 2.31 Мб)", "Отчет об использовании имущества НИУ ВШЭ за 2022 год", "Сведения о движении нефинансовых активов (ф. 0503768) (PDF, 4.35 Мб)", "Архив:", "Финансовая отчетность за 2021 год", "Финансовая отчетность за 2020 год", "Финансовая отчетность за 2019 год", "Финансовая отчетность за 2018 год", "Финансовая отчетность за 2017 год", "Финансовая отчетность за 2016 год", "Финансовая отчетность за 2015 год", "Финансовая отчетность за 2014 год", "Финансовая отчетность за 2013 год", "Отчет о результатах деятельности и исполнении Плана финансово-хозяйственной деятельности (ПФХД) НИУ ВШЭ за 2020 год"]}