{"title": "Контакты – Центр дополнительного профессионального образования – Национальный исследовательский университет «Высшая школа экономики»", "description": "", "url": "https://pravo.hse.ru/dpo/contacts", "data": [{"level": "1", "text": "Контакты", "response": ["dpo-pravo@hse.ru", "Апргейд по праву", "109028, Москва, Большой Трехсвятительский переулок, д. 3, каб. 202", "+7(916)971-28-70", "Команда", "Рюмин Дмитрий Дмитриевич", "Заместитель руководителя Центра", "Руководство и координация работы ЦентраОрганизация и проведение обучения+7 (495) 772-95-90 (доб. 22032)dryumin@hse.ru", "Арчакова Аза Ахметовна", "Менеджер", "Cопровождение и консультация слушателей, документооборот+7 (495) 772-95-90 (доб. 23964)aarchakova@hse.ru", "Кадохова Виктория Александровна", "Менеджер", "Методическое сопровождение и поддержка слушателей в процессе обучения, работа с LMS+7 (495) 772-95-90 (доб. 23763)vkadokhova@hse.ru", "Кондратьев Александр Александрович", "Менеджер", "Маркетинг, аналитика, создание и поддержка сайтов программ.+7 (495) 772-95-90 (доб. 23360)aakondratiev@hse.ru", "Семенова Оксана Владимировна", "Менеджер", "Куратор программы второго высшего образования \"Правовое сопровождение бизнеса\" (бакалавриат)+7 (495) 772-95-90 (доб. 28376)osemenova@hse.ru"]}, {"level": "2", "text": "Команда", "response": []}], "links": [], "text": ["Контакты", "dpo-pravo@hse.ru", "Апргейд по праву", "109028, Москва, Большой Трехсвятительский переулок, д. 3, каб. 202", "+7(916)971-28-70", "Команда", "Рюмин Дмитрий Дмитриевич", "Заместитель руководителя Центра", "Руководство и координация работы ЦентраОрганизация и проведение обучения+7 (495) 772-95-90 (доб. 22032)dryumin@hse.ru", "Арчакова Аза Ахметовна", "Менеджер", "Cопровождение и консультация слушателей, документооборот+7 (495) 772-95-90 (доб. 23964)aarchakova@hse.ru", "Кадохова Виктория Александровна", "Менеджер", "Методическое сопровождение и поддержка слушателей в процессе обучения, работа с LMS+7 (495) 772-95-90 (доб. 23763)vkadokhova@hse.ru", "Кондратьев Александр Александрович", "Менеджер", "Маркетинг, аналитика, создание и поддержка сайтов программ.+7 (495) 772-95-90 (доб. 23360)aakondratiev@hse.ru", "Семенова Оксана Владимировна", "Менеджер", "Куратор программы второго высшего образования \"Правовое сопровождение бизнеса\" (бакалавриат)+7 (495) 772-95-90 (доб. 28376)osemenova@hse.ru"]}