{"title": "Факультет права – Национальный исследовательский университет «Высшая школа экономики»", "description": "", "url": "https://www.hse.ru/org/url/22753", "data": [{"level": "1", "text": "Факультет права НИУ ВШЭ", "response": ["‍ ‍ ‍", "lawfacult@hse.ru", "Подписаться на рассылку"]}, {"level": "2", "text": "Sport Arbitration Competition", "response": ["C 25 апреля по 22 мая 2024"]}, {"level": "2", "text": "День открытых дверей ОП «Юриспруденция: правовое регулирование бизнеса»", "response": ["7 мая в 19:00, онлайн"]}, {"level": "2", "text": "Открытые занятия ОП «Юриспруденция: правовое регулирование бизнеса»", "response": []}, {"level": "2", "text": "«Историко-правовое значение введения в Российской империи начал веротерпимости 30 апреля 1905 года для современной системы правового регулирования государственно-религиозных отношений в Российской Федерации»", "response": ["21 мая 2024"]}, {"level": "2", "text": "Lex comparativa", "response": ["Студенческий конкурс по сравнительному правоведению"]}, {"level": "2", "text": "II семестр в Открытой правовой школе факультета права НИУ ВШЭ", "response": ["Занятия с 10 февраля 2024 года"]}, {"level": "2", "text": "Научно-правовые экспертизы факультета права", "response": ["Услуги по правовому консультированию и подготовке научно-правовых экспертиз для юридических и физических лиц, а также органов государственной власти по правовым вопросам для предоставления в суды, государственные органы и иным лицам"]}, {"level": "2", "text": "Новости", "response": ["В НИУ ВШЭ состоялся круглый стол по вопросам административно-территориального и муниципального деления субъектов Российской Федерации", "24 апреля", "Наука", "«День карьеры юриста 2024» на факультете права", "23 апреля", "Университетская жизнь", "В НИУ ВШЭ разработали общедоступный интернет-портал для оценки степени этичности права", "17 апреля", "Наука", "Законодательный процесс в российском парламенте: взгляд представителей законодательной и исполнительной властей", "17 апреля", "Университетская жизнь", "Все новости"]}, {"level": "2", "text": "Мероприятия", "response": ["Все мероприятия"]}], "links": ["https://ilr.hse.ru/announcements/918414754.html", "https://pravo.hse.ru/about_faculty", "https://pravo.hse.ru/announcements/890202863.html", "https://pravo.hse.ru/announcements/898258931.html", "https://pravo.hse.ru/announcements/915668599.html", "https://pravo.hse.ru/announcements/917696931.html", "https://pravo.hse.ru/dpo/announcement", "https://pravo.hse.ru/education", "https://pravo.hse.ru/news/", "https://pravo.hse.ru/news/915378639.html", "https://pravo.hse.ru/news/915412259.html", "https://pravo.hse.ru/news/917097187.html", "https://pravo.hse.ru/news/917427705.html", "https://pravo.hse.ru/news/admission/", "https://pravo.hse.ru/news/announcements/", "https://pravo.hse.ru/news/community/", "https://pravo.hse.ru/news/edu/", "https://pravo.hse.ru/news/expertise/", "https://pravo.hse.ru/news/life/", "https://pravo.hse.ru/news/science/"], "text": ["За четверть века факультет сумел стать одним из ведущих центров юридического образования и науки не только в России, но и за рубежом. Это стало возможным благодаря совмещению фундаментального подхода к преподаванию правовых дисциплин и передовых образовательных практик Вышки.", "С 2012 года факультет ведет образовательную деятельность по собственным стандартам, обеспечивающим более эффективное формирование важнейших для современных юристов компетенций по сравнению с федеральными государственными образовательными стандартами.", "Среди преподавателей факультета — ординарные профессора, заслуженные деятели науки, авторитетные юристы, ведущие специалисты-практики.", "Бакалавриат", "4 программы бакалавриата по собственным образовательным стандартам.", "Подробнее", "Магистратура", "10 уникальных магистерских программ по самым актуальным отраслям права.", "Подробнее", "Аспирантура", "Аспирантская школа по праву готовит исследователей к тому, чтобы стать ведущими молодыми учеными в своих областях.", "Подробнее", "Дополнительное образование", "Программы профессиональной переподготовки и повышения квалификации по наиболее актуальным вопросам в области права.", "Подробнее", "Топ100", "в рейтинге THE World University Rankings by Subject по праву", "Топ150", "в рейтинге QS World University Rankings by Subject по праву", "50", "зарубежных университетов-партнеров", "Подробнее", "Поступающим", "Образование", "Наука", "Экспертиза", "Общество", "Университетская жизнь", "Новости", "В НИУ ВШЭ состоялся круглый стол по вопросам административно-территориального и муниципального деления субъектов Российской Федерации", "24 апреля", "Наука", "«День карьеры юриста 2024» на факультете права", "23 апреля", "Университетская жизнь", "В НИУ ВШЭ разработали общедоступный интернет-портал для оценки степени этичности права", "17 апреля", "Наука", "Законодательный процесс в российском парламенте: взгляд представителей законодательной и исполнительной властей", "17 апреля", "Университетская жизнь", "Все новости", "Мероприятия", "Все мероприятия", "20", "февраля", "—", "12", "мая", "Студенческий онлайн-квест КонсультантПлюс «Кодексомания»", "Начало: 10:00", "Онлайн", "25", "апреля", "—", "22", "мая", "Международный студенческий конкурс по спортивному арбитражу «Sport Arbitration Competition»", "Начало: 12:00", "7", "мая", "19:00", "День открытых дверей ОП «Юриспруденция: правовое регулирование бизнеса»", "Начало: 19:00", "Онлайн", "13", "мая", "—", "17", "мая", "Открытые занятия ОП «Юриспруденция: правовое регулирование бизнеса»", "Начало: 18:30", "16", "мая", "17:00", "Онлайн лекция «Иcпользование ИИ в обеспечении охраны здоровья человека: опыт России и зарубежных стран»", "Начало: 17:00", "109028, Москва, Большой Трехсвятительский переулок, д. 3", "+7 (495) 772-95-90 *23024", "lawfacult@hse.ru", "Телеграм‍", "ВКонтакте‍", "YouTube"]}