{"title": "Научно-учебная лаборатория моделей и методов вычислительной прагматики — Национальный исследовательский университет «Высшая школа экономики»", "description": "", "url": "https://cs.hse.ru/ai/computational-pragmatics/", "data": [{"level": "1", "text": "Научно-учебная лаборатория моделей и методов вычислительной прагматики", "response": []}, {"level": "1", "text": "Научно-учебная лаборатория моделей и методов вычислительной прагматики", "response": []}, {"level": "2", "text": "О лаборатории", "response": ["Лаборатория развивает методы анализа неструктурированных данных. Мы занимаемся разработкой и анализом рекомендательных систем и сервисов и развиваем методы мультимодальной кластеризации и классификации, позволяющие формировать профиль интересов пользователя с учетом различных модальностей. Мы не считаем, что методы майнинга данных и машинного обучения – это черные ящики, и поэтому ориентируемся на развитие интерпретируемых методов.  Также мы работаем в области автоматической обработки языка. Основная область наших исследований – это вопросное-ответные системы и методы извлечения структурированной информации из неструктурированных текстов. Мы исследуем методы переноса обучения, в частности, между языками, в ряде практических задач. Не в последнюю очередь, мы занимаем подготовкой и сбором размеченных текстовых коллекций на русском языке для междисциплинарных исследований, направленных на изучение цифровой трансформации в образовании и экономике."]}, {"level": "2", "text": "В НИУ ВШЭ разработали новый метод, который позволит обнаружить дислексию за минуты", "response": ["Ученые из НИУ ВШЭ разработали новый метод выявления дислексии у детей младшего школьного возраста, основанный на сочетании алгоритмов машинного обучения, технологии записи движений глаз при чтении и демографических данных.", "Наукаисследования и аналитика", "9 апреля"]}, {"level": "2", "text": "В Вышке открывается очередной конкурс на позиции российских постдоков", "response": ["Университет приглашает исследователей принять участие в Программе привлечения российских постдоков в НИУ ВШЭ. Заявки можно подать с 21 марта по 17 мая 2024 года. Для исследователей открыты 116 вакансий в Высшей школе экономике в Москве, Санкт-Петербурге, Нижнем Новгороде и Перми.", "Наукаприглашение к участиюподкасты", "22 марта"]}], "links": ["https://cs.hse.ru/ai/computational-pragmatics/news/", "https://cs.hse.ru/ai/computational-pragmatics/news/912959542.html", "https://cs.hse.ru/ai/computational-pragmatics/news/community/", "https://cs.hse.ru/ai/computational-pragmatics/news/edu/", "https://cs.hse.ru/ai/computational-pragmatics/news/keywords/412921024/", "https://cs.hse.ru/ai/computational-pragmatics/news/page2.html", "https://cs.hse.ru/ai/computational-pragmatics/news/science/", "https://cs.hse.ru/ai/computational-pragmatics/news/tags/inv/", "https://cs.hse.ru/ai/computational-pragmatics/news/tags/resanl/"], "text": ["О лабораторииЛаборатория развивает методы анализа неструктурированных данных. Мы занимаемся разработкой и анализом рекомендательных систем и сервисов и развиваем методы мультимодальной кластеризации и классификации, позволяющие формировать профиль интересов пользователя с учетом различных модальностей. Мы не считаем, что методы майнинга данных и машинного обучения – это черные ящики, и поэтому ориентируемся на развитие интерпретируемых методов.  Также мы работаем в области автоматической обработки языка. Основная область наших исследований – это вопросное-ответные системы и методы извлечения структурированной информации из неструктурированных текстов. Мы исследуем методы переноса обучения, в частности, между языками, в ряде практических задач. Не в последнюю очередь, мы занимаем подготовкой и сбором размеченных текстовых коллекций на русском языке для междисциплинарных исследований, направленных на изучение цифровой трансформации в образовании и экономике. НовостиВсе новостиОбразованиеНаукаОбществоРасширенный поиск новостей", "9апр2024В НИУ ВШЭ разработали новый метод, который позволит обнаружить дислексию за минутыУченые из НИУ ВШЭ разработали новый метод выявления дислексии у детей младшего школьного возраста, основанный на сочетании алгоритмов машинного обучения, технологии записи движений глаз при чтении и демографических данных.Наукаисследования и аналитика9 апреля22мар2024В Вышке открывается очередной конкурс на позиции российских постдоковУниверситет приглашает исследователей принять участие в Программе привлечения российских постдоков в НИУ ВШЭ. Заявки можно подать с 21 марта по 17 мая 2024 года. Для исследователей открыты 116 вакансий в Высшей школе экономике в Москве, Санкт-Петербурге, Нижнем Новгороде и Перми.Наукаприглашение к участиюподкасты22 мартаПоказать еще…"]}