{"title": "Centres of Excellence – HSE University", "description": "", "url": "https://www.hse.ru/interlabs/", "data": [{"level": "1", "text": "Centres of Excellence", "response": ["43", "at HSE Moscow", "7", "on other campuses"]}, {"level": "1", "text": "Centres for Advanced Research", "response": ["2", "in Moscow"]}, {"level": "2", "text": "News", "response": ["The second day of the I-st International Scientific and Practical Forum «The Law of Digital Security»", "The Moscow State Institute of International Relations (University) of the Ministry of Foreign Affairs of the Russian Federation held I-st International Scientific and Practical Forum «The Law of Digital Security». The second day of the forum consisted of round table sessions attended as a speaker by the Research Fellow of the International Laboratory of Digital Transformation in Public Administration of the HSE University Evgeny Diskin.", "Research & Expertise", "research projects", "Reporting an event", "Law of Digital Security", "April 25", "Round table «Quality of life and personalized medicine» dedicated to the fifth anniversary of the Mirror Laboratories project", "Maria Poptsova, Anton Vorobyov gave a report on the AI ​​prognostic system for predicting adverse outcomes in patients with myocardial infarction", "April 25", "The first day of the I-st International Scientific and Practical Forum «The Law of Digital Security»", "The Moscow State Institute of International Relations (University) of the Ministry of Foreign Affairs of the Russian Federation held I-st International Scientific and Practical Forum «The Law of Digital Security». The first day of the Forum consisted of plenary sessions attended as a listener by the Research Fellow of the International Laboratory of Digital Transformation in Public Administration of the HSE University Evgeny Diskin.", "Research & Expertise", "research projects", "Reporting an event", "Law of Digital Security", "April 24", "More news"]}, {"level": "2", "text": "Centres of Excellence", "response": ["Biological sciences", "International Laboratory of Bioinformatics HSE", "Institute of Cognitive Neuroscience HSE", "International Laboratory of Social Neurobiology HSE", "Centre for Cognition & Decision Making HSE", "Centre for Bioelectric Interfaces HSE", "International Laboratory of Microphysiologyical Systems HSE", "International Laboratory of Statistical and Computational Genomics HSE", "International Laboratory for Supercomputer Atomistic Modelling and Multi-scale Analysis HSE", "Center for Language and Brain HSE", "Laboratory for Research on Molecular Mechanisms of Longevity HSE", "Laboratory of Molecular Physiology HSE", "Health Sciences", "Institute of Cognitive Neuroscience HSE", "International Laboratory for Intelligent Systems and Structural Analysis HSE", "International Laboratory for Population and Health HSE", "International Laboratory for Social Integration Research HSE", "International Laboratory for Experimental and Behavioural Economics HSE", "Centre for Bioelectric Interfaces HSE", "Laboratory for Research on Molecular Mechanisms of Longevity HSE", "Computer and Information Sciences", "International Laboratory of Bioinformatics HSE", "Laboratory of Stochastic Analysis and its Applications HSE", "International Laboratory for Supercomputer Atomistic Modelling and Multi-scale Analysis HSE", "Laboratory of Theoretical Computer Science HSE", "International Laboratory of Game Theory and Decision Making HSE", "International Laboratory for Experimental and Behavioural Economics HSE", "International Centre of Decision Choice and Analysis HSE", "Centre for Bioelectric Interfaces HSE", "International Laboratory of Statistical and Computational Genomics HSE", "Laboratory of Algorithms and Technologies for Networks Analysis (Nizhny Novgorod) HSE", "International Laboratory of Algebraic Topology and Its Applications HSE", "International Laboratory for Intelligent Systems and Structural Analysis HSE", "International Laboratory of Quantum Optoelectronics HSE", "Mathematics", "Institute of Cognitive Neuroscience HSE", "Laboratory of Algebraic Geometry and its Applications HSE", "Laboratory of Algorithms and Technologies for Networks Analysis (Nizhny Novgorod) HSE", "Laboratory for Social and Cognitive Informatics HSE", "International Laboratory of Algebraic Topology and Its Applications HSE", "International Laboratory of Cluster Geometry HSE", "International Laboratory of Dynamical Systems and Applications HSE", "International Laboratory for Mirror Symmetry and Automorphic Forms HSE", "International Laboratory for Intelligent Systems and Structural Analysis HSE", "International Laboratory for Logic, Linguistics and Formal Philosophy HSE", "International Laboratory of Statistical and Computational Genomics HSE", "International Laboratory of Stochastic Algorithms and High-Dimensional Inference HSE", "Laboratory of Stochastic Analysis and its Applications HSE", "Laboratory of Theoretical Computer Science HSE", "International Laboratory of Game Theory and Decision Making HSE", "International Centre of Decision Choice and Analysis HSE", "Centre for Bioelectric Interfaces HSE", "Centre for Cognition & Decision Making HSE", "International Laboratory for Supercomputer Atomistic Modelling and Multi-scale Analysis HSE", "Media and Communications", "International Laboratory for Social Integration Research HSE", "Educational Sciences", "International Laboratory for Intelligent Systems and Structural Analysis HSE", "International Laboratory for Social Integration Research HSE", "International Laboratory for Evaluation of Practices and Innovations in Education HSE", "International Laboratory for Experimental and Behavioural Economics HSE", "International Centre of Decision Choice and Analysis HSE", "Centre for Sociocultural Research HSE", "Political Science", "Ronald F. Inglehart Laboratory for Comparative Social Research HSE", "International Laboratory for Experimental and Behavioural Economics HSE", "International Centre of Decision Choice and Analysis HSE", "International Center for the Study of Institutions and Development HSE", "Centre for Sociocultural Research HSE", "Psychology", "Institute of Cognitive Neuroscience HSE", "Laboratory for Social and Cognitive Informatics HSE", "International Laboratory for Social Integration Research HSE", "International Laboratory of Social Neurobiology HSE", "International Laboratory of Game Theory and Decision Making HSE", "International Laboratory for Experimental and Behavioural Economics HSE", "Centre for Bioelectric Interfaces HSE", "Centre for Cognition & Decision Making HSE", "Centre for Sociocultural Research HSE", "Center for Language and Brain HSE", "Geography", "International Laboratory for Social Integration Research HSE", "International Laboratory of Landscape Ecology HSE", "Sociology, Demography, Anthropology", "Institute for Statistical Studies and Economics of Knowledge HSE", "Laboratory for Social and Cognitive Informatics HSE", "Ronald F. Inglehart Laboratory for Comparative Social Research HSE", "Laboratory for Economics of Innovation HSE", "International Laboratory for Population and Health HSE", "International Laboratory for Social Integration Research HSE", "International Laboratory for Experimental and Behavioural Economics HSE", "Centre for Sociocultural Research HSE", "International Laboratory for Evaluation of Practices and Innovations in Education HSE", "Physical Sciences", "International Research Laboratory of Quantum Optoelectronics (RU) HSE", "Laboratory of Stochastic Analysis and its Applications HSE", "International Laboratory for Supercomputer Atomistic Modelling and Multi-scale Analysis HSE", "Laboratory for Condensed Matter Physics HSE", "International Laboratory of Elementary Particle Physics HSE", "Languages and Literature", "Institute of Cognitive Neuroscience HSE", "Laboratory for Social and Cognitive Informatics HSE", "International Laboratory for Logic, Linguistics and Formal Philosophy  HSE", "Linguistic Convergence Laboratory HSE", "Center for Language and Brain HSE", "Philosophy, Ethics and Religion", "International Laboratory for Logic, Linguistics and Formal Philosophy HSE", "Basic Medicine and Neurosciences", "International Laboratory of Bioinformatics HSE", "International Laboratory of Microphysiologyical Systems HSE", "Institute of Cognitive Neuroscience HSE", "International Laboratory of Algebraic Topology and Its Applications HSE", "Centre for Bioelectric Interfaces HSE", "Centre for Cognition & Decision Making HSE", "Center for Language and Brain HSE", "Economics and Business", "Laboratory for Economics of Innovation HSE", "Institute for Statistical Studies and Economics of Knowledge HSE", "Laboratory for Science and Technology Studies HSE", "International Laboratory of Intangible-driven Economy HSE", "International Laboratory on World Order Studies and the New Regionalism HSE", "International Laboratory for Social Integration Research HSE", "Laboratory of Stochastic Analysis and its Applications HSE", "International Laboratory of Game Theory and Decision Making HSE", "International Laboratory for Experimental and Behavioural Economics HSE", "International Centre of Decision Choice and Analysis HSE", "International Center for the Study of Institutions and Development HSE", "Centre for Financial Research & Data Analytics HSE", "Centre for Cognition & Decision Making HSE", "International Laboratory for Evaluation of Practices and Innovations in Education HSE", "Electrical Engineering, Electronic Engineering, Information Engineering", "Institute of Cognitive Neuroscience HSE", "International Research Laboratory of Quantum Optoelectronics (RU) HSE", "Centre for Bioelectric Interfaces HSE"]}, {"level": "2", "text": "Centres for Advanced Research", "response": ["Since 2014, HSE University has been engaged in the development of centres of excellence in research. These are academic and expert analytical centres with a focus on cutting edge R&D activities. The centres conduct highly competitive research in partnership with international teams, including visiting experts from top global scientific centres, highly qualified scientists from Russia and other countries, junior researchers, research specialists and graduate students, who have successfully passed competitive selection."]}], "links": ["https://ag.hse.ru/en/", "https://bioelectric.hse.ru/en/", "https://biology.hse.ru/en/ilms/", "https://biology.hse.ru/en/lmp/", "https://biology.hse.ru/en/longevity/", "https://cmp.hse.ru/en/", "https://cs.hse.ru/en/ai/issa/", "https://cs.hse.ru/en/ata-lab/", "https://cs.hse.ru/en/big-data/bioinform/", "https://cs.hse.ru/en/big-data/tcs-lab/", "https://cs.hse.ru/en/hdilab/", "https://cs.hse.ru/en/iai/bioinform/news/917698946.html", "https://demogr.hse.ru/en/", "https://epee.hse.ru/en/", "https://fmlab.hse.ru/en/", "https://game.hse.ru/en/", "https://geography.hse.ru/en/landecolab/", "https://idlab.hse.ru/en/", "https://iims.hse.ru/en/csid/", "https://ilcl.hse.ru/en/", "https://ioe.hse.ru/en/lepa/", "https://issek.hse.ru/", "https://issek.hse.ru/en/", "https://lcsr.hse.ru/en/", "https://lei.hse.ru/en/", "https://lepp.hse.ru/en/", "https://llfp.hse.ru/en/", "https://lsa.hse.ru/en/", "https://lsts.hse.ru/en/", "https://math.hse.ru/en/cg/", "https://ms.hse.ru/en/", "https://neuro.hse.ru/en", "https://neuro.hse.ru/en/", "https://neuro.hse.ru/en/ilsn/", "https://nnov.hse.ru/en/bipm/dsa/", "https://nnov.hse.ru/en/latna/", "https://samma.hse.ru/en/", "https://scg.hse.ru/en/", "https://scila.hse.ru/en/", "https://scr.hse.ru/en/", "https://spb.hse.ru/en/fmcs/qoe/", "https://spb.hse.ru/fmcs/qoe/", "https://we.hse.ru/en/ml/", "https://www.hse.ru/en/DeCAn/", "https://www.hse.ru/en/cdm-centre/", "https://www.hse.ru/en/ilsir/", "https://www.hse.ru/en/neuroling/", "https://www.hse.ru/interlabs/news/917999941.html", "https://www.hse.ru/interlabs/news/918000036.html", "https://www.hse.ru/interlabs/news/keywords/917783282/", "https://www.hse.ru/interlabs/news/page2.html", "https://www.hse.ru/interlabs/news/research/", "https://www.hse.ru/interlabs/news/tags/report/", "https://www.hse.ru/interlabs/news/tags/research/"], "text": ["HSE was the first university in Russia to invest its own funds to create international laboratories in 2010. This allowed the university to take its research to a qualitatively new level and integrate its research teams into the global research agenda.", "Currently, highly qualified interdisciplinary teams are engaged in several research areas, ensuring the continuity of scientific knowledge and involvement in advanced international research in their field.", "Early career researchers joining international research laboratories and centres gain valuable experience of participating in international projects. They also have an opportunity to develop a relevant academic culture at the early stages of their career.", "News", "The second day of the I-st International Scientific and Practical Forum «The Law of Digital Security»", "The Moscow State Institute of International Relations (University) of the Ministry of Foreign Affairs of the Russian Federation held I-st International Scientific and Practical Forum «The Law of Digital Security». The second day of the forum consisted of round table sessions attended as a speaker by the Research Fellow of the International Laboratory of Digital Transformation in Public Administration of the HSE University Evgeny Diskin.", "Research & Expertise", "research projects", "Reporting an event", "Law of Digital Security", "April 25", "Round table «Quality of life and personalized medicine» dedicated to the fifth anniversary of the Mirror Laboratories project", "Maria Poptsova, Anton Vorobyov gave a report on the AI ​​prognostic system for predicting adverse outcomes in patients with myocardial infarction", "April 25", "The first day of the I-st International Scientific and Practical Forum «The Law of Digital Security»", "The Moscow State Institute of International Relations (University) of the Ministry of Foreign Affairs of the Russian Federation held I-st International Scientific and Practical Forum «The Law of Digital Security». The first day of the Forum consisted of plenary sessions attended as a listener by the Research Fellow of the International Laboratory of Digital Transformation in Public Administration of the HSE University Evgeny Diskin.", "Research & Expertise", "research projects", "Reporting an event", "Law of Digital Security", "April 24", "More news", "Centres of Excellence", "Biological sciences", "International Laboratory of Bioinformatics HSE", "Institute of Cognitive Neuroscience HSE", "International Laboratory of Social Neurobiology HSE", "Centre for Cognition & Decision Making HSE", "Centre for Bioelectric Interfaces HSE", "International Laboratory of Microphysiologyical Systems HSE", "International Laboratory of Statistical and Computational Genomics HSE", "International Laboratory for Supercomputer Atomistic Modelling and Multi-scale Analysis HSE", "Center for Language and Brain HSE", "Laboratory for Research on Molecular Mechanisms of Longevity HSE", "Laboratory of Molecular Physiology HSE", "Health Sciences", "Institute of Cognitive Neuroscience HSE", "International Laboratory for Intelligent Systems and Structural Analysis HSE", "International Laboratory for Population and Health HSE", "International Laboratory for Social Integration Research HSE", "International Laboratory for Experimental and Behavioural Economics HSE", "Centre for Bioelectric Interfaces HSE", "Laboratory for Research on Molecular Mechanisms of Longevity HSE", "Computer and Information Sciences", "International Laboratory of Bioinformatics HSE", "Laboratory of Stochastic Analysis and its Applications HSE", "International Laboratory for Supercomputer Atomistic Modelling and Multi-scale Analysis HSE", "Laboratory of Theoretical Computer Science HSE", "International Laboratory of Game Theory and Decision Making HSE", "International Laboratory for Experimental and Behavioural Economics HSE", "International Centre of Decision Choice and Analysis HSE", "Centre for Bioelectric Interfaces HSE", "International Laboratory of Statistical and Computational Genomics HSE", "Laboratory of Algorithms and Technologies for Networks Analysis (Nizhny Novgorod) HSE", "International Laboratory of Algebraic Topology and Its Applications HSE", "International Laboratory for Intelligent Systems and Structural Analysis HSE", "International Laboratory of Quantum Optoelectronics HSE", "Mathematics", "Institute of Cognitive Neuroscience HSE", "Laboratory of Algebraic Geometry and its Applications HSE", "Laboratory of Algorithms and Technologies for Networks Analysis (Nizhny Novgorod) HSE", "Laboratory for Social and Cognitive Informatics HSE", "International Laboratory of Algebraic Topology and Its Applications HSE", "International Laboratory of Cluster Geometry HSE", "International Laboratory of Dynamical Systems and Applications HSE", "International Laboratory for Mirror Symmetry and Automorphic Forms HSE", "International Laboratory for Intelligent Systems and Structural Analysis HSE", "International Laboratory for Logic, Linguistics and Formal Philosophy HSE", "International Laboratory of Statistical and Computational Genomics HSE", "International Laboratory of Stochastic Algorithms and High-Dimensional Inference HSE", "Laboratory of Stochastic Analysis and its Applications HSE", "Laboratory of Theoretical Computer Science HSE", "International Laboratory of Game Theory and Decision Making HSE", "International Centre of Decision Choice and Analysis HSE", "Centre for Bioelectric Interfaces HSE", "Centre for Cognition & Decision Making HSE", "International Laboratory for Supercomputer Atomistic Modelling and Multi-scale Analysis HSE", "Media and Communications", "International Laboratory for Social Integration Research HSE", "Educational Sciences", "International Laboratory for Intelligent Systems and Structural Analysis HSE", "International Laboratory for Social Integration Research HSE", "International Laboratory for Evaluation of Practices and Innovations in Education HSE", "International Laboratory for Experimental and Behavioural Economics HSE", "International Centre of Decision Choice and Analysis HSE", "Centre for Sociocultural Research HSE", "Political Science", "Ronald F. Inglehart Laboratory for Comparative Social Research HSE", "International Laboratory for Experimental and Behavioural Economics HSE", "International Centre of Decision Choice and Analysis HSE", "International Center for the Study of Institutions and Development HSE", "Centre for Sociocultural Research HSE", "Psychology", "Institute of Cognitive Neuroscience HSE", "Laboratory for Social and Cognitive Informatics HSE", "International Laboratory for Social Integration Research HSE", "International Laboratory of Social Neurobiology HSE", "International Laboratory of Game Theory and Decision Making HSE", "International Laboratory for Experimental and Behavioural Economics HSE", "Centre for Bioelectric Interfaces HSE", "Centre for Cognition & Decision Making HSE", "Centre for Sociocultural Research HSE", "Center for Language and Brain HSE", "Geography", "International Laboratory for Social Integration Research HSE", "International Laboratory of Landscape Ecology HSE", "Sociology, Demography, Anthropology", "Institute for Statistical Studies and Economics of Knowledge HSE", "Laboratory for Social and Cognitive Informatics HSE", "Ronald F. Inglehart Laboratory for Comparative Social Research HSE", "Laboratory for Economics of Innovation HSE", "International Laboratory for Population and Health HSE", "International Laboratory for Social Integration Research HSE", "International Laboratory for Experimental and Behavioural Economics HSE", "Centre for Sociocultural Research HSE", "International Laboratory for Evaluation of Practices and Innovations in Education HSE", "Physical Sciences", "International Research Laboratory of Quantum Optoelectronics (RU) HSE", "Laboratory of Stochastic Analysis and its Applications HSE", "International Laboratory for Supercomputer Atomistic Modelling and Multi-scale Analysis HSE", "Laboratory for Condensed Matter Physics HSE", "International Laboratory of Elementary Particle Physics HSE", "Languages and Literature", "Institute of Cognitive Neuroscience HSE", "Laboratory for Social and Cognitive Informatics HSE", "International Laboratory for Logic, Linguistics and Formal Philosophy  HSE", "Linguistic Convergence Laboratory HSE", "Center for Language and Brain HSE", "Philosophy, Ethics and Religion", "International Laboratory for Logic, Linguistics and Formal Philosophy HSE", "Basic Medicine and Neurosciences", "International Laboratory of Bioinformatics HSE", "International Laboratory of Microphysiologyical Systems HSE", "Institute of Cognitive Neuroscience HSE", "International Laboratory of Algebraic Topology and Its Applications HSE", "Centre for Bioelectric Interfaces HSE", "Centre for Cognition & Decision Making HSE", "Center for Language and Brain HSE", "Economics and Business", "Laboratory for Economics of Innovation HSE", "Institute for Statistical Studies and Economics of Knowledge HSE", "Laboratory for Science and Technology Studies HSE", "International Laboratory of Intangible-driven Economy HSE", "International Laboratory on World Order Studies and the New Regionalism HSE", "International Laboratory for Social Integration Research HSE", "Laboratory of Stochastic Analysis and its Applications HSE", "International Laboratory of Game Theory and Decision Making HSE", "International Laboratory for Experimental and Behavioural Economics HSE", "International Centre of Decision Choice and Analysis HSE", "International Center for the Study of Institutions and Development HSE", "Centre for Financial Research & Data Analytics HSE", "Centre for Cognition & Decision Making HSE", "International Laboratory for Evaluation of Practices and Innovations in Education HSE", "Electrical Engineering, Electronic Engineering, Information Engineering", "Institute of Cognitive Neuroscience HSE", "International Research Laboratory of Quantum Optoelectronics (RU) HSE", "Centre for Bioelectric Interfaces HSE", "Centres for Advanced Research", "Since 2014, HSE University has been engaged in the development of centres of excellence in research. These are academic and expert analytical centres with a focus on cutting edge R&D activities. The centres conduct highly competitive research in partnership with international teams, including visiting experts from top global scientific centres, highly qualified scientists from Russia and other countries, junior researchers, research specialists and graduate students, who have successfully passed competitive selection.", "Centre for Advanced Research in STI Research at the HSE Institue of Stastical Studies and Economics of Knowledge", "Centre for Advanced Research in Neuroeconomics and Cognitive Science at the HSE Institute of Cognitive Neuroscience"]}