{"title": "\n\t\tEditorial Board\n\t\t\t\t\t\t\t| Journal of Language and Education\n\t\t\t", "description": "", "url": "https://jle.hse.ru/EditorialBoard", "data": [{"level": "1", "text": "", "response": []}, {"level": "1", "text": "Editorial Board", "response": ["Anatoliy N. Voronin,   Dr. Sci. (Psychology), Prof.,Russian Academy of Sciences, Institute of Psychology, Moscow,  Russia  (ORCID), (Scopus), (Publons)", "Andy Kirkpatrick,   Prof., Griffith University, Brisbane,  Australia  (Scopus),", "Ashley Squires,   Ph.D., (English), New Economic School, Moscow,  Russia  (Scopus),", "Bui Phu Hung,  Ph.D.in TESOL, School of Foreign Languages, University of Economics Ho Chi Minh City (UEH), Ho Chi Minh City,  Vietnam  (ORCID), (Scopus), (Publons)", "Callie W. Little,  Ph.D. (Developmental Psychology), University of New England, Armidale,  Australia  (ORCID), (Scopus), (Publons)", "Cem Balçikanli,  , Gazi Üniversitesi, Ankara,  Turkey  (ORCID), (Scopus), (Publons)", "Charles Forceville,  Doctor of Philosophy, University of Amsterdam, Amsterdam,  The Netherlands  (ORCID), (Scopus), (Publons)", "Christine Coombe,   Ph.D. (Foreign/Second Language Education and Testing), Dubai Men’s College, Higher Colleges of Technology, Al Ruwayyah,  United Arab Emirates  (ORCID), (Scopus), (Publons)", "Dušan Stamenković,   Ph.D. (Philology), University of Niš, Niš,  Serbia  (ORCID), (Scopus), (Publons)", "Elena Makarova,  Ph.D., University of Basel, Muttenz,  Switzerland  (ORCID), (Scopus), (Publons)", "Fan (Gabriel) Fang,  Ph.D. (Applied Linguistics), Shantou University, Shantou,  China  (ORCID), (Scopus),", "Galina V. Sorina,  Dr. Sci. (Philolosophy), Prof., Moscow State University, Moscow,  Russia  (ORCID), (Scopus), (Publons)", "Galilna Suvorova,   Dr. Sci. (Psychology), Prof., Moscow Pedagogical State University, Moscow,  Russia  (Publons)", "Grisel Sonia Salmaso,  Ph.D. (Linguistics), National University of Cuyo, Mendoza,  Argentina  (Scopus),", "Ha Xuan Van,   Ph.D. (Linguistics), Macquarie University, North Ryde,  Australia  (ORCID), (Scopus), (Publons)", "Irina Golubeva,   Ph.D. (Language Sciences), University of Maryland Baltimore County, Baltimore,  USA  (ORCID), (Scopus),", "Irina V. Melik-Gaykazyan,  Dr. Sci. (Philolosophy), Prof., Tomsk State Pedagogical Univerity, Tomsk,  Russia  (ORCID), (Scopus), (Publons)", "Irshat Madyarov,   Ph.D. (Second Language Acquisition and Instructional Technology), American University, Washington,  United States  (ORCID), (Scopus),", "Iryna Lenchuk,  Ph.D. (Linguistics and Applied Linguistics), Dhofar University, Salalah,  Oman  (ORCID), (Scopus),", "Jane Setter,   Ph.D., Prof. (Phonetics), University of Reading, Reading,  United Kingdom  (ORCID), (Scopus),", "Lilia K. Raitskaya,   Dr. habil., Ph.D. (Econ., Education), Prof., Moscow State Institute of International Relations (MGIMO University), Moscow,  Russia  (ORCID), (Scopus), (Publons)", "Lynn Mastellotto,   Ph.D. (English), Free University of Bozen-Bolzano, Bolzano,  Italy  (Scopus),", "Marina I. Solnyshkina,   Dr. Sci. (Philology), Prof., Kazan Federal University, Kazan,  Russia  (ORCID), (Scopus), (Publons)", "Prithvi Narayan Shrestha,   BEd, MA (English literature), MA TESOL, EdD, the Open University, Milton Keynes,  United Kingdom  (ORCID), (Scopus), (Publons)", "Raphiq Ibrahim,   Prof., University of Haifa, Haifa,  Israel  (ORCID), (Scopus), (Publons)", "Roman V. Svetlov,  Dr. Sci. (Philosophy), Prof., Immanuel Kant Baltic Federal University, Kalinigrad,  Russia  (ORCID), (Scopus), (Publons)", "Shima Ghahari,   , Shahid Bahonar University of Kerman, Kerman,  Iran  (ORCID), (Scopus), (Publons)", "Shlomo Weber,   Ph.D. (Mathematical Economics), Emeritus Professor, New Economic School, Moscow,  Russia  (ORCID), (Scopus), (Publons)", "Svetlana G. Ter-Minasova,   Dr. Sci. (Philology), Prof., Lomonosov Moscow State University, Moscow,  Russia  (ORCID), (Scopus), (Publons)", "Svetlana V. Titova,   Dr. Sci. (Philology), Prof., Lomonosov Moscow State University, Moscow,  Russia  (ORCID), (Scopus), (Publons)", "Søren Wichmann,   Ph.D. (Native American Languages and Cultures), Leiden University Centre for Linguistics, Leiden,  Netherlands  (ORCID), (Scopus), (Publons)", "Tariq Elyas,  PhD (Applied Linguistics), King Abdualziz University, Jeddah,  Saudi Arabia  (ORCID), (Scopus), (Publons)", "Theresa Lillis,   Prof., the Open University, Milton Keynes,  United Kingdom  (Scopus),", "Vladimir D. Shadrikov,   Dr. Sci. (Psychology), Tenured Professor, Distinguished Professor, National Research University Higher School of Economics, Moscow,  Russia  (ORCID), (Scopus), (Publons)", "Wayne Rimmer,   Dr. Sci. (Applied Linguistics), Cambridge Active Grammar, Cambridge,  United Kingdom  (Scopus),", "Zoya G. Proshina,   Dr. Sci. (Philology), Prof., Lomonosov Moscow State University, Moscow,  Russia  (ORCID), (Scopus), (Publons)"]}, {"level": "1", "text": "Indexing", "response": []}], "links": ["https://jle.hse.ru/user/setLocale/en_US", "https://jle.hse.ru/user/setLocale/ru_RU"], "text": ["English", "Русский"]}