{"title": "Диджеинг — курс дополнительного образования по саунд-арту и саунд-дизайну в Школе дизайна НИУ ВШЭ", "description": "", "url": "https://design.hse.ru/dop/sound/299", "data": [{"level": "1", "text": "Диджеинг", "response": []}, {"level": "2", "text": "1", "response": ["модуль"]}, {"level": "2", "text": "20", "response": ["ЗАНЯТИЙ"]}, {"level": "2", "text": "65", "response": ["ТЫСЯЧ ₽"]}, {"level": "2", "text": "РАБОТЫ СТУДЕНТОВ", "response": []}, {"level": "2", "text": "ПРОГРАММА ОБУЧЕНИЯ", "response": []}, {"level": "2", "text": "ПО ОКОНЧАНИИ ОБУЧЕНИЯ", "response": []}, {"level": "2", "text": "КУРАТОРЫ", "response": []}, {"level": "2", "text": "ЧАСТО ЗАДАВАЕМЫЕ ВОПРОСЫ", "response": []}, {"level": "2", "text": "ШКОЛА В ЛИЦАХ", "response": []}], "links": [], "text": ["По вопросам поступления:", "Бакалавриат (доб. 710)", "Магистратура (доб. 703)", "Онлайн-бакалавриат (доб. 709, 711)", "Дополнительное образование (Москва — доб. 705, 706, 712, Санкт-Петербург — доб. 701)", "Детская школа (доб. 707)", "С понедельника по пятницу", "с 10:00 до 18:00", "По общим вопросам", "Метро Павелецкая", "Метро Семёновская", "Основное образование", "Дополнительное образование", "модуль", "Занятия начинаются 2 сентября", "ЗАНЯТИЙ", "2 раза в неделю: очно и онлайн", "ТЫСЯЧ ₽", "Скидки студентам, выпускникам и сотрудникам НИУ ВШЭ", "Курс Курта Лидварта, основателя лейбла MIKROTON recordings, и Алексея Чернорота a.k.a DJ Compass Vrubell.", "На программе повышения квалификации вы познакомитесь с практикой диджеинга, историей и основами продакшена клубной музыки, запишете мини-альбом на 2-4 трека и выступите в Саунд-галерее Школы дизайна НИУ ВШЭ.", "О КУРСЕ", "Вместе с кураторами направления «Саунд-арт и саунд-дизайн» слушатели курса освоят навыки диджея и продюсера электронной музыки. Занятия будут проходить на проигрывателях Pioneer CDJ-3000 и PLX-1000, микшерах DJM-A9, синтезаторах Soma Laboratory Lyra-8 и Pulsar-23.", "Программа состоит из двух блоков: курса по диджеингу и продакшена клубной музыки. Вы углубитесь в стили электронной музыки — техно, хаус и электро, — научитесь работать с диджейским оборудованием и Ableton Live, а через 2 месяца запишите первый альбом на 15-20 минут.", "На курсе нет домашних заданий — только мастер-классы с преподавателями Школы и самостоятельная работа над итоговым проектом. Всего на учёбу будет уходить 6 часов в неделю.", "КОМУ ПОДХОДИТ", "Начинающим музыкантам, продюсерам, саунд-артистам и всем, кто хочет погрузиться в мир клубной музыки. Вы научитесь работать на оборудовании Pioneer DJ, подбирать музыку для своих сетов и качественно сводить.", "Также курс пригодится диджеям, которые хотят научиться писать треки и вырасти в профессии.", "Учиться можно с нуля — даже если не заканчивали вуз или колледж.", "ЧЕМУ НАУЧИТЕСЬ", "Работать с диджейским оборудованием, писать клубную электронную музыку в Ableton Live и на синтезаторах. Вы разберётесь в музыкальных жанрах и техниках диджеинга, научитесь незаметно сводить треки, работать с переходами и ритмами, лупами, эффектами и шорткатами.", "Алексей Чернорот поделится треками из собственной коллекции, научит работать в программах Recordbox и Traktor. Также резидент первых российских техно-клубов LSDance и «Птюч» покажет, как выстроить сетап, импровизировать на танцполе и продвигать подкасты или музыкальные проекты.", "Курт Лидварт научит сочинять техно-треки — от минимала до даб-техно в Ableton Live, — вслушиваться в музыку и выявлять приёмы работы с битом, басом, многослойными структурами, мелодиями и шумами для дальнейшего применения в своих треках.", "ГДЕ БУДЕМ УЧИТЬСЯ", "В саунд-галерее Школы дизайна НИУ ВШЭ. Это пространство, где элементы клубной культуры — диджейский сетап и клубный звук — работают вместе с многоканальной системой из восьми колонок.", "Запись онлайн-встречи с кураторами", "Если хотите познакомиться с куратором курса и узнать больше о программе, пожалуйста, заполните форму.", "Отправим запись Дня открытых дверей на почту.", "Курс состоит из двух образовательных направлений:", "Диджеинг", "Разберём негласные правила клубной индустрии, этикет общения с арт-директорами и коллегами. Узнаем, как устроен музыкальный менеджмент, как организовывают выступления, продвигают диджеев и музыкантов.", "Продакшн клубной музыки", "Удостоверение о повышении квалификации", "Выпускники программ получают удостоверения о повышении квалификации (при наличии высшего образования или СПО).", "Проект", "Мини-альбом на 2-4 трека, 15-20 минут, и диджейский микс, 30-60 минут.", "СЛЕДУЮЩИЕ КУРСЫ", "ПРОФИЛИ МАГИСТРАТУРЫ", "Алексей Чернорот a.k.a DJ Compass Vrubell", "Участник «Поп-механики» Сергея Курёхина. Резидент первых российских техно-клубов LSDance и «Птюч». Треки Алексея выходили на лейблах Fabric, Schmer, Mako и Plant 74.", "Курт Лидварт", "Продюсер электронной музыки, диджей, основатель лейбла MIKROTON recordings. Альбомы Курта выходили на лейблах Hideous Replica, Ruin Tapes, Zeromoon, Copy For Your Records и его собственном MIKROTON. Организатор серии концертов Mikroton Live, фестивалей Swiss Noise и Mikroton Mikroten.", "Диджей (или DJ) — это человек, который занимается воспроизведением и смешиванием музыки на вечеринках, клубах, фестивалях и других мероприятиях. Он может создавать музыкальные сеты, подбирать треки, управлять звуковым оборудованием, а также добавлять специальные эффекты и сэмплы для создания атмосферы.", "Диджеи также могут быть продюсерами, создавая собственные музыкальные треки и ремиксы.", "Да, учиться можно с нуля, даже если не заканчивали ВУЗ или колледж. На первом блоке программы вы начнёте погружаться в сферу музыки, изучите существующие жанры, стили, термины и оборудование. После этого вы сможете увереннее работать в сфере саунда.", "Шаг за шагом вы будете погружаться в особенности индустрии, узнаете, как устроен музыкальный менеджмент: маркетинг, пиар и гастроли. В итоге вы научитесь продакшену музыки, запишете свой мини-альбом и выступите вживую с концертом.", "После прохождения курса у вас будет достаточно знаний, навыков и опыта, а также портфолио из реальных проектов, чтобы стартовать в новой профессии с нуля, или получить профессиональный рост и улучшить своё резюме.", "Менеджер по работе со слушателями напишет на WhatsApp, на почту или позвонит. Вы получите общую информацию о курсе, сможете задать любой вопрос о процессе обучения и забронировать место в группе.", "Когда вы заполните анкету, менеджер пригласит вас подписать договор. На встрече вы познакомитесь с администратором группы и получите ссылку на закрытый Telegram-канал — там вы будете обмениваться учебными материалами и общаться с преподавателем.", "Занятия буду проходить 2 раза в неделю в саунд-галерее Школы дизайна НИУ ВШЭ.", "Студенты курса смогут воспользоваться специальным диджейским оборудованием, синтезаторами, инструментами для записи звука и использовать многоканальную систему из восьми колонок.", "Точное расписание появится за 3 недели до старта курса.", "Да, конечно. У нас есть более 40 курсов для детей и подростков от 7 до 15 лет в Детской школе дизайна. Результатом каждого курса становятся завершенные персональные или коллективные проекты, закладывающие начало личного портфолио.", "Вы можете посмотреть список всех актуальных курсов и задать вопросы менеджерам здесь.", "Если не успеваете на занятие, пожалуйста, предупредите куратора группы. Куратор отправит презентацию занятия и полезные материалы. Их можно изучить самостоятельно.", "Прием документов заканчивается за 5 дней до старта или по факту набора группы.", "Нет. Поступить на курс можно без высшего или среднего специального образования.", "Если вы заканчивали вуз или колледж, после выпуска вы получите удостоверение о повышении квалификации НИУ ВШЭ. А если у вас нет высшего или среднего специального образования — сертификат.", "По выставленной квитанции от физических лиц или по номеру расчётного счёта от юридического лица.", "Если вы учитесь или уже заканчивали одну из программ дополнительного образования Школы дизайна НИУ ВШЭ — скидка 5%.", "Студентам и аспирантам НИУ ВШЭ — скидка 10%.", "Сотрудникам НИУ ВШЭ — скидка 20%.", "Встреча с куратором", "Если не нашли ответа на свой вопрос, можно задать его куратору программы. Куратор поможет разобраться, подойдёт ли вам курс, и расскажет о деталях, которые вас интересуют.", "Чтобы зарегистрироваться на «Встречу с куратором» по видеосвязи, заполните форму ниже. Если возможно, уточните ваш вопрос — так мы сможем подготовить ответ заранее.", "Пожалуйста, указывайте правильный адрес электронной почты. Туда отправим приглашение на онлайн-конференцию.", "«Не бойтесь меняться». Выпускницы магистратуры «Перформанс» об обучении, творчестве и карьере", "Премьера фильма Николая Коваленко «Место силы» на CoolPlay", "«Когда поймете, что рисуете очень много — рисуйте еще больше». Интервью с Настей Вавиловой", "Студенты и выпускники «Предметного и промышленного дизайна» поучаствовали в нескольких конкурсах в мае", "Новости Школы дизайна", "Обращения студентов", "Поблагодарить или пожаловаться", "По вопросам поступления:", "Бакалавриат (доб. 710)", "Магистратура (доб. 703)", "Онлайн-бакалавриат (доб. 709, 711)", "Дополнительное образование (Москва — доб. 705, 706, 712, Санкт-Петербург — доб. 701)", "Детская школа (доб. 707)", "С понедельника по пятницу", "с 10:00 до 18:00", "По общим вопросам", "Метро Павелецкая", "Метро Семёновская", "Основное образование", "Дополнительное образование", "Новости Школы дизайна", "Спасибо, вы успешно подписаны!", "Извините, что-то пошло не так. Попробуйте позже.", "Мы используем файлы cookies для улучшения работы сайта НИУ ВШЭ и большего удобства его использования. Более подробную информацию об использовании файлов cookies можно найти здесь, наши правила обработки персональных данных – здесь. Продолжая пользоваться сайтом, вы подтверждаете, что были проинформированы об использовании файлов cookies сайтом НИУ ВШЭ и согласны с нашими правилами обработки персональных данных. Вы можете отключить файлы cookies в настройках Вашего браузера."]}