{"title": "Центр качественных исследований социальной политики – Национальный исследовательский университет «Высшая школа экономики»", "description": "", "url": "https://isp.hse.ru/175092794/", "data": [{"level": "1", "text": "Центр качественных исследований социальной политики", "response": []}], "links": ["https://www.hse.ru/org/persons/"], "text": ["Деминцева Екатерина Борисовна", "Заведующий центром", "Мигранты в Москве", "дети мигратов", "диаспоры", "дискриминация", "миграция", "политика интеграции", "расизм", "социальная и экономическая интеграция", "социальная исключенность", "трудовые мигранты"]}