{"title": "Company law (Company formation and management) / Корпоративное право (создание и управление компанией) - курс повышения квалификации НИУ ВШЭ", "description": "", "url": "https://www.hse.ru/edu/dpo/474770589", "data": [{"level": "1", "text": "Company law (Company Formation and Management) / Корпоративное право (создание и управление компанией)", "response": ["Программа ДПО посвящена главным аспектам юридического сопровождения, создания и организации бизнеса за рубежом — преимущественно в англоязычных странах. Вы рассмотрите нормативы юрисдикций общего права, анализ качеств и навыков юриста в рамках социокультурных особенностей, а также законодательство и судебную практику Великобритании.", "В корзинуПодать заявкуЗадать вопрос"]}, {"level": "2", "text": "О программе", "response": ["Наш курс дополнительного профессионального образования направлен на изучение корпоративного права. Вы познакомитесь с законодательными особенностями ведения бизнеса в англоговорящих странах, лингвистическими сложностями в деятельности адвоката и правилами составления контрактов с деловыми партнерами за рубежом.", "Вы изучите формы ведения бизнеса, особенности правоотношений и управления компанией в англоязычных странах. Узнаете, какие клише используют при составлении договоров и документации. Освоите методы и технику анализа корпоративных документов, утвержденных в соответствии с общим правом. В содержание программы включены профессиональные статьи, видеоресурсы и языковая практика на английском.", "После окончания курса вы сможете вести деловую переписку с зарубежными контрагентами, готовить документацию на английском языке, использовать иностранный язык в межличностном общении и профессиональной коммерческой деятельности — участвовать в беседах с клиентами и выступать в организациях."]}, {"level": "2", "text": "Будет ли полезен мне этот курс?", "response": ["Пройдите небольшое тестирование на quizizz.com так вы сможете оценить, насколько вам будет интересен и полезен этот курс. Тест содержит несколько вопросов, с которыми вы столкнетесь в процессе обучения.", "Если вы хотите получить подробную информацию о результатах тестирования — напишите нам: dpo-pravo@hse.ru"]}, {"level": "2", "text": "Для кого", "response": ["Очная программа ДПО «Корпоративное право (создание и управление компанией)» предназначена для специалистов, желающих знать, как правильно создавать организацию и управлять ей за рубежом:для руководителей бизнесадля юристов и экономистовдля молодых предпринимателей"]}, {"level": "2", "text": "Программа обучения", "response": ["За 5 недель повышения квалификации в НИУ ВШЭ вы изучите узкоспециальные темы профессионального общения юриста на английском языке."]}, {"level": "2", "text": "Формат обучения", "response": []}, {"level": "2", "text": "Документ, который Вы получите", "response": ["После успешного окончания слушатель получает удостоверение о повышении квалификации установленного НИУ ВШЭ образца с государственной регистрацией", "* По рейтингу 2021-2022 года Head Hunter факультет готовит наиболее востребованных специалистов по праву в России", "** По рейтингу Forbes 2022 года НИУ ВШЭ занимает первое место в рейтинге российских вузов как и за год до этого.", "Подать заявкуЗадать вопрос"]}, {"level": "2", "text": "Преимущества программы", "response": []}, {"level": "2", "text": "Преподаватель", "response": []}, {"level": "2", "text": "Стоимость и условия", "response": []}, {"level": "2", "text": "Документы для приёма на обучение:", "response": ["Паспорт (страницы 2, 3, и с текущей регистрацией по месту жительства)", "Диплом об образовании: высшем или среднем профессиональном (для студентов – справка из вуза)", "СНИЛС (номер пенсионного страхования)", "Если менялась фамилия после выдачи Диплома об образовании:", "Свидетельство о заключении брака / о разводе / о смене фамилии"]}, {"level": "2", "text": "О факультете права НИУ ВШЭ", "response": []}, {"level": "2", "text": "Наш Телеграм-канал", "response": []}, {"level": "2", "text": "Сообщество", "response": ["Стать частью комьюнити Высшей школы экономики - значит войти в сообщество тех, кто хочет быть в авангарде знаний и компетенций в России"]}, {"level": "2", "text": "Контакты", "response": ["Апргейд по праву"]}, {"level": "2", "text": "Вас могут заинтересовать", "response": ["ПравоПраво на английском/Legal EnglishПрофессиональная переподготовкаДлительность: 8 месяцевПравоКоммуникация на иностранном языкеCompany law (Capitalisation) / Корпоративное право (Рыночная стоимость компании)Повышение квалификацииДлительность: 5 недель"]}], "links": [], "text": ["Бизнес-образование", "324 программы", "MBA, ЕMBA, DBA, Specialized Master, Doctor", "DBA", "MBA", "Specialized Master", "IT и анализ данных", "Управление информационными системами", "Бизнес-информатика", "Программирование и разработка", "Data Science и аналитика/Анализ данных", "Маркетинг и коммуникации", "Управление маркетингом", "Управление коммуникациями", "Управление клиентским опытом и взаимоотношениями", "Поведенческий менеджмент и маркетинг", "Интернет-маркетинг", "Брендинг", "Маркетинговые исследования", "HR-менеджмент, Soft Skills", "Soft skills/Мягкие навыки", "Управление персоналом/HR-менеджмент", "Лидерство", "Предпринимательство, инновации", "Предпринимательство, управление инновациями", "Социальное предпринимательство", "Цифровой бизнес", "Общий и стратегический менеджмент", "Общий менеджмент, принятие решений", "Корпоративное управление", "\"Зелёная\" экономика", "Риск-менеджмент", "Стратегический менеджмент", "Финансы, налоги и учет", "Финансовый учет и отчетность", "Налоговый учет", "Финансовый менеджмент", "Управленческий учет", "Финансы и финансовые рынки", "Бухгалтерский учет", "Менеджмент и экономика в отраслях", "Спортивный менеджмент", "Экономика и организация строительства", "Здравоохранение", "Фармацевтический бизнес", "Финансовые организации", "Экономика недвижимости", "Жилищно-коммунальное хозяйство", "Градостроительство", "Управление образованием и наукой", "Развитие бизнеса, управление продуктами и проектами", "Цифровая трансформация бизнеса", "Управление процессами и операциями", "Управление проектами", "Логистика и управление цепями поставок", "Развитие бизнеса", "Управление продуктом", "Больше профилей", "498 программ", "Экономика, финансы и гос.управление", "Финансовая грамотность, личные финансы", "Государственное и муниципальное управление", "Управление закупками", "Экономика", "Юриспруденция и комплаенс", "Комплаенс", "Право", "Техника и технологии", "Информационная безопасность", "Эксплуатация беспилотных авиационных систем", "Электроника и наноэлектроника", "Стандартизация и метрология", "Иностранные языки, филология", "Восточные языки", "Коммуникация на иностранном языке", "Филология", "Европейские языки", "Лингвистика", "Социальные науки", "Социология", "Психология", "Медиакоммуникации, реклама, связи с общественностью", "Реклама", "Медиакоммуникации", "PR/связи с общественностью", "Дизайн и искусство", "Мода", "Промышленный дизайн", "Дизайн цифровых продуктов", "Видеоарт", "Коммуникационный дизайн", "Анимация и иллюстрация", "Саунд-арт и саунд-дизайн", "Дизайн цифровых продуктов", "Дизайн среды и интерьера", "Педагогика, методика преподавания", "Преподавание иностранных языков", "Преподавание в предметных областях", "Гуманитарные науки", "Зарубежное регионоведение", "История", "Философия", "История искусств", "Программа ДПО посвящена главным аспектам юридического сопровождения, создания и организации бизнеса за рубежом — преимущественно в англоязычных странах. Вы рассмотрите нормативы юрисдикций общего права, анализ качеств и навыков юриста в рамках социокультурных особенностей, а также законодательство и судебную практику Великобритании.", "Старт курса", "22.05.2024", "Стоимость обучения", "30 000 ₽", "Продолжительность", "5 недель", "Формат обучения", "Смешанный", "Документ", "Удостоверение о повышении квалификации", "Наш курс дополнительного профессионального образования направлен на изучение корпоративного права. Вы познакомитесь с законодательными особенностями ведения бизнеса в англоговорящих странах, лингвистическими сложностями в деятельности адвоката и правилами составления контрактов с деловыми партнерами за рубежом.", "Вы изучите формы ведения бизнеса, особенности правоотношений и управления компанией в англоязычных странах. Узнаете, какие клише используют при составлении договоров и документации. Освоите методы и технику анализа корпоративных документов, утвержденных в соответствии с общим правом. В содержание программы включены профессиональные статьи, видеоресурсы и языковая практика на английском.", "После окончания курса вы сможете вести деловую переписку с зарубежными контрагентами, готовить документацию на английском языке, использовать иностранный язык в межличностном общении и профессиональной коммерческой деятельности — участвовать в беседах с клиентами и выступать в организациях.", "Пройдите небольшое тестирование на quizizz.com так вы сможете оценить, насколько вам будет интересен и полезен этот курс. Тест содержит несколько вопросов, с которыми вы столкнетесь в процессе обучения.", "Если вы хотите получить подробную информацию о результатах тестирования — напишите нам: dpo-pravo@hse.ru", "Очная программа ДПО «Корпоративное право (создание и управление компанией)» предназначена для специалистов, желающих знать, как правильно создавать организацию и управлять ей за рубежом:", "для руководителей бизнеса", "для юристов и экономистов", "для молодых предпринимателей", "За 5 недель повышения квалификации в НИУ ВШЭ вы изучите узкоспециальные темы профессионального общения юриста на английском языке.", "1. Introduction to company Law / Введение в корпоративное право6 ак.ч.", "Познакомитесь с основами правоведения и овладеете теоретическими и практическими знаниями в области корпоративного права", "2. Business Entities / Формы организации бизнеса7 ак.ч.", "Научитесь анализировать правовые коллизии, возникающих в области корпоративных правоотношений и иных отраслей права", "3. Peculiarities of Doing Business Abroad / Особенности предпринимательской деятельности за рубежом7 ак.ч.", "Рассмотрите правила и особенности коммерческой деятельности в рамках юриспруденции и судебной практики Великобритании", "4. Proxy Fights / Борьба за получение доверенностей на голосование на общем собрании акционеров6 ак.ч.", "Изучите терминологию и основы гражданского правоведения в англоязычных странах.", "5. A Letter of Advice / Письменная консультация юриста6 ак.ч.", "Освоите и разовьете навыки английского языка в работе адвоката. Разберетесь в стандартах ведения документации и особенностях деловой переписки", "Учебный план412,2 Кб", "Продолжительность общая в часах", "54 часа", "Условия приема", "Владение английским языком на уровне не ниже Intermediate", "Формат обучения", "Смешанный", "Язык обучения", "английский", "Онлайн трансляция", "есть", "График занятий", "среда 18:30 — 21:40", "Период обучения", "22 мая 2024 — 26 июня 2024", "Место проведения", "факультет права НИУ ВШЭ (Москва, Большой Трехсвятительский переулок, д. 3)", "Научитесь составлять контракты на английском языке", "Сможете подготовить юридическую документацию для компании", "Освоите азы организационного менеджмента", "Будете способны юридически управлять созданием и организацией бизнеса за рубежом", "Поймете, как наладить контакты", "Научитесь взаимодействовать с зарубежными деловыми партнерами", "Получите базовые навыки сопровождения предпринимательской деятельности за рубежом и продвижения компании на мировом рынке", "После успешного окончания слушатель получает удостоверение о повышении квалификации установленного НИУ ВШЭ образца с государственной регистрацией", "* По рейтингу 2021-2022 года Head Hunter факультет готовит наиболее востребованных специалистов по праву в России", "** По рейтингу Forbes 2022 года НИУ ВШЭ занимает первое место в рейтинге российских вузов как и за год до этого.", "01", "Развитие soft skills благодаря непрерывной практике языка и поддержке от преподавателя, лингвиста-специалиста по праву", "02", "Возможность получить работу на международном рынке с зарубежными фирмами", "03", "Кейс-практикумы и личная практика от преподавателей", "Седова Ольга Константиновна", "Специалист по юриспруденции, лингвист-преподаватель английского и латинского языков ➞", "Седова Ольга Константиновна", "Преподаватель НИУ ВШЭ, Российского Государственного Университета Правосудия, Московского Государственного Лингвистического Университета, Британской Международной Школы № 5.", "Соавтор модульных пособий «Вопросы деликтного права в СМИ» и «Вопросы уголовного права в СМИ» по специальности «Юриспруденция» в Московском Государственном Лингвистическом Университете.", "30 000 рублей", "Скидки 5-10% студентам, слушателям и выпускникам основных и дополнительных программ НИУ ВШЭ", "Если менялась фамилия после выдачи Диплома об образовании:", "более 50", "университетов-партнеров по всему миру", "более 20 программ", "дополнительного профессионального образования", "более 50", "преподавателей факультета – доктора наук", "топ-100", "рейтинга THE World University Rankings by Subject по праву", "25 лет", "в сфере высшего юридического образования", "Топ - 150", "рейтинга QS World University Rankings by Subject по праву", "Стать частью комьюнити Высшей школы экономики - значит войти в сообщество тех, кто хочет быть в авангарде знаний и компетенций в России", "Переосмыслить и оживить свою карьеру в среде единомышленников и лучших российских специалистов-практиков", "Принимать участие в проводимых ВШЭ мероприятиях, проектах, дискуссиях", "Делиться своим опытом и формировать новые профессиональные связи с талантливыми коллегами", "Основной адрес", "Москва, Большой Трехсвятительский переулок, д. 3", "Телефон", "+7(495)772-95-90*23964", "Электронная почта", "dpo-pravo@hse.ru", "Апргейд по праву", "Центр дополнительного профессионального образования факультета права", "Право на английском/Legal English", "Профессиональная переподготовка", "Длительность: 8 месяцев", "Company law (Capitalisation) / Корпоративное право (Рыночная стоимость компании)", "Повышение квалификации", "Длительность: 5 недель", "30 000 ₽", "Каталог программ", "Направления", "Типы программ", "Популярное", "Полезное", "Социальные сети", "© НИУ ВШЭ, 1993–2024"]}