{"title": "HSE University", "description": "", "url": "http://www.hse.ru", "data": [{"level": "2", "text": "News", "response": ["All news"]}, {"level": "2", "text": "Events", "response": ["All events"]}, {"level": "2", "text": "HSE University 360°", "response": ["Show more"]}, {"level": "2", "text": "Student Voices", "response": ["I appreciate the opportunity to study at HSE, as it is one of the most prestigious universities in Russia. HSE University has the best environment to help me grow academically. Education is serious here and requires a lot from students to pass subjects, which in turn motivates me to study harder.", "Thu Trang Pham (Vietnam), Bachelor’s student at the Faculty of World Economy and International RelationsTravelling to Russia as an international student was a safe and easy experience. Foreign students can easily move around the city and visit tourist attractions. HSE University has become not only a university for me, but also a home, a special place where I met my wife and countless good friends from all over the world.", "Daniel Suarez (Colombia), Master’s programme in Agrarian EconomicsLife in the dormitory at HSE has been an extensive and immersive experience, allowing me to embrace cultural diversity on a whole new level. Sharing meals, celebrating festivals, and engaging in cultural exchanges made every day a memorable experience, and it felt like a global community within the dormitory walls.", "Ayomide Adedini (Nigeria), Master’s programme in Political Analysis and Public Policy Studying and living in Russia is amazing. I am sure that HSE is going to provide unique opportunities and crucial knowledge for my career. I feel the possibility to build my future with my hands and on my own.", "Lorenzo Trufolo (Italy), Master’s programme in International Trade PolicyI chose the Population and Development programme due to the various perspectives and methods that are taught throughout the course, and that was indeed the most exciting part about it. Even though the programme was challenging, the professors' assistance and guidance has been extremely valuable.", "Lana Al-Halabi (Syria), Master's programme ‘Population and Development’As an aspiring economist and statistician, I wanted to broaden my horizons and gain a global perspective in the field of economics. HSE’s reputation for excellence in economics made it the perfect choice for me.", "Richard Asiamah (Ghana), Master’s programme ‘Stochastic Modelling in Economics and Finance’"]}, {"level": "2", "text": "HSE University in Numbers", "response": []}, {"level": "2", "text": "Contacts", "response": []}], "links": [], "text": ["We use cookies in order to improve the quality and usability of the HSE website. More information about the use of cookies is available here, and the regulations on processing personal data can be found here. By continuing to use the site, you hereby confirm that you have been informed of the use of cookies by the HSE website and agree with our rules for processing personal data. You may disable cookies in your browser settings.", "Admissions", "Learn Russian and complete a general preparatory course", "Learn about programme costs", "Find out what it’s like to study at HSE University and live in Moscow", "Programmes & Courses", "Get a Master's degree from HSE University online", "Enhance your knowledge with a wide selection of courses", "Research", "HSE University’s hallmark conference on economic and social development", "Research-based analysis by HSE experts", "International Support", "How to apply for a Russian visa", "HSE University invites students from partner universities for one or two semesters", "About", "Each of the four HSE campuses is made up of faculties, which manage degree programmes", "Nine libraries in HSE buildings and online access to e-resources", "International Admissions", "inter@hse.ru", "admissions.hse.ru/en", "+7 495 531-00-59", "Map of HSE Buildings", "HSE, 1993–2024", "2024 Admissions for International Applicants Now Open", "Russian Government Scholarships: Study at HSE University for free", "Available to undergraduate and graduate students", "Apply before April 1, 2024", "HSE University: One of Russia’s Top Universities", "International Students from Across the World", "Student Research Papers Competitionin Probability and Related Topics", "International competition for undergraduate, specialist, and graduate students of any university", "Paper submission until April 30", "‘It Is Essential to Leave Home and Plunge into Deep Water’", "The HSE University’s master’s programme in Science, Technology and Innovation Management and Policy is launching a double degree programme with the State University of Campinas (Unicamp), Brazil. Below, Dirk Meissner from HSE University, together with Bruno Fischer and Gustavo Salati from Unicamp, talk about the importance of academic knowledge for non-academic professions, the selection prerequisites for the programme, and the advantages of this type of cooperation for leading national universities.", "‘Put in the Effort, and You Will Learn a Lot’", "Roosevelt Ogah is a first-year student of the master’s programme in Economics and Economic Policy at HSE University. He studies on the research track ‘Microeconomics and Macroeconomics’ and demonstrates very high academic performance. In his interview, he shares his experience of studying abroad for the first time and some tips on how to achieve high results in studies.", "HSE ‘Mirror Laboratories’ Project Marks Five Years since Start", "‘Mirror Laboratories’ is one of the flagship programmes of the HSE University aimed at developing domestic scientific partnerships. During the implementation of the project, 41 research projects were initiated in partnership with 30 regional universities and scientific organisations. A series of round tables timed to coincide with the fifth anniversary of the ‘Mirror Laboratories’ project, were held at the HSE University on April 24–25, 2024.", "HSE University’s Faculty of Computer Science Teams Win ICPC International Collegiate Programming Contest", "On April 14–19, 2024, two finals of the International Collegiate Programming Contest (ICPC) took place in Luxor (Egypt). The teams from HSE University’s Faculty of Computer Science became world champions in the 47th ICPC final and received gold medals in the 46th final.", "HSE Hosts Round Table ‘Africa and BRICS: Reflections and Prospects’", "On April 15, 2024 HSE University hosted a roundtable discussion ‘Africa and BRICS: Reflections and Prospects.’ The event featured leading experts from the South African Institute of International Affairs (SAIIA) Steven Gruzd and Gustavo de Carvalho and was moderated by HSE Vice Rector and Head of the BRICS Expert Council–Russia Victoria Panova.", "'This Collaboration Will Foster Stronger Relations between Russia and India'", "HSE University was the first Russian university to sign a cooperation agreement with the Indian Institute of Technology Bombay aimed at conducting joint research and fostering academic and cultural ties. The document was signed by Anna Tyshetskaya, Director of the HSE Campus in St Petersburg, and the head of IIT Bombay, Prof. Subhasis Chaudhuri.", "ICEF HSE Launches Double Degree Programme with Chinese Partner RIEM SWUFE", "HSE University and Southwestern University of Finance and Economics (SWUFE) have signed a cooperation agreement to offer a Bachelor's double degree programme in Economics and Finance. The participating partners are the International Institute of Economics and Finance (ICEF) at HSE University and the Research Institute of Economics and Management (RIEM) at SWUFE.", "Russian Chemists Develop Luminous Pseudosandwich Composed of Rare Earth Metals", "A team of Russian researchers has synthesised a new class of complex compounds of rare earth elements. Unlike other lanthanide compounds, the resulting substances are highly soluble in most organic solvents. These novel compounds can find application in organic and organometallic synthesis, as well as in the production of new luminescent materials.", "'The Innovation Market in Russia Is Something We Can, and Should, Take Pride in'", "Maxim Tsaturyan completed the Master's in Innovation Management at HSE University. Today, Maxim heads a project office at Skolkovo and delivers lectures to HSE students. In this interview with Success Builder, Maxim elaborates on why working in the sphere of innovations requires one to embody the roles of a financial director, engineer, and PR manager all at once.", "Seminar 'Learning-friendly Environment: At The Crossroads of School and City Interests'", "Book Presentation 'The Spanish Anarchists and the Russian Revolution, 1917–24: Anguish and Enthusiasm' by Dr. Arturo Zoffmann Rodriguez", "'Data Analytics and Social Statistics' Open Day. 'Computational Social and Network Sciences' Study Track", "Open House Day of the Master of International Business Programme", "HSE University in St Petersburg International Partners’ Days", "Workshop 'Developing Thinking Skills for Better Writing'", "University Life", "News and events for HSE students and staff", "HSE Dormitories", "HSE Library", "On-campus libraries and remote access", "Pokrovka", "One of the most modern university complexes in Russia", "HSE University Strategic Development", "Alumni", "Careers, loyalty programmes, and mentorship", "International Prep Year", "Study Russian and complete a general preparatory course", "Young Scientists", "Early-career researchers talk about their work at HSE University", "University Buildings", "Campuses, dorms, accommodation options", "Careers at HSE Universty", "International faculty recruitment", "Life in Moscow", "HSE University recommends", "International Student Support", "IQ: Commentary by HSE Experts", "Research and education", "International Faculty Support", "Sports at HSE University", "Sports clubs, gyms, contests", "HSE International Olympiad", "INTO HSE: your chance to get a discount or study for free at HSE University", "Russian Longitudinal Monitoring Survey – HSE", "Nationally representative surveys since 1992", "HSE Library e-resources", "Get access to databases and periodicals", "Summer Schools", "Joint Economic and Social Data Archive", "Free access to results of empirical research in social sciences", "I appreciate the opportunity to study at HSE, as it is one of the most prestigious universities in Russia. HSE University has the best environment to help me grow academically. Education is serious here and requires a lot from students to pass subjects, which in turn motivates me to study harder.", "Travelling to Russia as an international student was a safe and easy experience. Foreign students can easily move around the city and visit tourist attractions. HSE University has become not only a university for me, but also a home, a special place where I met my wife and countless good friends from all over the world.", "Life in the dormitory at HSE has been an extensive and immersive experience, allowing me to embrace cultural diversity on a whole new level. Sharing meals, celebrating festivals, and engaging in cultural exchanges made every day a memorable experience, and it felt like a global community within the dormitory walls.", "Studying and living in Russia is amazing. I am sure that HSE is going to provide unique opportunities and crucial knowledge for my career. I feel the possibility to build my future with my hands and on my own.", "I chose the Population and Development programme due to the various perspectives and methods that are taught throughout the course, and that was indeed the most exciting part about it. Even though the programme was challenging, the professors' assistance and guidance has been extremely valuable.", "As an aspiring economist and statistician, I wanted to broaden my horizons and gain a global perspective in the field of economics. HSE’s reputation for excellence in economics made it the perfect choice for me.", "95 %", "of alumni find employment within six months of graduation", "> 55,000", "students and doctoral students", "> 400", "international partners", ">5,000", "instructors and researchers", "47", "centres of excellence", "International Admissions", "inter@hse.ru", "admissions.hse.ru/en", "+7 495 531-00-59", "Map of HSE Buildings", "International Students Support", "istudents.support@hse.ru", "istudents.hse.ru/en", "+7 495 772-95-90, ext. 27661", "Emergency hotline: +7 (985) 040-13-55", "Main campus: 11 Pokrovsky Bulvar", "International Faculty Recruitment", "iri@hse.ru", "iri.hse.ru", "+7 495 772-95-90, ext. 27676", "International Faculty Support", "ifaculty.support@hse.ru", "ifaculty.hse.ru", "PR Office", "press@hse.ru", "pr.hse.ru/en/", "+7 495 772 9567", "©  HSE, 1993–2024   Contacts Copyright Privacy Policy Site Map", "HSE Sans and HSE Slab fonts developed by the HSE Art and Design School"]}