{"title": "Научно-учебная лаборатория компании Яндекс — Национальный исследовательский университет «Высшая школа экономики»", "description": "", "url": "https://cs.hse.ru/big-data/yandexlab/", "data": [{"level": "1", "text": "Научно-учебная лаборатория компании Яндекс", "response": []}, {"level": "1", "text": "Научно-учебная лаборатория компании Яндекс", "response": []}, {"level": "2", "text": "О лаборатории", "response": ["Научно-учебная лаборатория Яндекса — новое научное подразделение факультета компьютерных наук НИУ ВШЭ, созданное совместно с Yandex Research. В лаборатории ведутся исследования по следующим тематикам:", "компьютерное зрение и генеративные модели; Natural Language Processing; Probabilistic Machine Learning;     машинное обучение на графах; масштабируемое и распределённое глубинное обучение."]}, {"level": "2", "text": "Новости", "response": ["В НУЛ компании Яндекс прошел семинар \"Локальные методы распределенной оптимизации\"17 апреля 2024 года прошел семинар Научно-учебной лаборатории компании Яндекс.Наукаисследования и аналитика17 апреляВ НУЛ компании Яндекс прошел семинар \"Методы дистилляции диффузионных моделей\"25 марта 2024 года прошел семинар Научно-учебной лаборатории компании Яндекс.Наука25 мартаПрошел Митап Научно-учебной лаборатории компании Яндекс28 февраля 2024 года состоялся Митап Научно-учебной лаборатории компании Яндекс.Наукаидеи и опыт28 февраляYandex Research ML Residency in 2024In collaboration with HSE University, Yandex Research announces the 2024 enrollment for our Machine Learning Residency program. This initiative represents an opportunity for ML enthusiasts at various stages of their academic and professional careers to engage in advanced research in computer sciences.Наука2 февраляФКН ВШЭ и «Яндекс» обсудили сотрудничество с китайским университетомВ Пекине (КНР) декан факультета компьютерных наук ВШЭ Иван Аржанцев, руководитель департамента больших данных и информационного поиска ФКН Евгений Соколов и младший научный сотрудник ФКН Глеб Баженов приняли участие в семинаре “China — Russia Seminar on AI Talent Education and Technology Development”. Организованная «Яндексом» встреча была направлена на обсуждение сотрудничества между ведущими российскими вузами и китайским Университетом Цинхуа. Этот вуз входит в число лучших мировых университетов, занимая в международном рейтинге Times Higher Education 1-е место в Азии и 12-е в мире.Образованиемеждународное сотрудничествоЯндекс30 январяЧего ожидать от нейросетей в будущем? Разговор с руководителем научного отдела «Яндекса» Артемом БабенкоВ декабре 2023 года «Яндекс» стал единственной российской компанией, вошедшей в рейтинг мировых лидеров в области развития искусственного интеллекта. Этот список был составлен компанией Epoch AI вместе с учеными из Массачусетского технологического института. Naked Science решил побеседовать с Артемом Бабенко, главой Yandex Research, и узнать, что позволило российской компании попасть в этот престижный рейтинг и каких свершений в области ИИ нам стоит вскоре ожидать.27 декабря, 2023 г.Исследования Яндекса в 2023 годуНаука27 декабря, 2023 г.«Каждая статья на NeurIPS — значительный результат»Сотрудники факультета компьютерных наук НИУ ВШЭ представят 12 своих работ на 37-й конференции NeurIPS. Conference and Workshop on Neural Information Processing Systems — одно из самых значительных событий в сфере искусственного интеллекта и машинного обучения. В этом году она пройдет с 10 по 16 декабря в Новом Орлеане (США).Наукаискусственный интеллектмашинное обучение7 декабря, 2023 г.В НУЛ компании Яндекс прошел семинар \"TabGraphs: new benchmark and insights for learning on graphs with tabular features\"22 ноября прошел семинар Научно-учебной лаборатории компании Яндекс.Наукаисследования и аналитика22 ноября, 2023 г.ВШЭ, «Яндекс» и «Сириус» запустили бесплатный курс по ИИ для школьниковФакультет компьютерных наук НИУ ВШЭ, «Яндекс» и «Сириус.Курсы» запустили бесплатный курс по искусственному интеллекту для школьников «Глубокое обучение». Старшеклассники узнают, как работают и обучаются нейросети, и познакомятся с востребованными IT-профессиями. Записаться на осенний поток можно до 15 ноября.Образованиеновое в ВШЭприглашение к участиюПрограмма развития 2030довузовская подготовкаискусственный интеллект7 ноября, 2023 г.Еще новости"]}, {"level": "2", "text": "В НУЛ компании Яндекс прошел семинар \"Локальные методы распределенной оптимизации\"", "response": []}, {"level": "2", "text": "В НУЛ компании Яндекс прошел семинар \"Методы дистилляции диффузионных моделей\"", "response": []}, {"level": "2", "text": "Прошел Митап Научно-учебной лаборатории компании Яндекс", "response": []}, {"level": "2", "text": "Yandex Research ML Residency in 2024", "response": []}, {"level": "2", "text": "ФКН ВШЭ и «Яндекс» обсудили сотрудничество с китайским университетом", "response": []}, {"level": "2", "text": "Чего ожидать от нейросетей в будущем? Разговор с руководителем научного отдела «Яндекса» Артемом Бабенко", "response": []}, {"level": "2", "text": "Исследования Яндекса в 2023 году", "response": []}, {"level": "2", "text": "«Каждая статья на NeurIPS — значительный результат»", "response": []}, {"level": "2", "text": "В НУЛ компании Яндекс прошел семинар \"TabGraphs: new benchmark and insights for learning on graphs with tabular features\"", "response": []}, {"level": "2", "text": "ВШЭ, «Яндекс» и «Сириус» запустили бесплатный курс по ИИ для школьников", "response": []}], "links": ["https://cs.hse.ru/big-data/yandexlab/news/874957917.html", "https://cs.hse.ru/big-data/yandexlab/news/900900093.html", "https://cs.hse.ru/big-data/yandexlab/news/908898364.html", "https://cs.hse.ru/big-data/yandexlab/news/915646457.html", "https://cs.hse.ru/big-data/yandexlab/news/edu/", "https://cs.hse.ru/big-data/yandexlab/news/keywords/14572835/", "https://cs.hse.ru/big-data/yandexlab/news/keywords/25047046/", "https://cs.hse.ru/big-data/yandexlab/news/keywords/51257098/", "https://cs.hse.ru/big-data/yandexlab/news/page2.html", "https://cs.hse.ru/big-data/yandexlab/news/science/", "https://cs.hse.ru/big-data/yandexlab/news/tags/development/", "https://cs.hse.ru/big-data/yandexlab/news/tags/intcoop/", "https://cs.hse.ru/big-data/yandexlab/news/tags/inv/", "https://cs.hse.ru/big-data/yandexlab/news/tags/newhse/", "https://cs.hse.ru/big-data/yandexlab/news/tags/practice/", "https://cs.hse.ru/big-data/yandexlab/news/tags/resanl/", "https://cs.hse.ru/big-data/yandexlab/news/tags/uprev/"], "text": ["О лаборатории Научно-учебная лаборатория Яндекса — новое научное подразделение факультета компьютерных наук НИУ ВШЭ, созданное совместно с Yandex Research. В лаборатории ведутся исследования по следующим тематикам:    компьютерное зрение и генеративные модели; Natural Language Processing; Probabilistic Machine Learning;     машинное обучение на графах; масштабируемое и распределённое глубинное обучение.", "НовостиВ НУЛ компании Яндекс прошел семинар \"Локальные методы распределенной оптимизации\"17 апреля 2024 года прошел семинар Научно-учебной лаборатории компании Яндекс.Наукаисследования и аналитика17 апреляВ НУЛ компании Яндекс прошел семинар \"Методы дистилляции диффузионных моделей\"25 марта 2024 года прошел семинар Научно-учебной лаборатории компании Яндекс.Наука25 мартаПрошел Митап Научно-учебной лаборатории компании Яндекс28 февраля 2024 года состоялся Митап Научно-учебной лаборатории компании Яндекс.Наукаидеи и опыт28 февраляYandex Research ML Residency in 2024In collaboration with HSE University, Yandex Research announces the 2024 enrollment for our Machine Learning Residency program. This initiative represents an opportunity for ML enthusiasts at various stages of their academic and professional careers to engage in advanced research in computer sciences.Наука2 февраляФКН ВШЭ и «Яндекс» обсудили сотрудничество с китайским университетомВ Пекине (КНР) декан факультета компьютерных наук ВШЭ Иван Аржанцев, руководитель департамента больших данных и информационного поиска ФКН Евгений Соколов и младший научный сотрудник ФКН Глеб Баженов приняли участие в семинаре “China — Russia Seminar on AI Talent Education and Technology Development”. Организованная «Яндексом» встреча была направлена на обсуждение сотрудничества между ведущими российскими вузами и китайским Университетом Цинхуа. Этот вуз входит в число лучших мировых университетов, занимая в международном рейтинге Times Higher Education 1-е место в Азии и 12-е в мире.Образованиемеждународное сотрудничествоЯндекс30 январяЧего ожидать от нейросетей в будущем? Разговор с руководителем научного отдела «Яндекса» Артемом БабенкоВ декабре 2023 года «Яндекс» стал единственной российской компанией, вошедшей в рейтинг мировых лидеров в области развития искусственного интеллекта. Этот список был составлен компанией Epoch AI вместе с учеными из Массачусетского технологического института. Naked Science решил побеседовать с Артемом Бабенко, главой Yandex Research, и узнать, что позволило российской компании попасть в этот престижный рейтинг и каких свершений в области ИИ нам стоит вскоре ожидать.27 декабря, 2023 г.Исследования Яндекса в 2023 годуНаука27 декабря, 2023 г.«Каждая статья на NeurIPS — значительный результат»Сотрудники факультета компьютерных наук НИУ ВШЭ представят 12 своих работ на 37-й конференции NeurIPS. Conference and Workshop on Neural Information Processing Systems — одно из самых значительных событий в сфере искусственного интеллекта и машинного обучения. В этом году она пройдет с 10 по 16 декабря в Новом Орлеане (США).Наукаискусственный интеллектмашинное обучение7 декабря, 2023 г.В НУЛ компании Яндекс прошел семинар \"TabGraphs: new benchmark and insights for learning on graphs with tabular features\"22 ноября прошел семинар Научно-учебной лаборатории компании Яндекс.Наукаисследования и аналитика22 ноября, 2023 г.ВШЭ, «Яндекс» и «Сириус» запустили бесплатный курс по ИИ для школьниковФакультет компьютерных наук НИУ ВШЭ, «Яндекс» и «Сириус.Курсы» запустили бесплатный курс по искусственному интеллекту для школьников «Глубокое обучение». Старшеклассники узнают, как работают и обучаются нейросети, и познакомятся с востребованными IT-профессиями. Записаться на осенний поток можно до 15 ноября.Образованиеновое в ВШЭприглашение к участиюПрограмма развития 2030довузовская подготовкаискусственный интеллект7 ноября, 2023 г.Еще новости"]}