{"title": "Магистерская программа «Цифровое право» — Национальный исследовательский университет «Высшая школа экономики»", "description": "", "url": "https://www.hse.ru/ma/dlaw/", "data": [{"level": "1", "text": "Цифровое право", "response": ["Программа включает в себя как право информационных технологий и интеллектуальной собственности, так и право цифровых платформ.Расширение образовательных траекторий позволяет осуществить комплексную подготовку юристов, обладающих достаточными компетенциями для работы в условиях цифровой экономики.", "Задать вопрос о программе Подробнее о поступлении", "АбитуриентамПаспорт программыПоступление 2024Будущая профессияТраектории поступленияПодготовкаСтудентамДоска объявленийЦентр управления учебным процессомРейтингиВыбор траектории обученияРекомендованные онлайн-курсыСтуденческая мобильностьПрактическая подготовкаИтоговая аттестация Дополнительные иностранные языкиПервокурсникам 2023Особенности учебного процессаАттестационная комиссияРаспределение на треки"]}, {"level": "2", "text": "Краткое описание", "response": ["Новая магистерская программа факультета права НИУ ВШЭ, готовящая самых востребованных юристов для цифровой экономики. В программе две образовательные траектории: “Право в сфере интеллектуальной собственности и информационных технологий” и “Право цифровых платформ”.", "Подробнее о новой программе рассказывает академический руководитель Савельев А.И. в своем интервью.", "Программа очная, преподавание осуществляется на русском языке. Также присутствуют курсы по выбору на английском языке.", "Предусмотрено 25 бюджетных мест, а также возможность платного обучения.", "Стоимость обучения: в 2023 году составляет 460 000 руб. в год, предусматриваются скидки."]}, {"level": "2", "text": "Что я буду изучать?", "response": ["Магистерская программа предусматривает баланс между обязательными дисциплинами, которые обеспечивают минимально необходимый набор навыков для последующей профессиональной деятельности, а также широкие возможности индивидуализации образовательного процесса с учетом ваших интересов за счет дисциплин по выбору.", "У каждого студента, поступившего на программу в течение первых двух недель будут семинары Наставника, в качестве которых выступают руководители соответствующего трека.  Они помогут выбрать студенту Трек, наиболее близкий с учетом его интересов и целей.", "В рамках каждого Трека предусмотрены различные дисциплины по выбору, а также возможности выбора дисциплин из общеуниверситетского пула. Кроме того, существует возможность реализации своих интересов посредством проектной работы и хакатонов. Всё это позволяет создать личную траекторию обучения с учетом ваших предпочтений и устремлений."]}, {"level": "2", "text": "Трек «Право информационных технологий и интеллектуальной собственности»", "response": ["Данный Трек является преемником ранее существовавшей Программы “Право в сфере IP/IT”, которая была создана под руководством д.ю.н., проф. Ирины Юрьевны Богдановской и высоко зарекомендовала себя как в академической среде, так и среди работодателей.", "Ядро программы составляет право интеллектуальной собственности, регулирование телекоммуникаций, информационное право.", "Основные дисциплины:", "Право интеллектуальной собственности", "Право электронной коммерции", "Правовые аспекты обработки персональных данных в цифровой экономике", "Право в сфере телекоммуникаций и медиа", "Информационное право", "Приобретение активов в сфере информационных технологий: юридическая проверка, оценка рисков и структурирование сделок", "Антимонопольное регулирование в цифровой экономике", "Правовой режим оборота цифровых данных", "Дисциплины по выбору:", "Международное право интеллектуальной собственности", "Управление Интернетом", "Рекламное право", "Налогообложение в цифровой среде", "Юридическое сопровождение привлечения инвестиций в стартапы", "Основы информационной безопасности в цифровой среде", "\"Умные\" города", "Юридический дизайн", "Правовое регулирование искусственного интеллекта", "Право в сфере киберспорта и видеоигр", "Уголовно-правовая защита авторских прав"]}, {"level": "2", "text": "Трек «Право цифровых платформ»", "response": ["Это новый трек, посвящённый регулированию цифровых платформ (маркетплейсов, агрегаторов, новых медиа, социальных сетей, Финтех-сервисов, государственных платформ). В рамках него рассматриваются не только правовые вопросы, но и технические аспекты функционирования платформ, а также существо используемых ими бизнес-моделей.", "Ядро программы в данном случае составляют дисциплины, ориентированные на практику работы внутри самих цифровых платформ, либо же на взаимодействие с ними в качестве контрагента или потребителя.", "Основные дисциплины:", "Право цифровых платформ", "Правовое регулирование Финтеха", "Защита прав интеллектуальной собственности в цифровой среде", "Право электронной коммерции", "Правовые аспекты обработки и оборота персональных данных в цифровой среде", "Антимонопольное регулирование в цифровой экономике", "Правовой режим оборота цифровых данных", "Дисциплины по выбору:", "Международное право интеллектуальной собственности", "Управление Интернетом", "Рекламное право", "Налогообложение в цифровой среде", "Юридическое сопровождение привлечения инвестиций в стартапы", "Основы информационной безопасности в цифровой среде", "\"Умные\" города", "Юридический дизайн", "Правовое регулирование искусственного интеллекта", "Право в сфере киберспорта и видеоигр", "Уголовно-правовая защита авторских прав"]}, {"level": "2", "text": "Почему поступать к нам?", "response": ["У нас преподают ведущие юристы IT и телеком компаний (IBM, Тик-Ток, Авито, Мегафон, МТС и др.), партнеры и юристы ведущих юридических фирм, а также представители государственных органов, многие из которых непосредственно влияют на формирование трендов регулирования в области IP/IT и цифровых платформ. В этой связи основной целью образовательного процесса является не механическое заучивание положений действующего законодательства, а наделение студента необходимым инструментарием, который поможет ему эффективно решать возникающие на практике задачи с учетом постоянно меняющегося законодательства.", "Преподавательский состав программы, а также репутация Программы обеспечивают востребованность выпускников нашей магистратуры среди лучших российских работодателей. При этом с представителями ряда таких компаний-работодателей студент может начинать взаимодействовать, не дожидаясь формального выпуска с Программы. В ходе научно-исследовательских семинаров и проектной работы, к которым мы привлекаем практиков из таких компаний, создаются условия для нетворкинга и установления полезных знакомств."]}, {"level": "2", "text": "Как поступить?", "response": ["Поступление осуществляется на конкурсной основе по результатам оценки портфолио: портфолио \"Цифровое право\" 2023", "Сроки подачи документов в 2023 году - с 19 июня по 25 июля включительно, документы подаются в электронном виде в личном кабинете абитуриента НИУ ВШЭ.", "Для подготовки к собеседованию можно пользоваться рекомендованным списком литературы.", "Существуют специальные возможности для иностранных студентов.", "Набор осуществляется как на бюджетные места, так и на места с оплатой стоимости обучения на договорной основе."]}, {"level": "2", "text": "Новости", "response": ["Почетная грамота Президента РФПреподаватель магистерской программы «Цифровое право» Виталий Олегович Калятин был награжден почетной грамотой Президента РФЭкспертизапрофессорарепортаж о событиимагистратура22 декабря, 2023 г.Лучший преподаватель цифрового права 2023Преподаватель магистерской программы «Цифровое право» Роман Александрович Крупенин стал лауреатом премии Премии Рунета 2023 в номинации \"Лучший преподаватель цифрового права\"!Экспертизапрофессорарепортаж о событиимагистратура22 декабря, 2023 г.Декан факультета права Вадим Виноградов поздравил студентов с Днем знаний и началом учебного года1 сентября отмечается День знаний, знаменующий начало нового учебного года. В честь праздника к студентам факультета права НИУ ВШЭ обратился декан Вадим Виноградов.Университетская жизньпрофессорастудентыФакультет права1 сентября, 2023 г.Опубликованы списки приглашенных к зачислению на бюджетные места магистратурыНа сайте Приемной комиссии опубликованы списки абитуриентов, приглашенных к зачислению на бюджетные места. Чтобы попасть в приказ о зачислении, необходимо до 18:00 (по месту нахождения кампуса) 10 августа предоставить оригиналы документов об образовании или поставить соответствующую отметку о представлении подлинника в Личном кабинете. Сведения о зачислении будут опубликованы на сайте Приемной комиссии не позднее 15 августа.Поступающиммагистратураприемная кампания 20238 августа, 2023 г.", "Еще новости"]}, {"level": "2", "text": "Другие магистерские программы", "response": ["Публичное право2 годаОчная форма обучения25/10/125 бюджетных мест3 государственные стипендии Правительства РФ для иностранцев10 платных мест1 платное место для иностранцевRUS+ENGОбучение ведется на русском и частично на английском языке"]}], "links": ["http://enrolma.hse.ru/", "https://admissions.hse.ru/", "https://ma.hse.ru/cost", "https://ma.hse.ru/pay", "https://pravo.hse.ru/news/856381918.html", "https://priem.hse.ru/magabit.html", "https://www.hse.ru/ma/dlaw/certification", "https://www.hse.ru/ma/dlaw/certification/", "https://www.hse.ru/ma/dlaw/news/881609397.html", "https://www.hse.ru/ma/dlaw/news/881609604.html", "https://www.hse.ru/ma/dlaw/news/admission/", "https://www.hse.ru/ma/dlaw/news/expertise/", "https://www.hse.ru/ma/dlaw/news/keywords/776576249/", "https://www.hse.ru/ma/dlaw/news/life/", "https://www.hse.ru/ma/dlaw/news/ou/22753/", "https://www.hse.ru/ma/dlaw/news/page2.html", "https://www.hse.ru/ma/dlaw/news/tags/erep/", "https://www.hse.ru/ma/dlaw/news/tags/mag/", "https://www.hse.ru/ma/dlaw/news/tags/prof/", "https://www.hse.ru/ma/dlaw/news/tags/stud/", "https://www.hse.ru/ma/publiclaw/"], "text": ["2 года", "Очная форма обучения", "20/25/1", "20 бюджетных мест5 государственных стипендий Правительства РФ для иностранцев25 платных мест1 платное место для иностранцев", "RUS+ENG", "Обучение ведется на русском и частично на английском языке", "Государственная аккредитацияНезависимая оценка качества образования", "Краткое описание", "Новая магистерская программа факультета права НИУ ВШЭ, готовящая самых востребованных юристов для цифровой экономики. В программе две образовательные траектории: “Право в сфере интеллектуальной собственности и информационных технологий” и “Право цифровых платформ”.", "Подробнее о новой программе рассказывает академический руководитель Савельев А.И. в своем интервью.", "Программа очная, преподавание осуществляется на русском языке. Также присутствуют курсы по выбору на английском языке.", "Предусмотрено 25 бюджетных мест, а также возможность платного обучения.", "Стоимость обучения: в 2023 году составляет 460 000 руб. в год, предусматриваются скидки.", "Что я буду изучать?", "Магистерская программа предусматривает баланс между обязательными дисциплинами, которые обеспечивают минимально необходимый набор навыков для последующей профессиональной деятельности, а также широкие возможности индивидуализации образовательного процесса с учетом ваших интересов за счет дисциплин по выбору.", "У каждого студента, поступившего на программу в течение первых двух недель будут семинары Наставника, в качестве которых выступают руководители соответствующего трека.  Они помогут выбрать студенту Трек, наиболее близкий с учетом его интересов и целей.", "В рамках каждого Трека предусмотрены различные дисциплины по выбору, а также возможности выбора дисциплин из общеуниверситетского пула. Кроме того, существует возможность реализации своих интересов посредством проектной работы и хакатонов. Всё это позволяет создать личную траекторию обучения с учетом ваших предпочтений и устремлений.", "Трек «Право информационных технологий и интеллектуальной собственности»", "Данный Трек является преемником ранее существовавшей Программы “Право в сфере IP/IT”, которая была создана под руководством д.ю.н., проф. Ирины Юрьевны Богдановской и высоко зарекомендовала себя как в академической среде, так и среди работодателей.", "Ядро программы составляет право интеллектуальной собственности, регулирование телекоммуникаций, информационное право.", "Основные дисциплины:", "Право интеллектуальной собственности", "Право электронной коммерции", "Правовые аспекты обработки персональных данных в цифровой экономике", "Право в сфере телекоммуникаций и медиа", "Информационное право", "Приобретение активов в сфере информационных технологий: юридическая проверка, оценка рисков и структурирование сделок", "Антимонопольное регулирование в цифровой экономике", "Правовой режим оборота цифровых данных", "Дисциплины по выбору:", "Международное право интеллектуальной собственности", "Управление Интернетом", "Рекламное право", "Налогообложение в цифровой среде", "Юридическое сопровождение привлечения инвестиций в стартапы", "Основы информационной безопасности в цифровой среде", "\"Умные\" города", "Юридический дизайн", "Правовое регулирование искусственного интеллекта", "Право в сфере киберспорта и видеоигр", "Уголовно-правовая защита авторских прав", "Трек «Право цифровых платформ»", "Это новый трек, посвящённый регулированию цифровых платформ (маркетплейсов, агрегаторов, новых медиа, социальных сетей, Финтех-сервисов, государственных платформ). В рамках него рассматриваются не только правовые вопросы, но и технические аспекты функционирования платформ, а также существо используемых ими бизнес-моделей.", "Ядро программы в данном случае составляют дисциплины, ориентированные на практику работы внутри самих цифровых платформ, либо же на взаимодействие с ними в качестве контрагента или потребителя.", "Основные дисциплины:", "Право цифровых платформ", "Правовое регулирование Финтеха", "Защита прав интеллектуальной собственности в цифровой среде", "Право электронной коммерции", "Правовые аспекты обработки и оборота персональных данных в цифровой среде", "Антимонопольное регулирование в цифровой экономике", "Правовой режим оборота цифровых данных", "Дисциплины по выбору:", "Международное право интеллектуальной собственности", "Управление Интернетом", "Рекламное право", "Налогообложение в цифровой среде", "Юридическое сопровождение привлечения инвестиций в стартапы", "Основы информационной безопасности в цифровой среде", "\"Умные\" города", "Юридический дизайн", "Правовое регулирование искусственного интеллекта", "Право в сфере киберспорта и видеоигр", "Уголовно-правовая защита авторских прав", "Почему поступать к нам?", "У нас преподают ведущие юристы IT и телеком компаний (IBM, Тик-Ток, Авито, Мегафон, МТС и др.), партнеры и юристы ведущих юридических фирм, а также представители государственных органов, многие из которых непосредственно влияют на формирование трендов регулирования в области IP/IT и цифровых платформ. В этой связи основной целью образовательного процесса является не механическое заучивание положений действующего законодательства, а наделение студента необходимым инструментарием, который поможет ему эффективно решать возникающие на практике задачи с учетом постоянно меняющегося законодательства.", "Преподавательский состав программы, а также репутация Программы обеспечивают востребованность выпускников нашей магистратуры среди лучших российских работодателей. При этом с представителями ряда таких компаний-работодателей студент может начинать взаимодействовать, не дожидаясь формального выпуска с Программы. В ходе научно-исследовательских семинаров и проектной работы, к которым мы привлекаем практиков из таких компаний, создаются условия для нетворкинга и установления полезных знакомств.", "Как поступить?", "Поступление осуществляется на конкурсной основе по результатам оценки портфолио: портфолио \"Цифровое право\" 2023", "Сроки подачи документов в 2023 году - с 19 июня по 25 июля включительно, документы подаются в электронном виде в личном кабинете абитуриента НИУ ВШЭ.", "Для подготовки к собеседованию можно пользоваться рекомендованным списком литературы.", "Существуют специальные возможности для иностранных студентов.", "Набор осуществляется как на бюджетные места, так и на места с оплатой стоимости обучения на договорной основе.", "НовостиПочетная грамота Президента РФПреподаватель магистерской программы «Цифровое право» Виталий Олегович Калятин был награжден почетной грамотой Президента РФЭкспертизапрофессорарепортаж о событиимагистратура22 декабря, 2023 г.Лучший преподаватель цифрового права 2023Преподаватель магистерской программы «Цифровое право» Роман Александрович Крупенин стал лауреатом премии Премии Рунета 2023 в номинации \"Лучший преподаватель цифрового права\"!Экспертизапрофессорарепортаж о событиимагистратура22 декабря, 2023 г.Декан факультета права Вадим Виноградов поздравил студентов с Днем знаний и началом учебного года1 сентября отмечается День знаний, знаменующий начало нового учебного года. В честь праздника к студентам факультета права НИУ ВШЭ обратился декан Вадим Виноградов.Университетская жизньпрофессорастудентыФакультет права1 сентября, 2023 г.Опубликованы списки приглашенных к зачислению на бюджетные места магистратурыНа сайте Приемной комиссии опубликованы списки абитуриентов, приглашенных к зачислению на бюджетные места. Чтобы попасть в приказ о зачислении, необходимо до 18:00 (по месту нахождения кампуса) 10 августа предоставить оригиналы документов об образовании или поставить соответствующую отметку о представлении подлинника в Личном кабинете. Сведения о зачислении будут опубликованы на сайте Приемной комиссии не позднее 15 августа.Поступающиммагистратураприемная кампания 20238 августа, 2023 г.Еще новости", "Другие магистерские программыПубличное право2 годаОчная форма обучения25/10/125 бюджетных мест3 государственные стипендии Правительства РФ для иностранцев10 платных мест1 платное место для иностранцевRUS+ENGОбучение ведется на русском и частично на английском языке"]}